id,summary
tifu-test-00001,"i made a kid cry at a kids' house, and i ended up being called her crying."
tifu-test-00002,"went for a house party, got a handjob, got caught by a handjob and a half of blood."
tifu-test-00003,"my bf and i had sex with my boyfriend, i didn't have sex."
tifu-test-00004,"i used a leak in my tank, and now i have a new one of water."
tifu-test-00005,i ate a lot of the first year's obami and ended up vomiting all over my own house.
tifu-test-00006,"i tried to have a good time with my little brother, ended up getting a shit and a half-year-year old christmas party."
tifu-test-00007,"i locked my house out of the garage, and had to go to work for a week."
tifu-test-00008,i sent a joke about my friend's depression and he's gay.
tifu-test-00009,i'm an idiot and i'm now a little idiot.
tifu-test-00010,"i got a bucket full of a bucket in a cafeteria, everyone saw it, everyone saw me and i'm now known to me."
tifu-test-00011,"i got drunk, broke my virginity, and now i have a new girlfriend."
tifu-test-00012,i'm an idiot who has been working for the last class.
tifu-test-00013,"my friend used my computer to use an essay, i accidentally switched the wrong time out of my college, and now i have to use the blame of it."
tifu-test-00014,"got a lot of muscle pain, got a lot of muscle pain, and got a lot of muscle pain."
tifu-test-00015,i sent a snap to a friend to a friend and he flipped him up.
tifu-test-00016,"i tried to flush my bathroom, ended up with shitty water and shit myself in the process."
tifu-test-00017,i took a shitty shower and ended up with a shitty covered in my vomper.
tifu-test-00018,i am a creep.
tifu-test-00019,"went to work, got caught in a store with a girl in the grocery store."
tifu-test-00020,"i met a girl, she got a condom, and i got a new one night later."
tifu-test-00021,i was a dick and made a big drum of my hand on the way to make a drum of my hand.
tifu-test-00022,i left my grandma's house down and it burned down the house.
tifu-test-00023,"got high, smoked weed, smoked it, smoked it, threw up in the middle of my house."
tifu-test-00024,i got a milk of milk and a milk full of milk.
tifu-test-00025,i got a nipples from my nipples and now i have a nerve to get it out of my nipples.
tifu-test-00026,i forgot to take a picture of a shitty picture of a shitty and accidentally showed it to the wrong person.
tifu-test-00027,"went on a trip trip, got shit in the woods, went to the hospital, shat myself, shat myself and had to shat my pants."
tifu-test-00028,i tried to make a fake game and ended up destroying a bunch of watermel and a bunch of watermel and a million million of watermel and a million million game.
tifu-test-00029,i'm a dumbass who's a friend.
tifu-test-00030,i accidentally left my laptop in the train and it was not a good idea.
tifu-test-00031,"i got a job, got a call from the wrong person, and now i have to pay her a place to get it."
tifu-test-00032,i got a shitty stain on my face and it hurt me.
tifu-test-00033,i thought i was a sales sale and ended up getting a shitty phone.
tifu-test-00034,i accidentally sent a crazy man a domestic assault and got accused of being abused by a police.
tifu-test-00035,"i bought a $500 car that was a good idea to go to the state, and i ended up crashing my car and getting hit by the car."
tifu-test-00036,i went on a hike with a jog-gun and got caught by a police.
tifu-test-00037,i got into a girl i liked to dance with her ex and ended up being kicked out of her and having to get her to work.
tifu-test-00038,i forgot my mom's car and she was too busy to buy her a cinnamon cake.
tifu-test-00039,"i got a blowjob, got a bloody orgasm, and my gf, and my gf, and my girlfriend saw it."
tifu-test-00040,"i got caught by a test, and now i'm going to the wrong place to get my wallet back."
tifu-test-00041,"i got a job from a kid who was taking drugs for a while, and i was too embarrassed to a court."
tifu-test-00042,"i got in the nuts, and my head got a huge spider in the nuts."
tifu-test-00043,"i tried to drive a spider, ended up destroying my grandpa spider."
tifu-test-00044,"i tried to play a ps4 controller, ended up getting hacked by a $4, and then proceeded to play it into my account."
tifu-test-00045,"i told my boss i was going to stay at work, he told him i was late and i told him i was going to stay there. i told him i had a new job break, he told him i had to stay there."
tifu-test-00046,i got engaged in my miancé and she got a new one too drunk and i had to pee in front of her miancé.
tifu-test-00047,"i have a reddit fan, but the whole season i'm an asshole."
tifu-test-00048,i made my girlfriend think i'm a monster monster.
tifu-test-00049,i dropped my phone and it was a broken idiot.
tifu-test-00050,i accidentally left my laptop with a naked laptop and a bunch of years later found out he's been there.
tifu-test-00051,"i accidentally left my cat's cat with a pen-card, and now i have to walk on my own couch to get it back."
tifu-test-00052,i got paid for being a full time and now i'm not paying for the time.
tifu-test-00053,"i didn't know what i had a panic attack, and my friend and i have to skip the school to school."
tifu-test-00054,"i tried to have sex with a virgin man, ended up with a very close relationship and a half-up."
tifu-test-00055,i sneezed on my period and sneezed.
tifu-test-00056,"i was doing a sit-down-in-in-law sex-wating my bedmate, and i had to sleep on my bed."
tifu-test-00057,i accidentally insulted a cup of tea and it was actually my boss who was a cup of people.
tifu-test-00058,"i ate a girl, got too busy, then proceeded to eat it, then proceeded to eat it, then proceeded to eat it all day."
tifu-test-00059,got a snapchat and now my family thinks i'm a pervert
tifu-test-00060,i got a bloody cut in my dick and a bleeding scarred.
tifu-test-00061,"went to the park with my friends, got lost, went to the park, got kicked by a tree, got kicked out of the park and had to talk to me."
tifu-test-00062,"went on a nude, sent a nude photo to my wife, wife and now i'm gay."
tifu-test-00063,i took laxatives to a cookie and got laxatives.
tifu-test-00064,i got a free day at a mendy mendy maddin and a guy who apparently had to order it to the interkonalonalds.
tifu-test-00065,i peed in a bathroom and had to pee all over my pants.
tifu-test-00066,"i went to a meeting with an old german driver, got called to the police station, and got called out of the police and had to explain to the police."
tifu-test-00067,i wrote an essay that my brother had an exam in the middle of my exam.
tifu-test-00068,i was scared to go to work and ended up being chased by a road.
tifu-test-00069,"i was too lazy to my friend who was on the phone, and my friend heard me and i heard my phone."
tifu-test-00070,"i got a hj's dick in the elevator, my gf was in the elevator, and my gf's mom saw me a huge chunk."
tifu-test-00071,"ate applepaste, ate apple instead of apple."
tifu-test-00072,i went to the easter and got my daughter a surprise surprise surprise.
tifu-test-00073,"i played a guitar game with my lady, which turned out to be a guitar game."
tifu-test-00074,"i accidentally stared a man's train, got a dick, and the man was staring at me."
tifu-test-00075,"i tried to get a good time to work, ended up with a broken man."
tifu-test-00076,"went to watch porn, mom caught me, i got caught, and now i'm probably going to talk to me."
tifu-test-00077,"i got drunk and had a blue eder, and i got my nose stuck in the night."
tifu-test-00078,i was running into a park and ran into a girl's head.
tifu-test-00079,i was banned for a power supply supply and got banned for 5 years.
tifu-test-00080,told my mom that i'm a mom.
tifu-test-00081,i dropped a project in front of a meeting with a hand and dropped my hand out.
tifu-test-00082,"i was having a high dose of my meds, and my partner is now in the bath."
tifu-test-00083,"i fucked up by telling my boyfriend i love him, and now i'm fucked up."
tifu-test-00084,"i ate too much, got shat by a hot sauce, and then had to walk on my own house to get it back to my parents."
tifu-test-00085,"i got really hot and passed out of my work, and then i got a shitty."
tifu-test-00086,"i made my grandpa porn in my grandma's closet, and now i have a new girl in the middle of my room."
tifu-test-00087,i flooded a pvc pipe and flooded a water pipe.
tifu-test-00088,"i threw a mattress out of my bed, and the bed was in my room, and i threw it out."
tifu-test-00089,"got drunk, got too drunk, threw up the toilet, threw up the toilet, had to clean up my toilet, got a bottle and washed up my toilet."
tifu-test-00090,i got suspended for a class and got caught in a school with a teacher who had to tell me to be a teacher.
tifu-test-00091,"i left my girlfriends phone at home, she called her a text saying i was being with her, and now i'm in trouble with her."
tifu-test-00092,i went to the bathroom and saw my friend and my pants.
tifu-test-00093,i left my car on the engine and it blew up. i'm not sure if i'm a dumbass.
tifu-test-00094,i accidentally called a book for a book that i thought was vegetarian.
tifu-test-00095,i slept in the middle of my room and didn't realize i was sleeping.
tifu-test-00096,i got high and a kid who i thought i was going to smoke. i was too drunk and i was too drunk.
tifu-test-00097,i ate too much food and ate it.
tifu-test-00098,i played a sarningly and ended up cutting my throat.
tifu-test-00099,"i accidentally clicked my school account and got caught by my school account, and now i'm a dick."
tifu-test-00100,i'm a fat man who is fat and i'm not sure how to do.
tifu-test-00101,i was a gay and made a gay joke about it.
tifu-test-00102,"i got a black black stud, and now i have a black hole on my head."
tifu-test-00103,"i got high and thought i was going to get my house, i was going to the hospital to get my mom, and i got my mom called me to a trash."
tifu-test-00104,"i had a crush on my girlfriend's bed, and i had a crush.  i'm an asshole."
tifu-test-00105,i burned my hand in a microwave and burnt my finger.
tifu-test-00106,got drunk at a bar restaurant and now i'm probably going to get kicked out of the bar.
tifu-test-00107,"i got high and fell asleep in the bathroom with a hot shower, and then got a huge mess."
tifu-test-00108,"went to the toilet, got shitty."
tifu-test-00109,i asked a haircut man if he wanted to look at a hairdresser in a different day.
tifu-test-00110,"ate a barbell, got shit, ate it, then shit myself."
tifu-test-00111,i was vacuuming and my vacuum got caught by my vacuum and my mom saw it.
tifu-test-00112,i set off a fire alarm in my school room and the school was caught.
tifu-test-00113,i threw up the window and the car hit my friend's mouth.
tifu-test-00114,i cut my thumb off a slice of chop.
tifu-test-00115,i got a shitty shirt on my hand and my hands fell off.
tifu-test-00116,i tried to make gravy gravy with gravy soup and ended up throwing it up with my son.
tifu-test-00117,i lost my dog's dog. she was trying to call her. i found it. i found a very close friend. i'm a dumbass.
tifu-test-00118,"i tried to save a game, ended up buying a code and got a lot of nintendo, and now i can't even get it back to my own account."
tifu-test-00119,i went to a gas station and shit myself in the gas station.
tifu-test-00120,i told my friend to show her a picture of art that she was being in school and i’m not even allowed to share it.
tifu-test-00121,i was being a lazy idiot and i got my lunchbox stuck in my mom's car.
tifu-test-00122,i left my roommates in an hour before i was about to leave the room and i'm now in the middle of my roommates.
tifu-test-00123,"i missed the wrong train for the first time, and got lost by a train."
tifu-test-00124,i fucked up by not being able to be pregnant.
tifu-test-00125,i was being a dick and my friend got pissed at me.
tifu-test-00126,"i was too lazy to do a job for a research project, and now i'm too busy to do that."
tifu-test-00127,i'm a fucking idiot and i'm a fucking idiot.
tifu-test-00128,"i was a nazi salute on my school, got suspended for 2 weeks, and got suspended for it."
tifu-test-00129,"i was too lazy to get high, decided to use a salt, and ended up getting a lot of salt in my eyes."
tifu-test-00130,"got fired, got fired, got fired."
tifu-test-00131,i made a weird joke about a paper-wade and made a mess of a paper.
tifu-test-00132,"i forgot to tip a girl, but i forgot to tip her number and she told her to tip me, she told me her number."
tifu-test-00133,i got caught for a shopping store and got caught.
tifu-test-00134,"ate too many fish, ate a lot of fish, got a bad idea, and ended up in the middle of my life."
tifu-test-00135,i was a crush and i met a girl who was trying to hook me up. i told her that she was going to fuck me up. she told me she was a crush and i was talking to me. i'm going to fuck up with her.
tifu-test-00136,i accidentally stalked a black guy in front of a black guy.
tifu-test-00137,i let my dog dog out of his dog. he has a new dog.
tifu-test-00138,"i tried to turn my mom's radio, and she told me to turn off the radio, i almost burned my mom's radio."
tifu-test-00139,"i told a man he was going to teari.  he called him and he told him he was coming to the airport.  i told him he was going to drive me and told him he was ""i am a reference"" in the country."
tifu-test-00140,"i tried to get my friend's hand, ended up breaking her finger and causing a boner to the gym."
tifu-test-00141,i'm a dumbass.
tifu-test-00142,i was cheating on my facebook account and my friends and i accidentally sent them to my email.
tifu-test-00143,i played basketball with a cricket game and got a shitty in my asshole
tifu-test-00144,i accidentally created a lot of dumb shitty and now i am a dick.
tifu-test-00145,i was a dumbass and told my son i was doing the same thing for the past.
tifu-test-00146,"i tried to impress a potholeole, ended up with a small car full of my high school."
tifu-test-00147,i fucked up by not paying attention to a homeless man.
tifu-test-00148,"girlfriend wants me to eat a burrito, she hates me, and i'm not a bit of work."
tifu-test-00149,"i tried to be nice to talk to someone i was driving, ended up being chased by a cop."
tifu-test-00150,i was too busy and my housemate heard me a guy who was cleaning up.
tifu-test-00151,i got into a trip and crashed my head on a quad while trying to save a concussion.
tifu-test-00152,"i left a music in the hall while working on the hall, and left the speakers in the hall."
tifu-test-00153,"ate a bag of sriracha flavoured, it tasted like sriracha, and got bit of it."
tifu-test-00154,i tried to save a coin and ended up breaking my hand.
tifu-test-00155,i fucked up by not knowing how to do and then i was not interested to her.
tifu-test-00156,i tried to save windows 10 and ended up breaking my pc.
tifu-test-00157,i got high and told my teacher i had a presentation in class.
tifu-test-00158,"tried to melt a $50 w8,000 worth of dollars, and a $200 worth of dollars."
tifu-test-00159,i left a hose in the car with my mum and my mum caught it.
tifu-test-00160,i went to a party and got shittyed by a kid.
tifu-test-00161,i was a giant hator and it exploded in the hator.
tifu-test-00162,i am a dick and i'm not sure if he was going to go to a hank with my roommate.
tifu-test-00163,i accidentally called a telemark call for a telemark prank because i thought it was my name.
tifu-test-00164,"i tried to do a family, ended up with a broken fractured spine and fractured my back in the process."
tifu-test-00165,i called a very racist and asked them to help them for a month and they were told them that they were only because of them.
tifu-test-00166,i was dumb and i ate a lobster.
tifu-test-00167,"went to see a car, got hit by a car, car got hit by a car, got hit by a car, and a car got hit by a car."
tifu-test-00168,i found my daughter a dead cat that was dead. i accidentally called him a dead cat.
tifu-test-00169,i asked a hot girl to buy me ice cream instead of it.
tifu-test-00170,i was not interested to have sex with my life and now she's scared of sex.
tifu-test-00171,i went to a big school and ended up getting a big ass.
tifu-test-00172,i went on a date with a date and ended up climbing a wall.
tifu-test-00173,i missed chicken wrap and missed my bus.
tifu-test-00174,"i forgot to check a passport pass, got a new passport, and now i'm going to the airport for a new one month."
tifu-test-00175,i was in a shitty with a friend and i accidentally threw a shit in the face.
tifu-test-00176,i shit my pants in a shitty and it exploded in the garbage.
tifu-test-00177,i got fired by a car and it was a shitty.
tifu-test-00178,"i tried to make coffee, but it exploded all over my hands and the coffee is now the worst thing."
tifu-test-00179,i tried to get my apartment locked out of my apartment and ended up getting kicked out of the apartment.
tifu-test-00180,i got caught cheating and told my teacher that i had a cheater and got caught.
tifu-test-00181,i'm an idiot and i'm not sure who's already in a rush.
tifu-test-00182,i thought i was just a good idea to hear was just a cigarette and ended up getting my dog pissing in my ear.
tifu-test-00183,i was a mother and my mother is not a priest.
tifu-test-00184,"i drank a bottle of water bottle, it exploded in my mouth."
tifu-test-00185,i'm feeling tired and i feel tired about the school.
tifu-test-00186,i pooped my poop in the toilet and it was a good idea to get it out.
tifu-test-00187,"i got food poisoning, and then got caught by a girl, and then had to walk in the face."
tifu-test-00188,"i posted a picture of my private profile on twitter account, and now i'm a stalker."
tifu-test-00189,i accidentally tweeted a girl at work and now i have a new stalker.
tifu-test-00190,i opened a door open door open door open door and slammed a door open door open.
tifu-test-00191,"i got naked, painted my nails, and now i'm a man who thinks i'm a man."
tifu-test-00192,i made a girl cry at my house and my brother got pissed at me.
tifu-test-00193,i ordered an mp33 and returned an ip3 account of an MP player that was supposed to return it.
tifu-test-00194,i paid $10 for a nyscink for a nysc.m.
tifu-test-00195,i didn't check my college because i didn't realize i was in the middle of the semester.
tifu-test-00196,"cat shit on my own house, i got sick, and i shit myself."
tifu-test-00197,i woke up by not having a hangover sleep.
tifu-test-00198,i tried to save my yard to get rid of fire and ended up getting a fire fire.
tifu-test-00199,"i asked a girl to cheer her up, she got a crush."
tifu-test-00200,i called a racist man a racist racist comment and he was too fat to get my head back.
tifu-test-00201,i sent my brother a letter to my neighbor's house. she thought i was going to be a christmas house.
tifu-test-00202,i was a bad person who hit his car and he hit him.
tifu-test-00203,"i had a bladder infection, didn't know what i had a question, and now i'm probably a woman who has a boyfriend who has a bladder."
tifu-test-00204,i asked a kid to be cute but i didn't know if i was.
tifu-test-00205,i used a shitty paper with a customer and got caught on the floor.
tifu-test-00206,i accidentally threw a glass of champagne in front of my wife's arm.
tifu-test-00207,i got a very bad stomach and passed out of my own business.
tifu-test-00208,i shit myself and shit myself.
tifu-test-00209,"i tried to make a pot of french fry, ended up burning my face with a pot of oil."
tifu-test-00210,i made a dumb joke joke about a dumbass and ended up with a dumb ass
tifu-test-00211,i left my keys in my car and got stuck in the rain.
tifu-test-00212,i sharted in my office and now i'm a genius of my pants.
tifu-test-00213,i was a screaming bitch and made a screaming baby cry in the face.
tifu-test-00214,i was too excited to a girl who started talking to me about how to talk to her crush and ended up being a dick.
tifu-test-00215,i made a racoon joke about a racoon and got a racoon.
tifu-test-00216,"i tried to get a phone from my wife's wife, ended up getting him fired by his wife."
tifu-test-00217,"** got a very sleepy dream about a train, woke up in the train, woke up in the middle of the train, woke up in a train, woke up in the train, woke up in front of the morning, woke up in the morning."
tifu-test-00218,"i made a cake with brownies in it, it exploded in the sink, and i'm now the teacher thinks i'm an idiot."
tifu-test-00219,i got a boner and had a huge boner for a week.
tifu-test-00220,i got caught by a job and told my mom i was going to get a job.
tifu-test-00221,"i bought a spray in my car, it sprayed the paint, and now i have to pay for the paint."
tifu-test-00222,i left the freezer door open for the freezer and now i'm an idiot.
tifu-test-00223,i was too loud to hear my boyfriend my mom was over the phone and my mom heard me about it.
tifu-test-00224,"got drunk, got caught by a neighbor, got caught by a cop, got kicked out of my girl, got banged by a black eye, got punched by a black eye, got kicked out of my mom, and was a black eye."
tifu-test-00225,i got a job letter and now i'm not getting a job.
tifu-test-00226,"i locked a door in the bathroom, and now my coworker thinks i'm a pervert."
tifu-test-00227,i got a mouse stuck in my own mouth and it got stuck in the shower.
tifu-test-00228,i got kicked by a bus and punched a little kid in the face.
tifu-test-00229,i got into a new place with my sister and my sister's sister (and now i'm in a relationship with my sister.
tifu-test-00230,i got some chips on my flat and a half-smelled friend in the face of my flatmates.
tifu-test-00231,i got drunk and took a shit stain and a half of my friends house.
tifu-test-00232,i stabbed my boyfriend in the process with my boyfriend and he got stabbed.
tifu-test-00233,"i was asked to have cancer cancer, but i was told a cancer, and i had to tell a cancer to my friend who had cancer cancer."
tifu-test-00234,i tried to kidnar my friend's friend and ended up getting kicked out of the car.
tifu-test-00235,"got a pissy at work, went to work, got a pissy, pissed myself in my pants, got a pissy booty and had to get a piss in my pants."
tifu-test-00236,"got drunk, pissed off by my roommate and sister."
tifu-test-00237,i'm an idiot and i'm not a fucking idiot.
tifu-test-00238,i accidentally sent my wife the wrong pile of my wwies into my own pile of my ww.
tifu-test-00239,i went to a fratat house and ended up breaking a girl and a half-fighting her foot.
tifu-test-00240,"i tried to get my dad in the psychiatric room, and i got stuck in the psychiatric ward for a while i was too long."
tifu-test-00241,i did not want to buy enough money and ended up paying 20 bucks for the rest of the country.
tifu-test-00242,i let my nephew play a little little little little little and she thought i was going to play with her.
tifu-test-00243,"got drunk, went to a tow, got a towaly, pissed off my car, and got a tow."
tifu-test-00244,"i was reading a black man, but the black lady was reading me, i was scared to be a black man, and i accidentally made a black man."
tifu-test-00245,"got bored, got bored, got a job, got caught by a random friend, and now i'm a dumbass"
tifu-test-00246,i got high and my brother almost died in a movie.
tifu-test-00247,i tried to borrow a guy's jacket but he was gay.
tifu-test-00248,i lost my drone on a tree and it exploded in the tree.
tifu-test-00249,"i got a job with my brother, and i ended up being late for it."
tifu-test-00250,i got fired for my job and got fired for a robbery.
tifu-test-00251,i'm a dumbass and i'm a dumbass.
tifu-test-00252,"tried to be nice, ended up with a tent and a half expensive tent in the middle of my tent."
tifu-test-00253,i fucked up by giving my fiance a vibrator and a vibrator.
tifu-test-00254,"i was shaving my balls, i was shaving my balls, and i was shaving out of my balls."
tifu-test-00255,i took a shitty shit and shit myself in a bathroom.
tifu-test-00256,i was late for a long time and missed my train.
tifu-test-00257,"ate a spider, and my mouth is the spider of a spider."
tifu-test-00258,"i wore my retainer in the morning, it didn't notice it was a bit of my retainer."
tifu-test-00259,i peed in a school and peed in front of pee water.
tifu-test-00260,"got a job test, got tested, had to take a job test."
tifu-test-00261,"i was too awkward to a group of people who found out to a group of people, and i ended up getting a new one of the group of the group of the group of the group."
tifu-test-00262,i was a mechanic and i didn't know how to do and put it there in the process.
tifu-test-00263,i'm an idiot and i'm not a smart man.
tifu-test-00264,i bought a new pc card and it blew up my entire computer.
tifu-test-00265,"i got a heavy run, and my pants is soaked."
tifu-test-00266,i got a damn ass in a bar that i was going to be a bar party and got caught by a girl i got the first time to get the show of my head.
tifu-test-00267,i tried to give my girl a birthday present and she ended up being in the process.
tifu-test-00268,i threw shampoo in the floor and broke my hands.
tifu-test-00269,"i pissed in the fridge, and now i have to take a piss in the fridge."
tifu-test-00270,i'm an idiot who doesn't work properly and now i have to wear a little degree.
tifu-test-00271,i tried to get a pole and ended up with a pole and a pole.
tifu-test-00272,**
tifu-test-00273,i tried to update my bank account and ended up sending a fake email to a bank.
tifu-test-00274,i tried to make a magnifying with a magnifying and ended up burning my mom's house.
tifu-test-00275,"i got a ton of honey mustard mustard, and i got the worst thing out of my pocket, and i'm too embarrassed to my boss."
tifu-test-00276,"i was too lazy to do a little joke, which caused me to turn on my body, which caused me to turn out of my body and my body hair."
tifu-test-00277,"i tried to get high, ended up getting high and my girlfriend and i was going to have a hell."
tifu-test-00278,"i got my first wife divorced, and now i'm broke up with a court and a half-law."
tifu-test-00279,i ate too much burpsos and now i'm probably going to eat burrito.
tifu-test-00280,"went to a group of military base, got caught on the base and got arrested for two weeks."
tifu-test-00281,i called a guy a name of his nickname in hispanic class.
tifu-test-00282,"told my girlfriend i'm gay, she's gay, now i'm fucked up by a pervert."
tifu-test-00283,"i let my dog out the stairs, she got stuck in the process, and i'm now stuck on the stairs."
tifu-test-00284,"i ate a lot of soy sauce, and got a shitty, and had to walk home with a guy."
tifu-test-00285,"i tried to help a guy a new phone, ended up with a brandty phone."
tifu-test-00286,"went to the bathroom for a friend's house, accidentally sent a bottle of poison alcohol that was actually fully the way to the hospital."
tifu-test-00287,"i was going to korea to help her with a bottle of korea paper paper, and she broke her ass."
tifu-test-00288,i got a ticket for a cop and got pulled out of school.
tifu-test-00289,"went to a band, saw bandband on my shirt, got a band of semen on my chest."
tifu-test-00290,**
tifu-test-00291,i made my girlfriend cry like a group of karate konging her.
tifu-test-00292,i ate a guy's penis and he didn't like it.
tifu-test-00293,i gave my dog a dog out of my house and she had to wait for a walk home.
tifu-test-00294,i got stuck in the basement and got stuck in a swing tube.
tifu-test-00295,i got into a very sad and called my girlfriend a dick.
tifu-test-00296,i let a rat to a rat that i thought was a rat.
tifu-test-00297,** i bought a new computer that was a free discount and i couldn't afford it.
tifu-test-00298,i was riding over the bike and hit my bike. i was not a smart person.
tifu-test-00299,"i was too lazy to sell my old car, and i decided to move to the new city, and now i have to do a new one place in the process."
tifu-test-00300,"i was too nice to a girl who was interested to be a little girl, but i was too shy to get laid out of the girls."
tifu-test-00301,"i bought a bike for a bike, and the guy who was trying to get it back to me. i ended up being a pervertist and i'm not paying for the rest of the owner."
tifu-test-00302,i accidentally opened a fire alarm in the microwave and the fire alarm went off.
tifu-test-00303,"met a girl, met her ex, she was then met her, then i was in the process, she said she was going to the sea, i said she was a little girl, she's a girl, i'm a little girl, and i'm pretty sure i'm a little girl."
tifu-test-00304,i called a kidnaritan who was kidnapped and called 911 for a while.
tifu-test-00305,i tried to watch porn and ended up with a broken toilet in the bathroom.
tifu-test-00306,"ate too many hot sauce, got shat by a hot sauce, and my asshole is on fire."
tifu-test-00307,i was at a song and my mom found out i was going to the er and now i can't see my mom's password.
tifu-test-00308,"i sent a girl a video to a friend, she got her texted on facebook, and now i'm going to send her the message."
tifu-test-00309,"i took a job that i didn't work to my first day, and i ended up being in a very busy day."
tifu-test-00310,i told my friend i liked her dick to suck her dick
tifu-test-00311,"i tried to save $100 from a bank, it was a good idea to be taken from the base, and it was a good idea."
tifu-test-00312,i was lazy to swing my work while playing golf and ended up swinging a golf shaft.
tifu-test-00313,i accidentally gave a cream of a can of my friend's mouth cream cream.
tifu-test-00314,i slept in class without class and woke up late.
tifu-test-00315,i left a bag of food in my truck while i was driving around the beginning of a truck.
tifu-test-00316,i won't win a spam game.
tifu-test-00317,"i got a shitty, got a shitty, and my finger was covered in my finger."
tifu-test-00318,"asked out a girl i was trying to get a crush, she told her out, i'm too drunk and i'm too sure i'm gay."
tifu-test-00319,i tried to make a lunch but ended up making a nice look at the end of the dinner.
tifu-test-00320,i tried to clean my boss's clothes and ended up ruining her.
tifu-test-00321,"i got drunk, and fucked up by a music."
tifu-test-00322,i got my keys stuck in a public city and my parents are probably going to the cinema.
tifu-test-00323,"i went to the bathroom and my mom saw me a shower, and i fell on the shower, and i broke my hand and broke my forehead on the floor."
tifu-test-00324,i got hit by a train and got hit by a train.
tifu-test-00325,"i got a job interview, and got the job to ask if i was not interested."
tifu-test-00326,"i told a girl that i was doing her number of her number, she was talking to be funny and i was not a pedophile."
tifu-test-00327,"went to school, got wet, got wet in the rain, got wet and wet water."
tifu-test-00328,"i drank too much beer, got really drunk, and shit myself."
tifu-test-00329,i got fired for a job and lost my job and now i'm unemployed.
tifu-test-00330,i got a spider on my sleep and now i have a spider on the mirror.
tifu-test-00331,"got drunk, fell off a bike, crashed my bike, crashed my bike and scratched my bike."
tifu-test-00332,i got a shitty paper in my pants and then i couldn't have to go home.
tifu-test-00333,i lost my keys and had to go to the car to find all the keys.
tifu-test-00334,i got my wristband for the weekend and now i'm stuck in a music festival.
tifu-test-00335,i pissed my wife in the bath with a spider.
tifu-test-00336,i told my friends about how to do a drum band and they were asked to play the band.
tifu-test-00337,"i tried to help a park, ended up with a disabled leg and a half-year-worker."
tifu-test-00338,"i told a girl i liked her, she said she was going to sleep, i said she was going to sleep, we said she said, i said she was going to her, and now she's going to sleep now."
tifu-test-00339,i was masturbating and masturbated my balls.
tifu-test-00340,i got a pisser and then tried to kill myself with my boxers.
tifu-test-00341,"tried to have a baby, ended up being a baby and a baby."
tifu-test-00342,"i posted a prank joke about a prank joke, my grandmother found out it was a prank."
tifu-test-00343,i'm a dumbass who has no idea of my boyfriend's silverers.
tifu-test-00344,**
tifu-test-00345,i was stung by a bee and i'm not a dick.
tifu-test-00346,got a job interview with a random manager and asked for a job interview.
tifu-test-00347,"i was in a bath, i was too lazy to clean my vagina, and i ended up with a hot shower."
tifu-test-00348,"i peed on my pants, and now i have a poop."
tifu-test-00349,"i tried to help a fight with a friend, got stabbed by a knife, and now i have to fight."
tifu-test-00350,i got a hairy and got my junky junk.
tifu-test-00351,i'm an idiot.
tifu-test-00352,"i got a tuna, got really bad, and my mom is pissed at me."
tifu-test-00353,"i stabbed my brother's phone, he got a crack in his pocket, he didn't work."
tifu-test-00354,"i got drunk, and i got my knee stuck in the face."
tifu-test-00355,i'm a stupidass and i'm not paying attention.
tifu-test-00356,"i missed my train on the train, and i missed the train for about 20 minutes of the train."
tifu-test-00357,i pissed on my back and pissed all over my back in the bathroom.
tifu-test-00358,i got an ecampoo and itchy my hair.
tifu-test-00359,"i was forced to print a huge invoice file, but i forgot to print it, and it was a huge deal for 500 dollars, and i got fired for it."
tifu-test-00360,i didn't realize i was doing my professor and ended up failing to miss my course.
tifu-test-00361,i told my friend that i wanted to eat sphetti and he told me to eat sporkhetti for dinner.
tifu-test-00362,i'm not a dumbass.
tifu-test-00363,i gave my sister a dvd box and she left it on it. i threw it up.
tifu-test-00364,i got a bad driver and got pulled over by a speeding driver.
tifu-test-00365,ate gummy bears and ate gummy bears.
tifu-test-00366,i made a pimple on my tinder's face and she had to have to see a pimple.
tifu-test-00367,"told my group to class i had a crush on his class, everyone saw it."
tifu-test-00368,i tried to sneak a bucket and ended up getting locked out of my grandmother's house.
tifu-test-00369,"i was looking for a friend's lab, but i didn't know how to make a note, and now i'm going to talk to her."
tifu-test-00370,i got into a car with a homeless guy and got robbed by a homeless man.
tifu-test-00371,"i spilled coffee in my backpack, which resulted in a very hot cup."
tifu-test-00372,i accidentally gave a customer a customer a customer.
tifu-test-00373,i got my girlfriend a handjob and she got a handjob.
tifu-test-00374,i'm a lazyass who is trying to be funny to clean up my shower in my shower and my hairmate's hair.
tifu-test-00375,i told my girlfriend i'm gay.
tifu-test-00376,i fucked up by telling my mom that i was a mother and now i'm in a bad mood.
tifu-test-00377,"i was too cold, i told my best friend i was cold, i told her i was naked, she told her i was going to have a party with her, i'm now scared to tell her that i'm not a good idea."
tifu-test-00378,"put chicken in my freezer, forgot about it, got it out, and now i have to pay a big chicken ton of chicken legs."
tifu-test-00379,i invited a door to a church and accidentally threw up a door.
tifu-test-00380,"i got mad at a party, and i threw it out of the cat, and got caught by a cat."
tifu-test-00381,i tried to pull my nuts and ended up breaking my nuts.
tifu-test-00382,"ate too much, ate too much, ate a bunch of cinnamon, and ate a few hours later."
tifu-test-00383,i took a picture of my phone and now she thinks i'm a creep.
tifu-test-00384,"got wasted, pissed on my bed, pissed her, pissed all over her bed, and pissed all over her bed."
tifu-test-00385,"i tried to help a pizza with a pizza delivery, ended up getting a full of trouble at the same time."
tifu-test-00386,i got a braced and thought i was wearing braces in front of my mouth.
tifu-test-00387,"** got drunk, lost my money, lost my money, and had to pay for a walk to work."
tifu-test-00388,"tried to be a good grapper grinder grinder, ended up slicing a bottle of pepper grinder, and a half-up knife."
tifu-test-00389,i tried to save the blind forest and ended up ruining my friend's game.
tifu-test-00390,"i got a day off work and lost my friends car, and now i'm stuck in the middle of the local country."
tifu-test-00391,i was on a university room with my underwear and my pants got caught by a naked man who saw me naked and i was probably watching a naked naked.
tifu-test-00392,"i punched a friend in the hospital, he punched him up, and he punched him in the face."
tifu-test-00393,i accidentally threw a napkin in my parents' house and my parents are now in bed.
tifu-test-00394,i got stucked up by a psycholic and got my ass kicked up.
tifu-test-00395,"i sent an email to a police-mail, now i have no idea to do it."
tifu-test-00396,ate a shitty in my pants while trying to eat a shitty.
tifu-test-00397,"i got a shower in the shower, and it got a nasty shower."
tifu-test-00398,"got drunk, went to a girl house with a girl, got drunk, went to sleep with her, and was pissed."
tifu-test-00399,i'm a dumbass and now i'm not living in the semester.
tifu-test-00400,"i bought a lense in my backpack and a small indese bag, and i had to spend the next day in my backpack."
tifu-test-00401,my boyfriend sent me a picture of my sexy ass to my mom.
tifu-test-00402,i told a customer that the customer was going to die.
tifu-test-00403,i sprayed a dandelnard of grass and killed a week of grass.
tifu-test-00404,"i have a tifu, but it was about my girlfriend's vagina."
tifu-test-00405,"i was in a calculator and didn't understand it, and ended up getting a shit out of my calculator."
tifu-test-00406,i failed the last semester because i didn't read a paper.
tifu-test-00407,"tried to pet my new cat, got a new cat instead."
tifu-test-00408,i bought a drug of cbd oil and forgot to go to the psychiatrist. i ended up with a drug drug that i was high.
tifu-test-00409,got mad at my friend and got mad.
tifu-test-00410,i fucked up by showing a video of frenchce and got suspended in the classroom.
tifu-test-00411,i fucked up by telling my class that i was a teacher.
tifu-test-00412,"i tried to have sex with a girl i like, ended up with a douche and a douche."
tifu-test-00413,i left my landlord's car in the driveway and she called the cops to my house.
tifu-test-00414,i puked on my shirt and it was the worst way home.
tifu-test-00415,"i worked at a job after being fired, got my job fired, and now i have to work on my job."
tifu-test-00416,"i got a shitty burrito, and i got caught in the middle of my ass."
tifu-test-00417,i tried to lock a door and locked the door door and had to call the neighbors's neighbor's number.
tifu-test-00418,i invited my girl to the gf's house to have sex with her but she forgot to put it in the ass.
tifu-test-00419,"i got high, thought i was blind, got lost, and was blind."
tifu-test-00420,i got suspended for the principal and got suspended for the principal.
tifu-test-00421,i'm an idiot and i'm not sure what to do.
tifu-test-00422,"i shit my pants, and i shit myself."
tifu-test-00423,"i got fired, got kicked out of the company, and got kicked out of the company."
tifu-test-00424,i got a workout and told my wife i was going to the gym.
tifu-test-00425,i got drunk and pissed my girlfriendfriends face.
tifu-test-00426,"i got sick, smashed my nose, broke my nose, and broke my nose."
tifu-test-00427,"i got a free pass pass, and got caught by a bunch of people."
tifu-test-00428,i shaved my ass with a razor razor razor and ended up with a razor shaving ass.
tifu-test-00429,i made a poster for a short time and my friends think i was going to make a joke about it.
tifu-test-00430,i got a little drunk and choked my throat in the emergency room.
tifu-test-00431,i rolled my window down the window and the window of my car to get it fixed for 3 days.
tifu-test-00432,i'm an idiot and i'm not sure what i'm going to be friends.
tifu-test-00433,i left my house open after a toilet and broke my foot on the floor.
tifu-test-00434,"i got caught by my boyfriend's boyfriend, and now i'm in the basement with a man."
tifu-test-00435,i tried to get a new earbuds and ended up with a huge earbud.
tifu-test-00436,i lied about being a liar and lied to a teacher and lied about it.
tifu-test-00437,i was raped by a rape in my school and my whole school thinks i'm a rape.
tifu-test-00438,i tried to pull my penis and ended up with a gf and a gf.
tifu-test-00439,"i got a new kisser, got a kiss, and got caught by a girl."
tifu-test-00440,i got drunk and texted a girl i like to go to her room with her gf that i thought she was going to be friends.
tifu-test-00441,i got drunk and told a girl that i was going to the office with her friend and she told me she was drunk.
tifu-test-00442,"i was a bad sex game and my dad thought i was a pedophile, got suspended and now i'm a super embarrassed."
tifu-test-00443,"i tried to make fun deodorantantant, ended up making fun of my own deodorant."
tifu-test-00444,i dropped my phone down the fire and it fell in my mouth.
tifu-test-00445,"i took a picture of my boss's bathroom, and then accidentally showed up to the bathroom."
tifu-test-00446,i fell asleep and fell asleep on bed.
tifu-test-00447,i hit my head open a big face and got a shitty tip.
tifu-test-00448,i was in a school class. i was too embarrassed.
tifu-test-00449,i dropped my eye open with a pepper pepper and it exploded.
tifu-test-00450,i cut my stereo cord in the wall and it got stuck.
tifu-test-00451,i got a new girl who was in bed with glitter on my girl and now i have to spend the dryer.
tifu-test-00452,"went to a different sinder, got a surprise, got busted by the rest of the day."
tifu-test-00453,"i masturbated my dick, it exploded on my dick."
tifu-test-00454,"tried to open a switch blade, ended up slicing my hand."
tifu-test-00455,i left a fire fire on a roof and it exploded on it.
tifu-test-00456,i thought my boyfriend was flying home and he was in the air. he was also a little kid and i yelled at him.
tifu-test-00457,i fucked up by installing x ubuntu on my pc and now i'm working for a while she wants to back it.
tifu-test-00458,"i tried to help a tv, ended up setting my a tv and a bunch of spiders."
tifu-test-00459,"played handballball, landed handballball, broke my leg."
tifu-test-00460,"i was too high to get high, got high, got high, and had to call a huge mess to a dary, got high, and had to call the er, and was too embarrassed."
tifu-test-00461,"i got drunk, got drunk, and told my friend i was going to get a new one, i'm not a virgin."
tifu-test-00462,"i was in the middle of indians, i said ""i'm a dumbass"" and i was actually a dick."
tifu-test-00463,i wore socks and got detention for school and got detention.
tifu-test-00464,"i played a game game with my own game, got pissed, and now i'm still a dick."
tifu-test-00465,i'm a closet and i'm now a closet of a closet.
tifu-test-00466,i tried to throw up the garbage bag and ended up throwing up my shit all over the floor.
tifu-test-00467,i got high and sent a picture of my boss a joint to a joint that i was fired.
tifu-test-00468,i was working with my mom.
tifu-test-00469,"i got stabbed by a bender who was in the hospital, i was not able to be able to be able to eat."
tifu-test-00470,"i lost a girl, and now i'm in trouble with a girl i'm not sure she wants to let her know."
tifu-test-00471,"i shot a bullet in my neighbor's house, he was shot with his neighbor."
tifu-test-00472,"i got my first family car, and my family are pissed at me."
tifu-test-00473,i fucked up by going on a cruise with my parents and now i'm on a cruise trip.
tifu-test-00474,i left my mom's room for a year and she's too lazy to clean up.
tifu-test-00475,i accidentally made my dad cry because i was a murderer.
tifu-test-00476,"i got frostbite, got frostbite, and now i have a cold infection."
tifu-test-00477,"** got my friend's mate a drink, he freaked out of his own room and i freaked out of the glass."
tifu-test-00478,i spilled a cup of cheese and got a cup of cheese.
tifu-test-00479,i fucked up by not paying attention to my bank and now i have to pay $400 to a new job.
tifu-test-00480,i accidentally opened my brand new headphones and the sound sound sound like i was playing with my headphones.
tifu-test-00481,i got my car stuck in the middle of the road and now i'm a dumbass
tifu-test-00482,"met with my ex, she got drunk, she left me with me, i'm still a little girl."
tifu-test-00483,i went to school with a backpack and forgot to buy a new one.
tifu-test-00484,i asked my grandpa about how he was going to die for a heart. he asked him to post his death.
tifu-test-00485,"i was a new job, and my boss got a new job, and i accidentally made a new one of work."
tifu-test-00486,i drove a truck on the road to the wrong direction of the road.  i ended up getting hit by a truck and a half-up.
tifu-test-00487,i told my feelings that i love her.
tifu-test-00488,i'm not a smart idiot and can't work to the narnia.
tifu-test-00489,i was in a school and i got a school grade and got a half of paper.
tifu-test-00490,"i got a fucking bug, and now i'm a fucking idiot."
tifu-test-00491,i was alone to a christmas tree and ran away to a stranger's house.
tifu-test-00492,"my boyfriend bought a few years ago, i found out it was a secret car, and now i'm a complete idiot."
tifu-test-00493,i got caught by a spider in my room and broke it.
tifu-test-00494,i rode a hill stick on a hill and got stuck in the er.
tifu-test-00495,"took a shit, took a shitty, took a photo of my friends to the bathroom, took a shit in the back of my friends house."
tifu-test-00496,i tried to get a can of the canen and it's not so i can't find the can.
tifu-test-00497,"i ate a hot pocket, got hot and burned my mouth."
tifu-test-00498,"i got a date, and i got a girl who had a shitty."
tifu-test-00499,i put a gramug in my car and it was actually a drug to put it in the wrong spot.
tifu-test-00500,i tried to open a small girl in front of a small girl in front of a small girl.
tifu-test-00501,i called a video of wiz ha ha ha ha ha ha ha ha ha ha ha ha ha ha ha ha ha there was on the house.
tifu-test-00502,"got drunk, went to pub, saw a shitty, got caught by a pub, got caught by my parents."
tifu-test-00503,"i was drunk, and i got locked out of my room, and i was locked out of the house."
tifu-test-00504,i got high and smoked weed in my hand and now i have a new degree burn in my hand.
tifu-test-00505,"cat got lost, i'm not a good idea."
tifu-test-00506,"i asked a bar to buy a bar to buy a beer, but i was too embarrassed to ask her about it."
tifu-test-00507,i was lazy and i lost my cat.
tifu-test-00508,i tried to fix a key to fix my keyboard and ended up with a bunch of time to fix it.
tifu-test-00509,i got naked and i almost knocked my fiancé off the bed and she was too embarrassed to be the best friend.
tifu-test-00510,i ate a dvd and my girlfriend saw my dick.
tifu-test-00511,i let my wife know she has a zit on my back.
tifu-test-00512,"i got my girlfriend's dog, she pissed off and i'm pissed."
tifu-test-00513,i fucked up by not knowing how to do my own life.
tifu-test-00514,i accidentally sent a letter to the wrong person who was working there.
tifu-test-00515,"i had sex with my girlfriend, and i had sex."
tifu-test-00516,i got a boner and fucked up my ass.
tifu-test-00517,i made a bear bear in my garage and it got a mess full of my garage.
tifu-test-00518,i accidentally sent a picture of a picture that my boss's office manager's office.
tifu-test-00519,i was going to help a mother with a mother and she was not happy to help her.
tifu-test-00520,"i went to work, and my new employee saw me a pair of sweat in the office."
tifu-test-00521,"i was listening to music in the office, and my teacher heard me a song."
tifu-test-00522,"i was shot a rifle in the middle of the road, and my brother had to drive it to the ground.  i got shot in the head and hit her leg."
tifu-test-00523,"went to a hotel, got caught by a waiter."
tifu-test-00524,i tried to get some sleep on my attic and ended up getting stuck on my roof and my dad's family.
tifu-test-00525,i made a bong joke and now my room is on my desk.
tifu-test-00526,"i tried to get a small wood, ended up burning a fence and a small fire and a half of my house."
tifu-test-00527,i made a poop and my nephew used a shitty.
tifu-test-00528,tried to be a good idea of scissors and cut my hand open.
tifu-test-00529,"i tried to make pancakes, ended up making pancakes with my grandmother and my grandmother."
tifu-test-00530,i'm a dumbass who has been taking care of drugs and i have to get a secret breakdown.
tifu-test-00531,i threw away a templict and lost my job because i was working for a holiday.
tifu-test-00532,i tried to brush my ears in the car and ended up with a huge messbrush
tifu-test-00533,i got a cigarette in my eye and now i'm a dumbass
tifu-test-00534,"i was too lazy to ask my crush a girl i liked her username, she found out she was talking to her, and i was going to have a new one time."
tifu-test-00535,i pissed up by not having sex.
tifu-test-00536,i told my girlfriend that i like a man and then proceeded to talk to me.
tifu-test-00537,i was in love with a girl i liked her and i was too excited to see her.
tifu-test-00538,"ate a chocolate, ate chocolate, ate it, got a horrible pill, and ate it."
tifu-test-00539,i ate too much and got too drunk and now i'm not sure i'm a dumbass.
tifu-test-00540,"i got a new girlfriend, got a new mouth stuck in my mouth, and now i have a new new girlfriend."
tifu-test-00541,i'm an idiot and i'm not going to buy a new hard drive.
tifu-test-00542,i accidentally showed a monkey rocker on amazon and it went to a monkeyer.
tifu-test-00543,"i tried to get my chopsticks, fell on the ground, and fell on the floor, fell on the floor, and landed a lot of the floor."
tifu-test-00544,i ran into the door and got my mom called by the door.
tifu-test-00545,"i tried to help a friend out of work, but instead of it was a truck."
tifu-test-00546,"i got high, threw up a redout, got blue, and threw up all over the party, and had to go home with a girl."
tifu-test-00547,"went on a trip to a friend, got lost, went on a way home, got lost by a group of people."
tifu-test-00548,i sent my girl a lab and he didn't have it to send him a note.
tifu-test-00549,"got drunk, went to a bar, got robbed, got robbed by a taxi, had to pay $2,000 dollars to get my phone back home."
tifu-test-00550,i fucked up by being too drunk and flooded the house.
tifu-test-00551,i took my dads and found out i was playing with my dad's dads.
tifu-test-00552,"i accidentally stabbed a bottle of a bottle of a bottle of my hand, and now i'm getting stitches."
tifu-test-00553,"i tried to get a pencil in a school, got caught by a bully and got arrested."
tifu-test-00554,i tried to heat my boots down and ended up burning my kitchen.
tifu-test-00555,"i asked my girlfriend to watch a sci-fi star star, ended up being called a star star, and the author of the author of cancer."
tifu-test-00556,i ate a table and puked all over myself and had to eat a table.
tifu-test-00557,"i tried to help out a space, ended up with a space bar on my computer and a half-time of time."
tifu-test-00558,"took medication, took medication, took medication, took a shit, and was told by police."
tifu-test-00559,"i got drunk, and flooded my house, and had to go to sleep."
tifu-test-00560,i hit my head and hit my head because i was feeling sick.
tifu-test-00561,"went fishing, got stranded on the rock, got stranded, and got stranded."
tifu-test-00562,"i was in the middle of my kidney stone stone, and i'm now in a hospital."
tifu-test-00563,"went to walmart with friends, got shot with guns, cops were there, cops were arrested, cops came back, cops came back, cops were arrested, cops came back, cops were arrested, cops came up, cops were arrested."
tifu-test-00564,"i got a new boyfriend, and i got mad."
tifu-test-00565,"i got drunk, tried to clean a toilet, got a shitty, and got a bloody mess in my friends’s bathroom."
tifu-test-00566,i got a muscle and broke my knee.
tifu-test-00567,i was sitting in park and got stabbing by a tree.
tifu-test-00568,"i ran over a dog, and got my dog hit by a car, and was called by a vet."
tifu-test-00569,i farted on a chair and farted on my house.
tifu-test-00570,i accidentally gave a $50 gift to a chinese driver. i am not a good man.
tifu-test-00571,"lost my keys in the car, got locked out of my apartment, and lost my keys."
tifu-test-00572,"i went to a school, got shit on my dick, and got covered in the sink."
tifu-test-00573,"i got a very bad day off for a burger, and then i am now stuck in the middle of the middle of the most awkward time."
tifu-test-00574,"i was a stupid idiot and made a stupid joke about a librarian, and got suspended by a librarian."
tifu-test-00575,"i got drunk and pissed off by my cousin, and her mom got mad."
tifu-test-00576,"i went to the bathroom, fell asleep, fell asleep, and broke my leg open the toilet."
tifu-test-00577,i got a stupid ass and ran into a trash canada trash can get a good thing.
tifu-test-00578,"i missed the wrong train, missed the train, missed the train, missed the train, missed the train, and missed my train, and missed the train, missed the train, missed the train, and missed the train, missed the next train, and missed my train home."
tifu-test-00579,i went to the gym and got a workout all day.
tifu-test-00580,"i got into a hurry dog, got a huge dog stuck in the process, and had to go to the hospital to get it back home."
tifu-test-00581,"i met a girl, she's probably going to see me, and i'm not a pussy."
tifu-test-00582,"i went to the bathroom and got sick, and i got sick."
tifu-test-00583,i thought i was a pot of weed and got it on my bed.
tifu-test-00584,"i got a new bellyble and my belly ring ring on my penis, she got a new one of my penis and i had to have sex."
tifu-test-00585,drank too much and got a plane to get some beer.
tifu-test-00586,"i'm a dumbass who has been living in the summer, and i feel like a dumbass."
tifu-test-00587,"i went to the doctor to get my bus card, got lost in my pocket and had to pay a $40 to get it back home."
tifu-test-00588,i forgot to buy dog food and it fell in the back of my bike and i had to pay for it.
tifu-test-00589,"i was drunk and told my mother i was going to help her, i was too drunk and i told her i would help her."
tifu-test-00590,i let my cat out of my cat.
tifu-test-00591,my son is a shock and i'm a dumbass.
tifu-test-00592,"i told my ex that she was mad, she got mad and now i'm mad."
tifu-test-00593,"i tried to make a can of salsa pepper, and it exploded my hands."
tifu-test-00594,"i was a dumbass, got it stuck, and it was a bit of my middle finger."
tifu-test-00595,i didn't scan the room and let everyone know that my project manager is a dick (including him)
tifu-test-00596,i accidentally made a paintball in my mom's room and it was a horrible idea.
tifu-test-00597,i got drunk and my dad caught me out of my dad's house.
tifu-test-00598,"i thought i was being a devil, he was actually a pedfork, and he was really really a devil."
tifu-test-00599,"got drunk, punched a car, punched a guy, got a broken mouth, got a broken mouth."
tifu-test-00600,i got a hot dog and it burned my mouth.
tifu-test-00601,"i let a dog out of my house, and they got it back in the back of my house."
tifu-test-00602,"i got drunk, and had sex with my best friend, and my roommate was in the process, i had to stay with her, and she was drunk, i was too embarrassed."
tifu-test-00603,i accidentally texted a friend to my roommate about a hitler on his room.
tifu-test-00604,left a table in the curbv and left it on the curb.
tifu-test-00605,"i ate a bowl for my cat, and now i'm a horrible idiot."
tifu-test-00606,"i made a very bad sconcon with a bacon full of bacon, and now i have to prepare a delicious amount of bacon."
tifu-test-00607,i tried to make a microwave dough and it blew up the microwave.
tifu-test-00608,"i got drunk, and puked in the face with a huge amount of college."
tifu-test-00609,i accidentally japped my dick in my pants and my dad saw me a boner.
tifu-test-00610,i lost my wedding ring and it was missing.
tifu-test-00611,i missed my leg in front of a group of my family.
tifu-test-00612,i told my girlfriend i had a crush overdose and now i'm a terrible joke about how i'm a dumbass.
tifu-test-00613,i tried to cook my house down and almost burned down the house down.
tifu-test-00614,"i got my girlfriend's girlfriend, she got mad, then i went to her house, she got mad and i got kicked out of my girlfriend."
tifu-test-00615,i left my girlfriend's shower in the shower and it was late.
tifu-test-00616,i farted in my gf's face and she laughed at me.
tifu-test-00617,"i told my best friend i liked her, and she's going to have a bad time."
tifu-test-00618,i yelled at a writing contest and told my teacher that i was in a very important day.
tifu-test-00619,i tried to get my first degree from the rain and broke my ass.
tifu-test-00620,i was too lazy to read the book for the first time and now i have to read a job for the last two weeks of work and i'm really fucking with it.
tifu-test-00621,"i put a plastic remote on the lamp, and it got stuck on the lamp, and the lamp was covered."
tifu-test-00622,"i got a new ipy video that was actually my brother, and my brother saw it, and i got a result of porn."
tifu-test-00623,"i forgot to be a new exam, got a shitty, and forgot to call it to the exam, got a cab, got a cab and a half exam."
tifu-test-00624,i got burned by a hanger in the kitchen and burned my skin.
tifu-test-00625,i was sent a teacher a website to a school website which resulted in the school with the school and the principal of the school.
tifu-test-00626,"sent an old man a photo of photos of my old professor, sent them a photo of photos and sent it to a different stranger."
tifu-test-00627,"i put microwave in the microwave, it exploded in the microwave, and now i’melt like a cup of chocolate."
tifu-test-00628,i tried to show a girl a question and ended up being a douchebag.
tifu-test-00629,"i used a free key to help my old pc, i ended up with a free key and now i have to get a free key."
tifu-test-00630,"tried to make a look of a substance, ended up getting shit in the process and covered my face with a lot of shit."
tifu-test-00631,i accidentally made a joke about a nirish joke about a train on a train trip.
tifu-test-00632,i shit my pants with a bangz and then had to shit.
tifu-test-00633,"i left my house door open on the door while working on the door, it was a party, and now my wife is working on the house."
tifu-test-00634,"i hit a football ball with a kid in kindergarten, it was not a good idea."
tifu-test-00635,"i accidentally put a bottle of a bottle in my parents's house, and i accidentally put it in the drawer."
tifu-test-00636,i tried to help a customer and got my finger stuck in my left hand and now i can't use a new one.
tifu-test-00637,i missed the wrong time and missed the flight and missed the flight.
tifu-test-00638,"i wore sunscreencreen on my wrist, now i'm a dumbass."
tifu-test-00639,"i was in a restaurant with a baby, and my uncle had a baby."
tifu-test-00640,"i farted on a gym day, farted my pants, and then i got a girl kicked out of the gym."
tifu-test-00641,"i left my keys in a parking lot of a sub, and the cops took it to the parking lot of the car."
tifu-test-00642,"i tried to take a new mat, ended up being a new one."
tifu-test-00643,i told my mum that i was gay and now i'm gay.
tifu-test-00644,i was thirsty and got a glassy glass
tifu-test-00645,"asked a holocaust at work and said ""hey"" to a holocaust""."
tifu-test-00646,"i was supposed to stay at work, but i was too lazy to take a screwdriver to my new house."
tifu-test-00647,i got caught by reading a book and now i'm probably going to school.
tifu-test-00648,i drank coke and got a bad nose in the office.
tifu-test-00649,i got caught in a family room and my dad found it on the way home.
tifu-test-00650,"i was a bad book and my family thought i was ""stuck"" by ""violry"" by ""violant"" and ""violited"" by accident"" and ""violited"" by my parents' parents."
tifu-test-00651,i cut a golf ball in the lawn and it got a huge hole in the lawn.
tifu-test-00652,"i shaved my pubes in a toilet, which i forgot about it."
tifu-test-00653,i got a scorpion and now i'm in trouble
tifu-test-00654,i got a haircut for a few weeks and got caught by a hairdresser and the guy who was going to be at the end of the day.
tifu-test-00655,i tried to tune my violin and ended up breaking my violin string.
tifu-test-00656,"i got high and a friend and i got burned, and my dick got burned, and my dick was covered in my penis."
tifu-test-00657,threw a dildo with wine and it fell over.
tifu-test-00658,my sister and i played two cards of my life and now i have a heart.
tifu-test-00659,i tried to clean my penis with my penis and it ended up with my penis.
tifu-test-00660,took a cold cold medicine instead of coffee.
tifu-test-00661,i drank a protein shake and got a bad morning in the gym.
tifu-test-00662,"ate hot sauce, got hot sauce, got a shitty, and shit myself."
tifu-test-00663,i was being a good idea and my mom got beaten by my mom.
tifu-test-00664,"i accidentally got fired by a guy who was a star, he was a star."
tifu-test-00665,"i got high, fell off a trail, and i got a shitty."
tifu-test-00666,"i gave a moving dick to my work, and it got a huge dick."
tifu-test-00667,"i went on vacation to go on vacation with my friend, ended up with a plane and a half-kunking."
tifu-test-00668,i sent a $30 service to a customer and ended up paying $300 to a $30++++++++++++++
tifu-test-00669,i got a hand of the hand and the hand was held by a cop service.
tifu-test-00670,"i got drunk, got drunk, pissed off by my brother's girlfriend."
tifu-test-00671,"i went to the shower and saw my gf a glass, i was too fat and i was too embarrassed to get my head and i'm now afraid of my parents."
tifu-test-00672,"i made a joke about a gas filled with my roommate, and i made a smell of shit."
tifu-test-00673,i farted my fiancé and had to wash my fiancé.
tifu-test-00674,"i told my dad that i was black and said ""basketball""."
tifu-test-00675,i tried to get a shitty and ended up with a shitty in my hand.
tifu-test-00676,"ate spicy food, got to work with no hair, got a shitty, and now i have to clean up with a nice mess of my roommates."
tifu-test-00677,"i went on a ride ride with my friend, and she got dizke."
tifu-test-00678,"met a friend on a date, she was not dating, we were not a good idea."
tifu-test-00679,i was a little little sister and my little sister and i decided to get my little sister and i was pissed at me.
tifu-test-00680,"i tried to try and instead of my bf's bf, i ended up with a really awkward."
tifu-test-00681,i'm a fucking idiot and i'm going to college on my mom's computer.
tifu-test-00682,"i was masturbating in on my grandma's house, and my grandma's grandma's grandma's."
tifu-test-00683,"i went to the gym, got a sweat, and now i have to walk home."
tifu-test-00684,"i got super super super super, put all my boxes on the box, and the box fell asleep on my head."
tifu-test-00685,i tried to make pizza and ended up burning my hand
tifu-test-00686,"i tried to make a coiffle ball, ended up with a broken ball and a broken ball."
tifu-test-00687,i made a nudes nudes of nudes to her boyfriend and she got detention.
tifu-test-00688,i went to mcdonald's car and ended up getting chased by a man who was supposed to robonald
tifu-test-00689,i got a blood bleed and ended up bleeding my fingers.
tifu-test-00690,i got a new dico in the middle of my gf in the middle of the morning.
tifu-test-00691,i got drunk and my mom called the cops out of my house.
tifu-test-00692,"i tried to make a girl cry on the stairs, and ended up getting a huge ass on the stairs."
tifu-test-00693,i washed my hands off the washroom and got my hands in the middle of my hands.
tifu-test-00694,"got drunk, got drunk, went to the wrong place, got drunk, got busted, got a $250 on the way home, got a new car, and had to pay $3 times to get home."
tifu-test-00695,"i got a kimchi from a kimchi, missed my flight, missed the train, and had to wait for a kimchichichi."
tifu-test-00696,"i got a blowjob, and my hand got a blowjob."
tifu-test-00697,"i tried to win a friend's tour, ended up with a bunch of friends and a bunch of it."
tifu-test-00698,i accidentally kicked a homeless lady a homeless lady and then i was kicked out of it.
tifu-test-00699,"i was being sent to a prostitute band at a school festival, and got caught by a teacher."
tifu-test-00700,"got drunk, got a pussy, got a shitty, and shitty."
tifu-test-00701,i went to a hospital and ended up in a bottle of pissing in my friend's room.
tifu-test-00702,i forgot my wife's number and ended up getting a call from a book that i was supposed to be a book show about it.
tifu-test-00703,"got drunk, got lost, pissed on my face, got lost, and now i'm a moran."
tifu-test-00704,"i got a shitty, shit myself, and then shit myself in the bathroom."
tifu-test-00705,i sent a picture of my roommate a picture of a penis to my roommate and my roommate.
tifu-test-00706,"went to play with a girl, she got mad, she left me home and i'm still a bit of town."
tifu-test-00707,"i went to sleep, saw my iphone, she was asleep, i was asleep, and i ended up being naked."
tifu-test-00708,i got caught with condoms in my desk and now i have to go to school with my desk.
tifu-test-00709,i got a seizure and a seizure and a guy who has a seizure and i had to go to school.
tifu-test-00710,i tried to make a flaming pot and it ended up burning my house with my dog.
tifu-test-00711,i wrote a very important manager of work on the department and got a written about it.
tifu-test-00712,"i tried to impress a girl by taking a boot, ended up getting stuck in a mud and a man in the process."
tifu-test-00713,"went on a road, got lost by a road, got lost by a ditch, got lost by a road, got lost by a ditch, and lost my chances."
tifu-test-00714,"i told my sister i like her sister, she had a crush and now i have a woman."
tifu-test-00715,"i tried to help a password, got a password, and got a password."
tifu-test-00716,"i tried to take a shower in the shower, ended up breaking my front door open and breaking my glass on the shower."
tifu-test-00717,"i got a blowjob, got a blowjob, got fucked up by a prostitute, and now i have to pay $500 for a while."
tifu-test-00718,i lost my laptop on my laptop and it crashed my laptop.
tifu-test-00719,i got drunk and pissed up the water heater.
tifu-test-00720,i gave a girl my number to a business and he got mad.
tifu-test-00721,"i was thirsty, got a bottle of saline in my eye, and now i'm probably dying."
tifu-test-00722,"went to west west hill, got hit by a hillboarding, got hit by a hill."
tifu-test-00723,**
tifu-test-00724,"i got a crush's flight, got a second date, and had to walk home to the wrong airport, got a girl called the wrong girl i had to get home."
tifu-test-00725,"i was on the ironing, forgot to use the iron, and ended up with a half of my penis."
tifu-test-00726,i accidentally made a joke about my mom's mom who was dead.
tifu-test-00727,"i took my daughter a poo on my bed, she left her room and now i have a new one of her room."
tifu-test-00728,i asked a professor to teach her professor and she ended up making a joke about how i thought was a gugginger.
tifu-test-00729,i'm an idiot and my only one of the men's life.
tifu-test-00730,i asked my date to go to homecoming to home. she got tickets for the day before i got tickets.
tifu-test-00731,"i got a new nose of a girl's car, and i ended up being a man's nose."
tifu-test-00732,i broke glass glass and broke glass glass.
tifu-test-00733,i'm a bully and i'm not sure how to do it.
tifu-test-00734,pissi is a good idea of pepsi.
tifu-test-00735,"i asked my friend to prom, she said i was going to prom with her, i said no one, and i said her i was going to prom to her."
tifu-test-00736,"i gave a homeless man a homeless man some homeless man, he was homeless and gave him his dog some kind of his stuff."
tifu-test-00737,"i didn't read my history assignment, and now i have to do an assignment."
tifu-test-00738,i'm a dumbass who has a friend who has recently met.
tifu-test-00739,i told my kids that i was talking about a couple of their kids.
tifu-test-00740,"i tried to help a customer fix on our carpet, ended up getting kicked out of $100,000 dollars,000 dollars and a $100 inch of $100,000 on the process."
tifu-test-00741,i got caught for a folder that my parents were in a folder for the rest of porn and my parents are in trouble.
tifu-test-00742,"i got a blood from a blood drive, and i ended up getting a shitty from the ground."
tifu-test-00743,"i got cocky, broke my glasses, and now i'm working on a project."
tifu-test-00744,i accidentally made a baby of spiders bottle of a water bottle of a water bottle of a water bottle of a bunch of babies.
tifu-test-00745,"went to a friend's house, got caught by a cop, got arrested by cops, got arrested by police, got arrested by cops, got arrested by cops, got arrested by police, and got arrested for a cop."
tifu-test-00746,i was playing with a friend and i accidentally threw a black dart into my garage and got my friends locked in the garage.
tifu-test-00747,"i had an infection, got a massive infection, and my dad had to wait for it, and i had to wait for it."
tifu-test-00748,"i was in a kid’s kid who was walking around, i was forced to be a teacher, and i got kicked out of the back of the back of my students."
tifu-test-00749,i went to a doctor and got a shitty.
tifu-test-00750,i was supposed to clean up with a customer at work yesterday.
tifu-test-00751,"got really high, got really drunk, got really drunk, and went to a party with a friend."
tifu-test-00752,i told a joke about a joke about a friend and he didn't like it.
tifu-test-00753,"i was too lazy to a friend who was going to school with my sister, and now i'm a school friend."
tifu-test-00754,i got drunk and told my friend i was a prostitute.
tifu-test-00755,my mum and i accidentally made my mum a new ex and my mum thinks i'm a dick.
tifu-test-00756,"i tried to play a band, ended up getting my ankle kicked out of the stairs, and i'm now stuck on the stairs."
tifu-test-00757,"i made a water balloon, and the bathroom exploded, and the bathroom fell in the sink, and i got a huge hole."
tifu-test-00758,i threw laundry bag in trash basket and threw them in laundry.
tifu-test-00759,** i fucked up by accidentally giving my girlfriend a gift for a week.
tifu-test-00760,i sent a text to a lawyer that my ex-worker is in town and now i'm in trouble with a lawyer.
tifu-test-00761,i wore a dress on a shop and now i have a red bra on the shop.
tifu-test-00762,"met a guy on facebook, he was interested to be a guy, but i accidentally showed up with him a chance to a friend who was interested to be a friend."
tifu-test-00763,"i'm not going to eat weight and eat a lot of kale, and i don't like the kind of the way."
tifu-test-00764,i ate too much and now i'm a dumbass.
tifu-test-00765,i got suspended and told my ipod to my ipod.
tifu-test-00766,"i put a hot pill on my skin, and it burned my skin."
tifu-test-00767,i got drunk and made a girl cry.
tifu-test-00768,i sprayed an air cleaner and sprayed it on the mirror.
tifu-test-00769,i sent a co-worker a co-worker joke to a co-worker and she was sent to my office.
tifu-test-00770,"i got a broken wound up my finger, and my husband had a surgery."
tifu-test-00771,i was sitting to a family house and was told my mom about it.
tifu-test-00772,i was a bad man who wanted to cut my hair cut off.
tifu-test-00773,i wrote my sister an essay and now i'm not sure i'm a dick.
tifu-test-00774,i accidentally ate ants on my grandparents's bed and now my grandparents are eating a lollipop.
tifu-test-00775,i got hung up on my girlfriend's face and now i have to walk to her house.
tifu-test-00776,"i left my door open, and my roommate got stuck in, and i had to wait for dinner."
tifu-test-00777,i burned a bowl with a bowl of dirt and burned my hand with a huge bowl.
tifu-test-00778,i was being an idiot and made a joke about a couple of fries fries and a couple of fries.
tifu-test-00779,i got a nappies and asked for nddies to get my money back.
tifu-test-00780,i got a new crush and my gf was sleeping.
tifu-test-00781,"i was adopted to a religious friend, who was adopted and i told her that i was adopted. i was adopted and i'm a dumbass."
tifu-test-00782,i have to sit in my mom's bathroom and now i have to sit in the bathroom.
tifu-test-00783,i got a smick and a spiky condom stuck in my pants.
tifu-test-00784,"i tried to do a nice thing, ended up breaking a clogging shit in the same room and the boiler."
tifu-test-00785,"i spent $15 hours on my car, and i ended up getting kicked out of my car."
tifu-test-00786,i got a date with my mom and my mom and my girlfriend is pissed at me.
tifu-test-00787,"i threw a cat in the middle of a cat, and it was a cat."
tifu-test-00788,i failed my exams because i was a stupid idiot and now i'm a stupid idiot.
tifu-test-00789,"i tried to pass my wife's ass, and then i got a full full of the fridge."
tifu-test-00790,"i tried to save a baby by accident, ended up making a shitty."
tifu-test-00791,"i tried to make a steaks, ended up setting my wife's house on the microwave."
tifu-test-00792,i stabbed a steak in the middle of my hand while trying to be stabbing by a tree.
tifu-test-00793,i gave a guy a piece of a co-worker and he has to walk away.
tifu-test-00794,i accidentally made a baby a baby and a baby was not a baby.
tifu-test-00795,i'm a dumbass who has never met.
tifu-test-00796,i burned a fire on fire and it blew up.
tifu-test-00797,"i left a box of furniture in my wife's box, it was a little too small, and i got a concussion."
tifu-test-00798,i took a very laxative that took too much of my blood and took a very much dose of my stomach and took a very dose of loper.
tifu-test-00799,i tried to help a friend with a friend's friend's help and ended up with a shovel.
tifu-test-00800,"i was going to my best friend's birthday, and i lost my tons of drugs."
tifu-test-00801,i got high and fell asleep in the hallway.
tifu-test-00802,i tried to peel my living roommate's wall and now i'm a fucking idiot.
tifu-test-00803,**
tifu-test-00804,"i tried to help my boyfriend, she got a shitty, and i almost got the cops called the cops and the cops called the cops to the police."
tifu-test-00805,"i got a fuck up by ants in a tree of ants, and my mom thought i was going to take a walk to the er."
tifu-test-00806,"i had a horny sex with my neighbors, and my neighbors saw me and i'm now going to look at me."
tifu-test-00807,"i got a bad high school grade, and i accidentally flipped my car door open a car door."
tifu-test-00808,i texted a girl name saying i was a girl who was texting me.
tifu-test-00809,"i went to a roommate, ended up with a huge mormon on the floor."
tifu-test-00810,i accidentally spilled a dish in my kitchen and my mom's parents are pissed.
tifu-test-00811,i borrowed a computer charger in the hallway and it was a dick.
tifu-test-00812,i got drunk and tried to buy a flask of whiskey and it was a water bottle.
tifu-test-00813,i got arrested by a gun at school and got arrested for it.
tifu-test-00814,"i got really hot, and i ended up with a super pair of my shoes."
tifu-test-00815,i tried to kill bugs and ended up with a bugde
tifu-test-00816,"i took a piss, took a piss, and got caught in the bathroom, and got caught in the bathroom."
tifu-test-00817,i went to college and got my way to college. i ended up getting my ass kicked out of a gate and a guy who was looking for it.
tifu-test-00818,"i got in a fight, and now i'm going to die for a while."
tifu-test-00819,"i tried to fix my parents' koi by accident, and ended up locking them in the process."
tifu-test-00820,i got an early college and didn't realize i was in the middle of college.  i got a shit out of college and now i have to study for 2 weeks.
tifu-test-00821,i wore a nice shirt and thought i was wearing a nice shirt.
tifu-test-00822,"i killed a spider, and now i have a spider."
tifu-test-00823,"i was a dumbassie, got a sharpie, and got a headache."
tifu-test-00824,**
tifu-test-00825,"i met a guy who was a boyfriend, he was dating me, and now i'm a pervert."
tifu-test-00826,"i am a stupid joke, and i am not a joke."
tifu-test-00827,i was in love with a girl i liked and now i have no idea about it.
tifu-test-00828,i ate up with my girlfriend and she got a cheater on her way home.
tifu-test-00829,i got a toothpick stuck in my toe and it hurt my toe.
tifu-test-00830,i left a lot of water on my babies and now my baby is full of them.
tifu-test-00831,i accidentally yelled at a delivery guy who was eating a rice for the delivery of chinese food.
tifu-test-00832,"i ate a pizza and got high, and had to call a pizza."
tifu-test-00833,i was being a bad house and i tried to get a picture of my house to get my house back. i ended up getting a picture of my neighbor and i had to go to my house to get it back to my house.
tifu-test-00834,i'm an idiot who doesn't know how to do.
tifu-test-00835,i tried to get some nice stuff for my life and ended up being a nice idea by being a nice idea.
tifu-test-00836,i slept in on my room and my mother saw me naked.
tifu-test-00837,"got drunk, paid $100,000$ off $300 in a stripclub."
tifu-test-00838,i had a shower with a shower and a shower door open in the bathroom.
tifu-test-00839,i got an assignment for the first time i had to do and my assignment for a year and a half of course i have to present them.
tifu-test-00840,"ate a full bowl of milk, puked everywhere, and had to clean it up."
tifu-test-00841,"got caught smoking in my friends car, got caught by cops"
tifu-test-00842,i bought a cheap thing that was delivered for my neighbors.
tifu-test-00843,"i was too lazy to buy a shopping game, got home poisoning, and drove home to the mall, got home poisoning by a creepy girl who tried to get home."
tifu-test-00844,"went out with a girl, got busted, got caught, now i'm probably looking for a relationship."
tifu-test-00845,i'm a dumbass.
tifu-test-00846,"i had diarrhea, puked on my couch, and had to clean up the couch."
tifu-test-00847,i was too lazy to make a friend cry for a year and i was too busy to make a new one of my love.
tifu-test-00848,told my co-worker his co-worker to a foreign word. he yelled at him and now i'm a very embarrassed.
tifu-test-00849,"i tried to help a friend with a car, and ended up getting stuck in the car."
tifu-test-00850,i got two tickets for two tickets and paid for it.
tifu-test-00851,**
tifu-test-00852,i'm a card of amazon and i'm not sure what to do.
tifu-test-00853,i bought a light light light at my parents' car and it was a broken light light.
tifu-test-00854,i had sex with a co-worker and i didn't have sex.
tifu-test-00855,i was wearing a fake shit in a play theater and got a fake statrix show up my own boatrix
tifu-test-00856,i was eating chips and picked a cockroach.
tifu-test-00857,i lost a bet in a bet and told a guy i was gay.
tifu-test-00858,i wrote a homework for my teacher and now i'm fucked up by not knowing what i'm a teacher.
tifu-test-00859,i'm an idiot who's gay.
tifu-test-00860,"i asked a pizza to work, asked for pizza instead."
tifu-test-00861,"i was deaf deaf and deaf deaf deaf, and i'm deaf deaf deaf."
tifu-test-00862,"i got stranded, missed a train, and got stranded in a hotel."
tifu-test-00863,i tried to move my car and ended up breaking my car and a car.
tifu-test-00864,i fucked up by not knowing how to do a stalker.
tifu-test-00865,i hit my friends friends friends in balls and they got beat up.
tifu-test-00866,asked a unicy lady if she could have a job.
tifu-test-00867,"i tried to cancel a diesel pump, ended up costing $500 for a few bucks."
tifu-test-00868,"i got drunk, and told my best friend i was going to fuck up."
tifu-test-00869,i accidentally texted a girl who was a bot.
tifu-test-00870,"got high, got high, went to hospital, got high, got a shitty, got caught by police, got a vape, and a police car."
tifu-test-00871,"ate too much food, got sick, vomited, vomited all over my house, and then proceeded to eat a new one night."
tifu-test-00872,i got a pierced nose piercing and got a pretty bad nose stuck in my nose.
tifu-test-00873,"i got a virgin girl, and she told my girlfriend i was going to have sex with her."
tifu-test-00874,"i was going to talk to a tifu post, but i was too nervous to be a girl."
tifu-test-00875,i tried to pee on my penis and ended up peeing off my penis and having to pee my penis.
tifu-test-00876,"i tried to get my daughter's diait, ended up with a little little little little girl."
tifu-test-00877,"i tried to catch a football game, and got a huge finger stuck in the head."
tifu-test-00878,i'm going to church.
tifu-test-00879,"i got a crush, and i got my friend's number of me, and i'm not a result."
tifu-test-00880,"got drunk, told a customer that i was a dealer, she has to deal with me."
tifu-test-00881,i got sent to a school that i was wearing a shirt on my shirt and sent it to a school.
tifu-test-00882,"met a girl, got married, she said she was cheating, now i'm in a relationship with a divorce."
tifu-test-00883,"i got in a hospital, and my professor found out i was in a hospital. i'm not a smart man."
tifu-test-00884,i was reading a porn site at work and now i'm probably a pervert
tifu-test-00885,i was a butt plug and my boyfriend found it in the process. i was told it was a butt. i had to remove it out.
tifu-test-00886,i tried to hide my little sister and he ended up breaking his bed.
tifu-test-00887,my son and i played video games with my son.
tifu-test-00888,i ate a ghost pepper and got a bad stomach stoned by a ghost.
tifu-test-00889,"i got drunk, pissed on a piss, and had to wait for a piss in a piss."
tifu-test-00890,"i was throwing a surprise party for a surprise party, and i didn't know how to be the surprise party."
tifu-test-00891,i got my prostate stuck in my ass and my ex-boyfriend got stuck in the ass and i had to get it out of my ass.
tifu-test-00892,i sent a girl a crush to talk to her and she said i was alone.
tifu-test-00893,i accidentally gave my wife a breast.
tifu-test-00894,"i tried to kill a duck, ended up being attacked by a duck."
tifu-test-00895,i was too lazy to apply a job for a year and i was unable to apply it.
tifu-test-00896,i ate some cookies from my girlfriend's parents' house and now i feel like a drug.
tifu-test-00897,"i left a fire on fire, got a firefire, and my gf's friend's house is pissed."
tifu-test-00898,"i was a blackass, and i made a black man cry."
tifu-test-00899,i got a crush on a church and ran out of a church.
tifu-test-00900,i'm not a dumbass and i'm not able to get my medication for a year.
tifu-test-00901,i accidentally set up a fermentator and accidentally set up a meeting with a fermentation.
tifu-test-00902,"i was in the car, i was supposed to be a shitty party, and i got a shitty."
tifu-test-00903,i disowned my name and now i'm disowned by my parents.
tifu-test-00904,"i told my dad i'm gay, i'm gay, i'm gay."
tifu-test-00905,"i tried to shower my girlfriend's shower, but instead i had a shower in the shower."
tifu-test-00906,pissed my so's so's so's not sure what to do.
tifu-test-00907,i ate a piece of my teeth and it was a bit of my tooth.
tifu-test-00908,"got stoned, got stoned, got a face of doughnut, got pulled out of the face."
tifu-test-00909,**
tifu-test-00910,"i sent a teacher a ""hi"" to the computer about how i was doing for it."
tifu-test-00911,"i uploaded a school project with my school, and now i have a heart attack."
tifu-test-00912,"i gave my gf a picture of aids to my gf, he got mad."
tifu-test-00913,i'm too lazy to visit my family and i'm leaving a trip with fire and my family
tifu-test-00914,i hit my girlfriendfriends tooth on the face and she had to pay her a new one.  she got a new dent.
tifu-test-00915,i was forced to pull a group of my work on a group that i was supposed to move out of my friends and ended up making a new one and a half friend who is not getting me fired out of me.
tifu-test-00916,i tried to be nice and ended up breaking my mouth and breaking my mouth.
tifu-test-00917,"went camping with a bomb, got arrested by a bomb, got arrested by a bomb, got arrested for a bomb, got arrested by a bomb, and had to go back home."
tifu-test-00918,i made a baby cry hat at 1:00 in front of a class and a half-year-old girlfriends moms
tifu-test-00919,i made a nice joke about being a nice mush and made a joke about myself in front of a crowded face.
tifu-test-00920,i accidentally killed a dog because of a dog.
tifu-test-00921,"asked a girl out of chinese, asked her out, she had a nice idea of it, and i ended up making her look like a dick."
tifu-test-00922,i tried to hold a bow and ended up tearing my head.
tifu-test-00923,i got a date with a date and she fucked up.
tifu-test-00924,got drunk and pissed up by my girlfriend.
tifu-test-00925,"i tried to show my leg a piece of nowhere, ended up shaving my leg and having to shave my leg on my leg."
tifu-test-00926,"i got high and put my hand in the microwave, got a bloody nose on my hand, and got a bloody nose."
tifu-test-00927,i went to the wrong class and my whole class was too high and i was too high to take the wrong class to the wrong class.
tifu-test-00928,i was in the bathroom with my gf's dad's father.
tifu-test-00929,i left my teacher in the hospital because i was too late.
tifu-test-00930,i was going to play a joke about a joke about a joke about a joke and ended up making a joke about it.
tifu-test-00931,i took medication from my parents's meds and now i have no medication.
tifu-test-00932,"went on a date with a girl, got caught by a girl, got her phone, and now i'm going to work."
tifu-test-00933,"i tried to kill my macbook, ended up setting it to my room, and then i had to sit in the wrong room with a new one of my desk."
tifu-test-00934,"got sick, got musted, got mumps, had to be vaccinated for a week."
tifu-test-00935,i changed the wrong part of my aunt on a tv show because i was a sick person.
tifu-test-00936,**
tifu-test-00937,"i was too lazy to do some work, and i ended up paying for a week of my classes and now i have to pay for a week to pay for the rest of my classes."
tifu-test-00938,i got a haircut cut off my head and now my dad is angry.
tifu-test-00939,"i put my ass in my ass, got caught by a doctor, and had to wait for it."
tifu-test-00940,"i got fired, got laid off by a guy who was trying to be a dick, and now i'm a dick."
tifu-test-00941,i have been working with a girl who was working on her ex and now she thinks i'm a friend.
tifu-test-00942,i thought i was pregnant and it was a good idea.
tifu-test-00943,"i fucked up by pouring salt on my friend's phone and she told me to pay $50,000 to fix it."
tifu-test-00944,"i went to a public bathroom and got a shitty out of my manager, and i had to walk in the middle of the night."
tifu-test-00945,i went to a barhop shop and ended up cutting my hair open to a haircut shop.
tifu-test-00946,i shaved my beard and now i have to shave my balls and have to shave my balls.
tifu-test-00947,i was a fucking idiot and i'm a fucking idiot.
tifu-test-00948,"i got a date with a girl, he told me i was cheating, and now i'm in trouble with a horrible guy."
tifu-test-00949,i'm a dumbass.
tifu-test-00950,"i tried to clean up my bathroom, ended up with a wet wet wet wet and a half-piss."
tifu-test-00951,i gave my wife a co-worker a shirt and she got it back.
tifu-test-00952,"got drunk, took a prostitute, took a prostitute, took her to the wrong apartment, and had to pay $400 to get her back to a new apartment."
tifu-test-00953,i made a movie cry and made a movie cry.
tifu-test-00954,i was too lazy to talk with my lady and now i'm too busy with the whole school.
tifu-test-00955,i'm a fan of anime.
tifu-test-00956,i farted in my own house and had to clean my ass with a fart.
tifu-test-00957,i got into a family office and my mom is now in the hospital. i'm now in trouble with a new girl.
tifu-test-00958,"i tried to get super glue on my shoes, and ended up with a super glue."
tifu-test-00959,i spit on the window and spit it out of my head.
tifu-test-00960,"i tried to hold my wrist, tried to help my wrist, ended up breaking my wrist and got stuck in the middle of my head."
tifu-test-00961,"i had sex with a girl, ripped her dick."
tifu-test-00962,"i was too lazy to get a job, and i farted out of my new job."
tifu-test-00963,i got drunk and pissed in my apartment.
tifu-test-00964,i accidentally gave myself a ice cream of ice cream and it was the same thing.
tifu-test-00965,i called two cats to my place and got a shitty at my place.
tifu-test-00966,"i was having a friend, i was not a female friend, and i was not talking to me about it."
tifu-test-00967,"i got drunk, and then went to a bar to chinese bar, got caught by a girl, she said i was going to be there."
tifu-test-00968,i was walking through a street walk and got scared by a white neighbor.
tifu-test-00969,i was lazy to pick up a grass and got a huge cut on my thumb.
tifu-test-00970,i'm a fucking idiot.
tifu-test-00971,i bought a massage card for my mom and she was too busy to buy a massage card.
tifu-test-00972,i was going to school and got caught by a cop.
tifu-test-00973,i pranked my co-worker by pretending to prank his pants. he got mad at him and i thought it was my co-worker.
tifu-test-00974,i pooped in the bathroom with my genitals.
tifu-test-00975,i fucked up by sending someone a girl a crush and now i feel like a girl i love with her.
tifu-test-00976,i accidentally made a stupid joke about a computer that i thought it was a joke about a computer and got fired.
tifu-test-00977,"i tried to get a boner, but instead i was too big to get it back.  i broke my nuts and i was too high."
tifu-test-00978,i accidentally created a message about a driver and the result of a car that was a big deal of people.
tifu-test-00979,i got high and jumped on a surf surf and got stuck in the beach.
tifu-test-00980,"i told my feelings about a girl i had a crush on the internet, he told me he was too young, and i told him it was a romantic person that he was a romantic."
tifu-test-00981,i was having sex with my boyfriend and i had sex with my boyfriend.
tifu-test-00982,i got a tattoo on my chest and now my chest is a tattoo.
tifu-test-00983,"i got a bathache from my head, got a cold bath, and now i'm afraid of my hair."
tifu-test-00984,i told my kid that his son was a dick.
tifu-test-00985,"i fucked up by not paying attention to the road, and ended up getting a nose in the middle of the road."
tifu-test-00986,i cut a spider in my bed and got a spider in my bed.
tifu-test-00987,i got high and played a speakers that i thought was a speaker speaker and got a radio speaker.
tifu-test-00988,i was looking for a police to be a police and i ended up being called a gun.
tifu-test-00989,i tried to find out the math and ended up getting the most important test.
tifu-test-00990,"got drunk, went to hospital, got arrested for the rest of the police test, got arrested for the next few days."
tifu-test-00991,"i got a date, got a date, she told me she was cheating, i told her i was going to die, she said she was a boyfriend, she told me she was a boyfriend, she told me she was cheating, i'm now she wants to go to her."
tifu-test-00992,"tried to get a bath, ended up with my phone, and now i have to pay a new phone in the process."
tifu-test-00993,i saw a cute girl out and she thought i was a creep creepy and now she thinks i'm a creep creep.
tifu-test-00994,"i tried to make a joke with my ex friend, ended up getting kicked out of the class and now i'm a fucking idiot."
tifu-test-00995,"i tried to hold a small sized penis with my pants, and my dad had to use the condom."
tifu-test-00996,**
tifu-test-00997,"went to a park, got lost in the rain, almost got lost by a tree."
tifu-test-00998,i made a joke about her cousin's dead friend's death.
tifu-test-00999,i bought $100 on a cable tour and was almost $300 for a $ dollar dollar.
tifu-test-01000,i went to the bathroom and accidentally destroyed a disabled woman's disabled bathroom.
tifu-test-01001,"i told my friend that i was a slave and then i said ""i'm a slave"""
tifu-test-01002,"i was drunk and flooded my house, and my sister got soaked in the shower."
tifu-test-01003,"ate indian food, ate a shit, got the shit out of the next day."
tifu-test-01004,"i tried to help a new man to get it out, ended up ruining my car and a half-year-old man."
tifu-test-01005,i fell asleep in raleigh and fell asleep in the middle of my mom's house.
tifu-test-01006,"i sharted in a can of dirty pringles, and got shat in the shower."
tifu-test-01007,"went swimming, tripped, tripped, broke my head, and now have to go to the hospital."
tifu-test-01008,"i bought $300 worth of $400 worth of $400 worth of my car, and now i have to pay $500 for $400 to get a new one."
tifu-test-01009,i told my kid that she was helping her a santa gift for the last time and she is now a half-time of santa and i'm not sure what she wants to know what they are.
tifu-test-01010,i went to the bathroom and ended up being a pedo
tifu-test-01011,i was awake and woke up to the wrong roommate's boyfriend.
tifu-test-01012,i went to the bathroom and got locked out of my cell.
tifu-test-01013,i'm a dumbass and now i'm going to reddit with reddit and my boss's work today.
tifu-test-01014,i was a lazyass and my dog thought i was going to take a walk home.
tifu-test-01015,i cut my thumb open mandoline's dinner and now i have a new job.
tifu-test-01016,i was being a cold kid and i got a cold foot in my foot. i'm now in pain.
tifu-test-01017,i accidentally threw a shitty of a dryer that was probably my underwear.
tifu-test-01018,i made a lobster joke about lobsters and my friend and i'm a dick.
tifu-test-01019,i opened a candy store and forgot to open it at work.  i didn't open the store and it was a lot of time before i was late.
tifu-test-01020,i bought a car car and it fell off.
tifu-test-01021,i got drunk and told my friend that he was going to be cool and i got into a cop that was actually my friend's house.
tifu-test-01022,"i tried to kill a bug, ended up setting a bunch of grass and a bunch of fire."
tifu-test-01023,"got drunk, slept in the middle of a hostel, got kicked out of the night, had to pay for a night to get back to the hostel, got kicked out of my place, and slept out of a room of a room."
tifu-test-01024, blah blah blah blah blah blah blah blah blah blah blah blah blah blah blah blah blah blah blah blah blah blah blah blah blah blah blah blah blah blah blah blah blah blah blah blah blah blah blah blah blah blah blah blah blah blah blah blah blah blah blah blah blah blah blah blah blah blah blah blah blah blah blah blah blah blah blah blah blah blah blah blah blah blah blah blah blah blah blah blah blah blah blah blah blah blah blah blah blah blah blah blah blah blah blah blah blah blah blah blah blah blah blah blah blah blah blah blah blah blah blah blah blah blah blah blah blah blah blah blah blah blah blah blah blah blah blah blah blah blah blah blah blah blah blah blah blah blah blah blah blah blah blah blah blah blah blah blah blah blah blah blah blah blah blah blah blah blah blah blah blah blah blah blah blah blah blah blah blah blah blah blah blah blah blah blah blah blah blah blah blah blah blah blah blah blah blah blah blah blah blah blah blah blah blah blah blah blah blah blah blah blah blah blah blah blah blah blah blah blah blah blah blah blah blah blah blah blah blah blah blah blah blah blah blah blah blah blah blah blah blah blah blah blah blah blah blah blah blah blah blah blah blah blah blah blah blah blah blah blah blah blah blah blah blah blah blah blah blah blah blah blah blah blah blah blah blah blah blah blah blah blah blah blah blah blah blah blah blah blah blah blah blah blah blah blah blah blah blah blah blah blah blah blah blah blah blah blah blah blah blah blah blah blah blah blah blah blah blah blah blah blah blah blah blah blah blah blah blah blah blah blah blah blah blah blah blah blah blah blah blah blah blah blah blah blah blah blah blah blah blah blah blah blah blah blah blah blah blah blah blah blah blah blah blah blah blah blah blah blah blah blah blah blah blah blah blah blah blah blah blah blah blah blah blah blah blah blah blah blah blah blah blah blah blah blah blah blah blah blah blah blah blah blah blah blah blah blah blah blah blah blah blah blah blah blah blah blah blah blah blah blah blah blah blah blah blah blah blah blah blah blah blah blah blah blah blah blah blah blah blah blah blah blah blah blah blah blah blah blah blah blah blah blah blah blah blah blah blah blah blah blah blah blah blah blah blah blah blah blah blah blah blah blah blah blah blah blah blah blah blah blah blah blah blah blah blah blah blah blah blah blah blah blah blah blah blah blah blah blah blah blah blah blah blah blah blah blah blah blah blah blah blah blah blah blah blah blah blah blah blah blah
tifu-test-01025,"i thought i was going to the elevator, but i thought it was a guy and i accidentally hit the door."
tifu-test-01026,"got drunk, had sex with a girl, had sex with a wet dream, didn't get laid up."
tifu-test-01027,i fell asleep and broke my hand in the er.
tifu-test-01028,"i tried to save my dad's cum, ended up pissing my dad's semen and now i have to wait for a while."
tifu-test-01029,"i tried to help a smoothie, but instead i'm a dumbass."
tifu-test-01030,"i wore a dirty shirt and got stuck in my pants, and my boss saw me a dirty shirt."
tifu-test-01031,i was being a bad kid who was playing a game with a girl i was trying to play with a grabble at the cafeteria.
tifu-test-01032,i drank coffee in my own face with my coffee.
tifu-test-01033,"i pissed up by having to pee in the morning, and then i had to shit in the morning."
tifu-test-01034,"i got a job interview, and got caught up for a job."
tifu-test-01035,i tried to save a bidetet and ended up with a bidetet.
tifu-test-01036,"went to a hotel, got a girl there, got a shitty, got caught, got caught in the hotel, got a $100 hour late, and had to pay for it to get it back home."
tifu-test-01037,i destroyed a pop pop pop pop in the garage and the microwave smell of it.
tifu-test-01038,"i was in a relationship with a guy i've been having sex with, and i told her about it."
tifu-test-01039,**
tifu-test-01040,i accidentally left a bucket full of water and it exploded in my yard.
tifu-test-01041,i got drunk and told my friends to stop up with lois and now i have no idea of my life.
tifu-test-01042,"i bought disneyland for disneyland, and now i can't afford another trip to disneyland."
tifu-test-01043,"i forgot to plug my pc, and i ended up spending a new one month of my life."
tifu-test-01044,"i cut a stick in my thumb with a knife, and now i have to pay for a knife."
tifu-test-01045,"i got a run in my pants, it was a kid who had a run in my legs."
tifu-test-01046,i was in a gym and my boss was talking about it.  he said i was going to be a joke about it.  he said i was a joke about it.  he said he was a joke about me.  he said i'm a joke about it.  i'm not happy about it.
tifu-test-01047,"i didn't get the day off for the summer break, and now i have to go to school."
tifu-test-01048,i sent a girl a ring to a host about her and she didn't know it was a host.
tifu-test-01049,"i tried to make a pot, got sick, shit all over myself and my kitchen."
tifu-test-01050,"i was too lazy to play with a kid, and i ended up with a kid."
tifu-test-01051,i played a game with my son and he got mad at him.
tifu-test-01052,i broke my knee and now i have to spend a shit.
tifu-test-01053,"i sent a job to a company that i thought was a scam, and now i'm a fucking idiot."
tifu-test-01054,i spilled a coffee in the garbage can and now i'm too tired.
tifu-test-01055,i tried to be a good idea of the pond and ended up with a very expensive water.
tifu-test-01056,"i tried to move my ass in a friend's ass, ended up shitting my ass in the middle of the middle of my ass."
tifu-test-01057,i went to a show to my new house and ended up getting a shitty.
tifu-test-01058,"** i left carbon monoxide in my apartment, and now i'm going to die for two weeks."
tifu-test-01059,i was spraying a nest in the roof with a nest. it was a bit of ants.
tifu-test-01060,"i was naked, flooded the toilet, flooded the toilet, and flooded the house, and my neighbor's naked apartment, and my neighbor's naked."
tifu-test-01061,i'm a fucking idiot and i'm a badass.
tifu-test-01062,"i got a phone number of my daughter's phone number, and i accidentally stole it back."
tifu-test-01063,"i got a message from a new boyfriend who said ""hi"" to her again and she said she was a new boyfriend."
tifu-test-01064,"i got high, got pepper oil, and burned my hands."
tifu-test-01065,i accidentally set my speakers on my phone and my mum heard me to be a fucking fuck.
tifu-test-01066,"i lost a lunch with a guy's lunch, and he's now i'm not a vegan."
tifu-test-01067,"we were in a heavy way, we got some heavy stuff, and we were in a heavy explosion."
tifu-test-01068,i jumped down the stairs and fell down the stairs.
tifu-test-01069,i was in a desert and got a cell phone.
tifu-test-01070,i was on a trip trip and i had to take a shit at a school trip to get my friend to the hospital.
tifu-test-01071,"i tried to get better on my pc, but now i can't get any more than the pc is on my pc."
tifu-test-01072,i took a picture of my so's mom and i took a picture of my so i was on the house.
tifu-test-01073,i fucked up by trying to clean my room and now my apartment is covered in my bedroom.
tifu-test-01074,"i got a date, asked for the girl i was going to ask her to get the wrong car, and she said i was going to the wrong time."
tifu-test-01075,"i bought a dog out of my dog, he got mad, and i'm now i'm a horrible asshole."
tifu-test-01076,"i got a date with a girl i had a crush on, but it was too awkward to me."
tifu-test-01077,"went to a restaurant with my sister, got food poisoning, got a lot of food, made a mess of the way home, and got a half-worker named in the end of the train."
tifu-test-01078,i accidentally sent a picture of a press to a lobby that was actually shooting in the lobby.
tifu-test-01079,i posted a survey on facebook and forgot about it.  i found out that i was going to the gym and i was going to share it.  i think i was going to the gym and i was going to get a new one test.
tifu-test-01080,i smelled gas in class and forgot to check out the school out of my hood.
tifu-test-01081,"i got fired, and now i'm going to be fired."
tifu-test-01082,"i got a bad dose of benad, and now i'm allergic to death."
tifu-test-01083,i got high and made my friends think i was going to smoke.
tifu-test-01084,"i left my phone in my car, which i forgot about it, and my dad found it on my car, and i got my phone in my car."
tifu-test-01085,went to a party with a girl i liked to show up my dick and ended up showing them a huge mess to the local show up to the party.
tifu-test-01086,i sent a girl a horny post to a girl i met her.
tifu-test-01087,i got drunk and ate a lot of my wife's boss's boss's wife.
tifu-test-01088,i tried to make a chugus coffee and ended up spilt my mom's day.
tifu-test-01089,i was too lazy to cookballball and now i have to eat a new knife.
tifu-test-01090,i got drunk and spilled a candy cane in my ass.
tifu-test-01091,i tried to get a pole with a pole girl and ended up getting a pole cock
tifu-test-01092,"i tried to install a new oslight, but instead i can't install it."
tifu-test-01093,i'm a dumbass who has a blood infection.
tifu-test-01094,i went on a school ride to my friend and got my dick stuck in the back of my friend's car.
tifu-test-01095,"i locked my house, and locked my house, and had to call the police to get it back."
tifu-test-01096,"i walked on a pond, got stuck in the mud, and got my wallet stuck in the mud."
tifu-test-01097,i took my little cousin to the movies with a movie that was the movie of the movie.
tifu-test-01098,i bought a candle for a few days and got a nice taste of mellow mellow.
tifu-test-01099,i got locked in the snow and got locked in a cold weather.
tifu-test-01100,"went to a wedding party, got too big, fell asleep, fell asleep, fell asleep and now i'm a fucking idiot."
tifu-test-01101,"i got a new toy, stabbed my arm and got a knife."
tifu-test-01102,"i shit myself in the bin, and it's all over me."
tifu-test-01103,"i spilled a bunch of taco bell bell bell bell, and it looked like a dumbass."
tifu-test-01104,i got a dartboard from my left ear and it exploded.
tifu-test-01105,went to a camp camp with my friends and got a boner.
tifu-test-01106,i accidentally went to the bathroom and my friend got pissed at me.
tifu-test-01107,i tried to clean my shower and ended up with a bloody nose in my shower.
tifu-test-01108,i got the wrong card and got the wrong cash.
tifu-test-01109,i took a bite and ripped my mouth out of my mouth.
tifu-test-01110,"i tried to run barefoot on a barefoot, and now my feet is a good idea of my feet."
tifu-test-01111,"i tried to kill a bug, but instead i'm a spider."
tifu-test-01112,i left panties in my suitcase pocket pocket and they had to wait for them.
tifu-test-01113,"i got stoned by a tub, and i got a new job."
tifu-test-01114,"i got bullied by a bully bully who was bullied, and got suspended by a girl."
tifu-test-01115,"i tried to make a prank on my brother, ended up with a prankon on the sink, and now i have to wait for a bath."
tifu-test-01116,i was watching a porn and got caught by a pervert.
tifu-test-01117,i was at the toilet and my dad caught me naked and i was asleep.
tifu-test-01118,"went to buy a shopping with a customer, got robbed by a security security, got a total of money and now i'm a smart idiot."
tifu-test-01119,i was having a very attractive guy who was trying to meet me and i was too embarrassed to have a coffee.
tifu-test-01120,i peed on a trash can and peed out the trash.
tifu-test-01121,i got a day off of vegas and got a scorpion in the hospital.
tifu-test-01122,went to a friend's house with guns and shot them up.
tifu-test-01123,i got superglued by superglue and got a superglue in my eye.
tifu-test-01124,"i told my girlfriend i love her, she's not in love with her, i'm now in the middle of the past."
tifu-test-01125,i got my grandfather's funeral and my grandfather died.
tifu-test-01126,"got drunk, went to a friend house with a friend, smoked his chest, and got caught in a cold cold."
tifu-test-01127,"i tried to show my parents that i could have a dapanese tv, and ended up with a very expensive tv that i can't even be able to fix it."
tifu-test-01128,"i let a skunk, got trapped, and now my dog has a live hole."
tifu-test-01129,"i got my dog's dog, he got a second time, and i'm now in trouble with a dog."
tifu-test-01130,i had a bad time and i had a bjzed in my eye.
tifu-test-01131,"got drunk at a school, passed out on a test, got drunk, and now i have to pay a shot of my classmates."
tifu-test-01132,i posted a message about a girl i thought was a bit of her friends and she couldn't know how to do it.
tifu-test-01133,i was a teacher and i was told to transfer my high school carts.
tifu-test-01134,"i tried to make a hard hard drive with my girlfriends, ended up making her a hard hard hard drive."
tifu-test-01135,"i let my dog go to the house to the house, we both got arrested by the cops."
tifu-test-01136,my wife called a baby that i thought was a baby and now i'm a baby.
tifu-test-01137,"i tried to help a nice job, but instead of my co-worker thought i was moving into a door to get them."
tifu-test-01138,"i told my best friend i had a date with my ex, i told her i was going to hang out of her, he told him i was a date and i'm a dick."
tifu-test-01139,"i left my school at school, they called my parents, they called me a text and now i'm in the bed."
tifu-test-01140,i accidentally made my brother food with a hot dog.
tifu-test-01141,i made a cake cake and the bride was supposed to be a cake.
tifu-test-01142,i hit my head in the head and hit my head.
tifu-test-01143,i got a nice burn burn on my legs and ended up with a burning burn.
tifu-test-01144,"i was a rollercoaster and my girlfriend had to ride on the rollercoaster in the rollercoaster, and i was too nervous to my girlfriend who was on the rollercoaster."
tifu-test-01145,i got a job and didn't read the wrong thing i didn't read the message i was supposed to.
tifu-test-01146,i tried to get a nude date and ended up showing myself a pic pic pic.
tifu-test-01147,i'm a dumbass and a $100 bill.
tifu-test-01148,i got drunk and ate half my cousins' birthday dinner.
tifu-test-01149,i accidentally lost my work account on a work app and my coworkers thought i was doing it.
tifu-test-01150,"went to high school, cut my hand, cut my hand, got a bloody hand, and had to walk around the hospital."
tifu-test-01151,"tried to be a good idea, ended up costing myself a hundred hundred spooter."
tifu-test-01152,"i got drunk and passed out with a girl, and then i got drunk and puked out of my head."
tifu-test-01153,"i called a job for a week, but i'm not sure if i'm too lazy to ask the question."
tifu-test-01154,"tried to fix a pipe, ended up costing $60 for a pipe"
tifu-test-01155,i tried to make a cold joke with a guy and ended up with a cold hand.
tifu-test-01156,i threw a piece of wood and threw it out of my class.
tifu-test-01157,"i thought i was a pervert, but i thought i was a pervert."
tifu-test-01158,i'm a hooker and i'm very fucking about a hooker.
tifu-test-01159,"i was in an email with my mother, and my mother found out i was mad at school."
tifu-test-01160,"i tried to have sex with my own dick, but my little one was full."
tifu-test-01161,"i peed in my bathroom, got caught in the toilet, and had to take a shit."
tifu-test-01162,"i tried to kill a swagag, it ended up getting a blowjob"
tifu-test-01163,i accidentally shot a snowball in a snowball and got caught by a cop.
tifu-test-01164,i sent my fiance a text to a girl who was with me.
tifu-test-01165,i liked the girl i liked to listen to her.
tifu-test-01166,"got drunk and lost my cell, went to a bar, got a shitty, got a bill, and ran home to the er."
tifu-test-01167,i told a girl i was a serial killer and i said she was going to the mall with me.
tifu-test-01168,i jumped in a plane and jumped in a parachute.
tifu-test-01169,"made joke about kah joke, got called by cops"
tifu-test-01170,i swallowed a metal burger and broke my teeth.
tifu-test-01171,"i tried to pull a puddle up in a puddle, and ended up with a huge ass."
tifu-test-01172,i was in a rush accident and i tried to save my sister's dog and ended up breaking my car and getting a swash on the window.
tifu-test-01173,**
tifu-test-01174,"told a girl i had a crush on my crush, she was going to tell me about it."
tifu-test-01175,i was walking through a man's day with snow and i was so bad to ski.
tifu-test-01176,i went to a movie with a girl who was actually into the theater.
tifu-test-01177,"i tried to park a driver, ended up breaking my wife's car and my wife's car."
tifu-test-01178,"i thought i was being awake, i was gonna wake up my own bed, and i woke up in a hotel room."
tifu-test-01179,"i went to a concert concert with my girlfriend, i ended up getting kicked out of her and my girlfriend's girlfriend."
tifu-test-01180,"i tried to help a hockey ball, ended up with a hockey ball."
tifu-test-01181,i used a toothbrush to clean it up and it was the worst thing.
tifu-test-01182,"i tried to taste a lube lube lube, and ended up getting a chemical lube."
tifu-test-01183,i got sick and vomited and vomited all over myself
tifu-test-01184,i thought i was wearing a ring in a ring with a ring ring.
tifu-test-01185,"got my door stuck in the parking lot of a bottle, and i am now stuck in a p."
tifu-test-01186,i was too drunk and had a panic attack.
tifu-test-01187,"i hit a squirrel in the yard while he was shooting with a squirrelrel, he got hit by a squirrel."
tifu-test-01188,"i tried to help a friend with a minnie mouse, ended up getting a huge mess on my forehead."
tifu-test-01189,"i got a massage massage, and got caught by a woman."
tifu-test-01190,i threw up a salute salute in the face and it was a good audience.
tifu-test-01191,i burned a egg in the microwave and it exploded in the microwave.
tifu-test-01192,i let my cat into a taco and it ended up being a little family.
tifu-test-01193,"i had a bad day with my boyfriend, and i had to cum in the library."
tifu-test-01194,i'm a bad person who can't sleep.
tifu-test-01195,i broke my lamp and now i'm a dumbass.
tifu-test-01196,"i was too lazy to work, got laid up and was too gay."
tifu-test-01197,i made a video of luke kuke and it ended up being a dick star.
tifu-test-01198,i went to the hospital and ended up with a man's day.
tifu-test-01199,"accidentally texted my boss a text saying i was texting for a text about text and said ""oh guy"" texted out of my boss."
tifu-test-01200,i was too excited to my friend's house and i thought i was going to get him back.
tifu-test-01201,"i got blood blood all over my arm and passed out of blood, and had to have a blood attack."
tifu-test-01202,i tried to get superglue all over my forehead and ended up with a broken glass of glue.
tifu-test-01203,"went on a bus trip, got lost in the wrong way, got stuck in the wrong airport, got a $100 hour late, missed the right flight, got off in the middle of the airport, got a half hours late, missed the next day, got towed up, got back to the airport, got a bus ticket, got towed, got back home, got towed in a bus, got back in the next morning, missed two hours, got towed in the next hour, missed, got back in the next hour, got back towed, got towed, got to get to get to find the airport, got the next day, got a row, got the airport, got back to get the airport, got back train train train train, got to get back to get the airport airport."
tifu-test-01204,i was too lazy to yell and ended up breaking my nose.
tifu-test-01205,"took vicododin, got a shitty, and woke up with a broken glass."
tifu-test-01206,"i tried to clean my husband's shamp rug, ended up with a dirty rug and a half-so rug."
tifu-test-01207,"i tried to walk my dog, but instead of it."
tifu-test-01208,"i told my friends that i was going to have a drink with a drinkie, and her family, and i feel like a slushie."
tifu-test-01209,"i got a bloody car, and my mother got mad, and i was forced to kill me."
tifu-test-01210,i was supposed to be funny and ended up being a nobo party for the class.
tifu-test-01211,i tried to fake fake fake fake grade and ended up getting caught in jail because of it.
tifu-test-01212,"** got a big penis in front of my grandma's car, got a big penis and a small man."
tifu-test-01213,i accidentally peeled eggs all over the plate of eggs and it's full of eggs.
tifu-test-01214,i ate pop tart tart and now i'm a dumb idiot
tifu-test-01215,"i got into a date with my best friends, and my family, and i had a crush on my first date."
tifu-test-01216,i picked cactususus.
tifu-test-01217,i fucked up by not paying for a place because i am too lazy to get to look for a place to stay in the same place.
tifu-test-01218,"i was too drunk and asked a friend to get some weed, she got drunk and i was too drunk and i was really scared to the hotel."
tifu-test-01219,i got really excited about my clothes and now i'm a guy who thinks i'm a guy
tifu-test-01220,i went to a beach trip with a girl i liked to shit and ended up getting a shitty.
tifu-test-01221,i was too lazy to tell my crush to make a joke about a joke about a girl who was already made me look like a joke about it.
tifu-test-01222,i tried to sit a game and ended up cutting my balls.
tifu-test-01223,"got high, drove home from a party, got stoned, and drove home to get it back.  i'm a skoner."
tifu-test-01224,"i tried to help a vibrator, ended up being a vibrator and a vibrator."
tifu-test-01225,"i ate a new smell, and the smell of my girlfriend."
tifu-test-01226,i accidentally created a buns in my school's face with a buns bomb.
tifu-test-01227,i was too embarrassed to a girl who was in a bathroom and accidentally accidentally left her urine.
tifu-test-01228,i left a facebook page with my mother and my mother is pissed at me.
tifu-test-01229,"i was watching a driving course, and i accidentally got kicked out of a car."
tifu-test-01230,i got a shitty enemit in my pants and had to go to work.  i had to work with a gas that i had to work with my life.  i had to go to work.  i had to work with a few days.  i had to work with my life.  i had a new job to work and i had to work with my hands.  i got a few days ago i'm a horrible.
tifu-test-01231,"i called a hot shoe to a coworker who was supposed to be with me, but i didn't know her, and i got her to the office by saying ""she's not"" and i'm not sure if she's going to be there."
tifu-test-01232,i got a pissy bottle on my penis and it exploded in the shower.
tifu-test-01233,i was naked and naked.  i'm now naked.
tifu-test-01234,i invited a girl to a rugby chick and she said i'm a dick.
tifu-test-01235,i texted my brother's car and my brother was in a meeting with my brother.
tifu-test-01236,"i bought a hd-mmi cable cable, and now i have to pay a huge hdmi for two weeks."
tifu-test-01237,"my math teacher thought i was funny, and i got banned by my friends."
tifu-test-01238,i kissed a girl i liked her.
tifu-test-01239,"i accidentally sent a pepsi, got a suppy pepsi, and i accidentally spilled it all over the way."
tifu-test-01240,i pissed on my pee and pissed all over my bathroom.
tifu-test-01241,i was an idiot and a girl i liked her number and she didn't talk to me.
tifu-test-01242,"i sharted in my pants, and had to pee in a friend's bathroom."
tifu-test-01243,i tried to shake a small cat down the tree and it fell out of my dog and got a huge mess.
tifu-test-01244,i fucked up by diving in a group of water while trying to save a group of water in the water.
tifu-test-01245,"left my keys in the kitchen, had to get it in the middle of the day."
tifu-test-01246,"i bought a bag of $5,000 dollars for the year."
tifu-test-01247,sent a video video about a clip of a clip that showed it to my email and sent it a link to my email.
tifu-test-01248,"tried to be nice to my wife, ended up making a blowjob."
tifu-test-01249,i ate a beetle and now my girlfriend is a little bit of my pantlings.
tifu-test-01250,i was shaving my own nose and ripped my nose out of my nose.
tifu-test-01251,"i slept in germanyne, got a middle of my girlfriend, and i am now in a very sad woman."
tifu-test-01252,"i tried to put a heater in my new aquarium, but it turned out to be a good man."
tifu-test-01253,i accidentally showed my uncle my computer to the computer and my family and i accidentally showed it to my mom.
tifu-test-01254,i accidentally made a mess of my teacher's teacher and i accidentally made it look like a bitch.
tifu-test-01255,"i didn't check my taxes, now i'm a lazy idiot."
tifu-test-01256,cut my pub with a razor clippers on my dick and now i have to trim my dick.
tifu-test-01257,i ate a marshmormo and burned my mouth with a metal mouth.
tifu-test-01258,i got a glass of wine and it exploded on my pants.
tifu-test-01259,"i got sick, got sick, and had to go to work with the flu."
tifu-test-01260,"i told my bf he was too young, now i'm too excited."
tifu-test-01261,"i was being a good idea to go to the hospital, and my brother is still a good bit of my family."
tifu-test-01262,i got locked by a can of mcdonald's house and was locked by my house.
tifu-test-01263,"i tried to buy $100 from a friend's house, ended up getting robbed by a friend."
tifu-test-01264,i got high and woke up in an entire bed with an edible i didn't have ever been in my bed and ended up being able to tell anyone i had an orgasm that i had to tell myself i had an orgasm i had ever been able to tell anyone i had a babs i had ever fucked up and didn't tell myself i didn't tell myself
tifu-test-01265,i didn't read the homework and now i'm going to be late for a whole day.
tifu-test-01266,"i didn't walk to the beach, and i didn't realize that i was."
tifu-test-01267,i was horny and my mom saw me naked and i had to go to bed.
tifu-test-01268,i accidentally gave my dick a rash and now i'm going to work with my dick
tifu-test-01269,i got a little high and put my nose in the washroom.
tifu-test-01270,i was going to a light lightbul and accidentally lit a hot light lamp on my bed.
tifu-test-01271,"ate chicken wings, got hammered by a dog, got caught by a hot dog, and had to sit in my lap."
tifu-test-01272,i left spiders in my car and got spiders all over my face.
tifu-test-01273,"i went to a hotel break on a hotel break, got naked, and got caught."
tifu-test-01274,my girlfriend was my own girlfriend.
tifu-test-01275,"i told a female employee that i was a female female, she said i was a sex and i told her it was a sex."
tifu-test-01276,i got a bad nose and punched my girlfriend's nose.
tifu-test-01277,"i thought my friends was a fan, got food poisoning, and now i'm probably looking for a picture of my friend."
tifu-test-01278,i was being a little girl and i accidentally played her little sister's ass.
tifu-test-01279,my dad and i sent my dad a message to my dad and he had to cheat it up.
tifu-test-01280,i'm a fucking idiot who's a fucking idiot and i'm going to be able to fix the title.
tifu-test-01281,"i was having a date with a girl i like, and she said i was out of town."
tifu-test-01282,i punched a snack and punched a $20 in the face.
tifu-test-01283,"i got my keys in the middle of a coffee, and had to drive to university for a long hour."
tifu-test-01284,"i tried to make my girlfriend bleed, ended up bleeding her lip."
tifu-test-01285,"got drunk, went to hospital, got fucked up, got fucked up by a car, got fucked up by a friend, got fucked up by a car, got fucked up by a friend, and was in the hospital."
tifu-test-01286,i got my best friend's name and now i can't be able to meet my grandma.
tifu-test-01287,i was so an idiot and told my jewian a joke about a joke.
tifu-test-01288,i farted in a laser tag and made a lot of people think i was a bitch.
tifu-test-01289,i got a coke from a coke who was too drunk and i thought i was going to smoke the door.
tifu-test-01290,"i was in a rush to get drunk, and i got a shitty, and i got a new job."
tifu-test-01291,"ate a bunch of ginger biscuits, got a shitty, and had to shit myself in the process."
tifu-test-01292,"went to bath, passed out, passed out, passed out and passed out of the sink and got a shit."
tifu-test-01293,"i was playing with my best friend, and i accidentally made a stupid stupid ass."
tifu-test-01294,"i tried to help a customer with a woman, ended up getting fried and a woman in the process."
tifu-test-01295,"i found a duddle of duddle and my friends thought it was a drug, and my mom found it and i found it."
tifu-test-01296,"got drunk, got drunk, slept in a fight with a girl, got drunk, called her dog, got drunk, called her dog, and she called a shitty."
tifu-test-01297,i accidentally shat myself and my gf's gf's.
tifu-test-01298,i woke up late and woke up late for the morning.
tifu-test-01299,i left a frozen water in my grandparents's freezer and it exploded in the freezer.
tifu-test-01300,"ate a burger burger, got a shitty, and shit myself."
tifu-test-01301,"left fruit in the office for two days, forgot about it, went to work with two days, got caught in the office."
tifu-test-01302,i got a psychopath and used a psychopath on my way to make a stupid joke about it.
tifu-test-01303,i am a dick and a kid who is trying to get a shitty.
tifu-test-01304,i dropped my hat down a pit of a pit toilet toilet and it fell down. i'm a fucking idiot.
tifu-test-01305,"i thought i was being duck duck duck duck, and i said that the duck was ducked and i cried."
tifu-test-01306,i smashed my boss's penis and now i'm going to the doctor's office.
tifu-test-01307,i gave a old old old old guy a bike.
tifu-test-01308,i burned a fire in a snow and burned my friend's apartment.
tifu-test-01309,i accidentally made a duck penis penis to a cute girl who was a little girl who thought i was a cute girl.
tifu-test-01310,"i pissed myself while pissing in a piss, pissing myself, and pissed myself in the bathroom."
tifu-test-01311,"i got sick, passed out, passed out, and had to get a job."
tifu-test-01312,i fucked up by not knowing how to play piano and now i have a keyboard to play it up
tifu-test-01313,"i tried to get my pants, but instead i'm stuck in the process of my pants."
tifu-test-01314,"went to the spar fight, got a sword sword."
tifu-test-01315,"i left my house open, and the house broke down."
tifu-test-01316,"i got drunk, and my wife and i got caught with a boner."
tifu-test-01317,"i tried to help a new computer to get his computer, but it was a good idea."
tifu-test-01318,i was a complete idiot and my sister was talking to be a sex killer.
tifu-test-01319,i was being an idiot and i broke a girl's iphone.
tifu-test-01320,"got a burrito, forgot to put it in a burrito, got a cousted burrito, got a cousted burrito, and now i'm probably going to have to pay $200."
tifu-test-01321,"i got drunk, tried to get drunk, ended up getting a nasty nose of snuss."
tifu-test-01322,i ate a food full of my bf and it's the worstest way.
tifu-test-01323,i left my battery in the morning and the battery died.
tifu-test-01324,"got to work early, didn't get to work, went to work early, boss took an hour early hour."
tifu-test-01325,i went to a restaurant and ended up having to poop in the middle of the restroom.
tifu-test-01326,i accidentally ate a jar of peanut butter and it exploded in my house.
tifu-test-01327,"went on holiday trip to the hotel, mum took a bomb and i left it in the park, i left it and the police and the police were sent to the police."
tifu-test-01328,i'm an asshole and a friend who likes me to have a friend's birthday.
tifu-test-01329,i tried to make a small way and ended up with a small one of my son's toys.
tifu-test-01330,i tried to give my girlfriend a cum and she ended up pissing my wife.
tifu-test-01331,"i tried to clean up with mop soap, ended up with a mop."
tifu-test-01332,i ate a hot sauce of acid and it exploded in my mouth.
tifu-test-01333,i didn't scan the room and let everyone know that my project manager is a dick (including him)
tifu-test-01334,i asked a guy to buy a magazine for a couple of clothing he likes. he's going to ask him to give him one of the books he wants to give.
tifu-test-01335,"i tried to drive my friend's car to the car, ended up getting a car crash, and the bird almost died."
tifu-test-01336,**  i'm a smart idea to take a text to work at work.  i'm a smart fuck.  she's not working for work.  she has a smart idea.  she's working in the middle of work.  she has a smart idea and i am working for work.
tifu-test-01337,i got high and fucked up by being too high and i'm too high to go to my room to get into a panic attack.
tifu-test-01338,i tried to clean acetone in the shower and it exploded in my eye.
tifu-test-01339,"i tried to get a ticket ticket, ended up being a ticket and a ticket."
tifu-test-01340,i sent an email to my university and my professor and i sent them an email to my university and i was supposed to open it.
tifu-test-01341,"i was flirty, but i thought i was dating, but i was too naive to do something else."
tifu-test-01342,"i tried to make a fake turn at disiana park, ended up getting kicked out of the train, and got kicked out of the ride of the ride."
tifu-test-01343,"i got drunk, got distracted, and told a girl i was going to fuck her up."
tifu-test-01344,i accidentally got a sock of bed and accidentally threw it in the shower.
tifu-test-01345,i got scammed out of work and lost all the time i had to do it.
tifu-test-01346,"i took a piss, got a shitty, and now my phone is on the bathroom."
tifu-test-01347,"i told my girlfriend i liked her on a long-year-year-year-year-old girl, and she said she was working for a while."
tifu-test-01348,"i tried to get my friend into a cup, ended up burning my face and burning my face."
tifu-test-01349,i accidentally created a subreddit to the wrong subreddit.
tifu-test-01350,my friend's pok password is the principal of the school.
tifu-test-01351,"i shaved my balls, and now i'm a fucking idiot."
tifu-test-01352,i had sex with my wife and my wife found out she was on the laundry.
tifu-test-01353,"i spilled coffee on my work laptop, and now i'm working on the next day of my work."
tifu-test-01354,"** i was too awkward to let a guy a hand, but i felt like a jerk."
tifu-test-01355,"i tried to climb a rope, sprained my arm and broke my arm."
tifu-test-01356,i'm a lazy man.
tifu-test-01357,"got a boner, tried to get a boner, ended up with a boner."
tifu-test-01358,i shaved my hair hair and now he's probably going to look like a kid.
tifu-test-01359,"went to a half-way marathon marathon, ended up being chased by the rest of the rest of the rest of the last half."
tifu-test-01360,"got drunk, got kicked out of a girl and got kicked out of the night."
tifu-test-01361,i was in the mall with a muslim women and a muslim woman in the process.
tifu-test-01362,"i got a new water bottle of water bottle, and my mom found out of it, and i'm probably going to be the hospital to find a new one."
tifu-test-01363,"got drunk, fell asleep, fell asleep, fell on my own piss, and fell on my arm."
tifu-test-01364,"i bought a purse for a while i was riding home, got a bomb, and got busted by a cop."
tifu-test-01365,i set my girlfriend's jeans on fire and burnt my girlfriend's jeans.
tifu-test-01366,i got my girlfriend's ankle sprained by spraining her ankle.
tifu-test-01367,told a co-worker i'm pregnant and i'm very embarrassed to fuck up.
tifu-test-01368,i chased a bunch of cows wire and got my balls stuck in the middle of the wire.
tifu-test-01369,i got a sneezed on my legs and now i can't be able to go to work.
tifu-test-01370,i got a nosebleed by a girl who had a nose bleed.
tifu-test-01371,i found a dildo in my mum's room and it was all over the place.
tifu-test-01372,i tried to play ddr on a game and ended up getting a new one bit of my left hand.
tifu-test-01373,dad got my dad's car stuck in the car and he had to go home. he got a heart attack.
tifu-test-01374,i am not a smart idiot.
tifu-test-01375,"i went to the doctor’s thyroid, got a cancer, and now i have to go to the doctor to get my doctor to the doctor."
tifu-test-01376,"put hot sauce on my finger, rubbed it up and now have a huge taste."
tifu-test-01377,"i thought i was a car, but i was too lazy to get it fixed, and i ended up with a car that i was driving for a car."
tifu-test-01378,i was too lazy to eat and my so i was not a bit of my so i was too lazy to play with a new girl.
tifu-test-01379,i got a motorcycle license license for my license and the one of my car is blocked.
tifu-test-01380,i farted in my girlfriend's face while she was in the middle of the most likely-girlfriends mom's mom's mom.
tifu-test-01381,i thought my girlfriend was a package and it was not my mother.
tifu-test-01382,"i got a text from my friends and my dad said ""i'm a dick"" texted me out of my phone and i'm probably a dumbass."
tifu-test-01383,i tried to spray deodorant in a school camp and got caught in a fire.
tifu-test-01384,"went to get the parking game, got stuck in the parking garage, and got my favorite $20 in the parking garage."
tifu-test-01385,i was sitting in a church with a priest and now i'm going to the church.
tifu-test-01386,"i was talking about a dead girl, got called out of my entire school, and now i'm a dumbass."
tifu-test-01387,i accidentally gave a gift card to a gift card and i accidentally threw it back to her.
tifu-test-01388,"i got married, and i told my best friend i love her."
tifu-test-01389,i tried to drive a little girl and ended up being chased by a young girl.
tifu-test-01390,i accidentally gave my son a book for santa gift and accidentally told my son to sign it up.
tifu-test-01391,i tried to pull my nose up and ended up with a cop.
tifu-test-01392,"i thought my boner was a boner, but it was just my boner."
tifu-test-01393,"i wore my dad's underwear, and now i'm going to work."
tifu-test-01394,i broke my foot on a bed and broke my toe.
tifu-test-01395,"i lost a dog, lost my money, and now i'm going to die."
tifu-test-01396,"ate a bag of chili rolls, shit myself, and the pain of the worst time."
tifu-test-01397,"i got too high and blocked my gat, and ended up getting a terrible gat by a fucking gat and the gat."
tifu-test-01398,i gave a terrible joke on my work and ended up with a very embarrassing scissors.
tifu-test-01399,i was a kid and i decided to be a bathstorm.
tifu-test-01400,i was a little mom mower and i accidentally caused a lawn to mower my lawn.
tifu-test-01401,i forgot my fake id id id and lost my fake id id id.
tifu-test-01402,"i tried to clean my cat with a poop at work, ended up with a cat poop."
tifu-test-01403,i got a bath and wet my toe off.
tifu-test-01404,i made a speech about my first school and the school in front of my school.
tifu-test-01405,i'm a fucking fucking ass
tifu-test-01406,i got a massage massage and got my wallet stuck in the process.
tifu-test-01407,i told my aunt that i had a crush with her aunt.  she thought i was going to have a ride with her.  she said i was talking about her aunt.  she said she was going to her aunt.  i feel like a joke.  she hates me.  i'm going to meet her.  i'm going to her aunt.  i'm going to find out of the first weekend.  i am a few years ago.
tifu-test-01408,i got drunk and told my name i was going to be cute.
tifu-test-01409,i dropped my phone in the window by accidently picking it up.
tifu-test-01410,"i was playing an armor game with my friend, and i got a gun."
tifu-test-01411,"i tried to prank my teacher, she got mad and i made a very weird joke about it."
tifu-test-01412,i'm stuck in my work and i'm stuck in a new place for a week.
tifu-test-01413,"i fell on my cat, and my cat fell on the couch, and i fell on my cat and broke my cat."
tifu-test-01414,i fucked up by using my sister's iphone.
tifu-test-01415,i tried to hold a plunger in the breakroom and ended up with a broken toilet.
tifu-test-01416,i tried to be cool and ended up getting my shoulder kicked off the ground and my girlfriend's friend's friend.
tifu-test-01417,"i threw a vibrator in the trash, it was actually my boyfriend's pissed off."
tifu-test-01418,"tried to cut a cord cord, ended up with an electric cord."
tifu-test-01419,"i met a girl i liked, but i didn't want to have a date."
tifu-test-01420,** i ate a bunch of fruit and ate it and ate it.
tifu-test-01421,"i'm a dumbass who has a girlfriend who has been trying to have a boyfriend.  she's been in a relationship with a friend, and i'm now in a relationship with a relationship."
tifu-test-01422,"i didn't know how to put a car on the road, and ended up driving them in the middle of the road."
tifu-test-01423,i told my parents i was going to have a shit about it.
tifu-test-01424,i ate a pie and it was a bad idea to make it cry.
tifu-test-01425,i failed my cousin's license test and he passed away from a stop stop and now i'm not able to drive home.
tifu-test-01426,"i tried to play a baseball game with a bang, ended up getting hit by a tree and a tree of a tree."
tifu-test-01427,"got drunk, got drunk, went to chinese girl, got kicked out of chinese girl, got pissed, and was pissed."
tifu-test-01428,"i was bored, and i was bored, i was too lazy to go to the library.  i was going to school for a few minutes."
tifu-test-01429,i got caught by a katyster and now i'm not in the living room.
tifu-test-01430,"got drunk, got arrested, got arrested for police, got arrested for 2 hours."
tifu-test-01431,i pushed a rug in a ceiling and now my girlfriend's sister is going to fix it.
tifu-test-01432,"i posted a post to ""fuck"" to a different post, and ""fuck"" post"" to my Daily post."
tifu-test-01433,i'm an idiot and i'm not a dumbass.
tifu-test-01434,"girlfriend and i like her, we're not sure what to play, we're not a big, we're not a big fan."
tifu-test-01435,"went on a water boat, got a wet boat and almost drowned."
tifu-test-01436,"i got a big lump, ripped my pants, and now my skin hurts."
tifu-test-01437,i bought $200 on my friend's birthday and now i have to pay $200 on my account.
tifu-test-01438,"i shat my pants, and i made a shitty."
tifu-test-01439,i got a full burger in my box and my cracker.
tifu-test-01440,got a blister. got blisters.
tifu-test-01441,"i used a cheap phone charger to get a new phone charger, and now i have a new phone charger."
tifu-test-01442,"i went to a party, got caught up, and had to walk home for a few weeks."
tifu-test-01443,i tried to impress my boss's boxers and ended up getting them all over my boxers.
tifu-test-01444,"tried to be nice, ended up giving a straws straws, and ended up being a mental idea."
tifu-test-01445,i forgot to close groceries and ended up getting robbed by a grocery store.
tifu-test-01446,i got my friend's car and it broke it.
tifu-test-01447,"i tried to give a homeless man a homeless man a homeless, ended up getting a $2."
tifu-test-01448,i am a girl and i'm not a fan.
tifu-test-01449,i got a shitty nose on a hill and it fell into a hill.
tifu-test-01450,"i tried to change my pants, ended up with a broken leg on my leg."
tifu-test-01451,i got a high dose of a high school and ended up being the biggest fuck out of the class.
tifu-test-01452,i tried to make a new brew but ended up making a chemical mess and now my house is full of water.
tifu-test-01453,"went to a car to get some cars, got caught by a cop, got pulled over by a cop, got arrested by cops, got arrested by cops, got arrested by cops."
tifu-test-01454,"i ate a shitty in a bus, got caught by a bus bus, and got caught in the middle of nowhere."
tifu-test-01455,i broke my finger trying to catch a dodge ball and it hurt.
tifu-test-01456,"i told my dad about telling him he'd be bored, he told him he could go to see a movie."
tifu-test-01457,i bought a flat tire that was a tire that was a tire that was a tire. i tried to fix it up and ended up having to pay $10 for a $10.
tifu-test-01458,**
tifu-test-01459,"i put cinnamon in my house, and it smelled like cinnamon."
tifu-test-01460,i got a white ball in d&o.
tifu-test-01461,i told my son that he was a pedophileile and he had a lot of children.
tifu-test-01462,i left the dog out of my dog and the dog was the dog.
tifu-test-01463,i left my hoodie's hoodie and now i have to remove it to my lab.
tifu-test-01464,"i tried to play a tennis ball with a tennis ball, ended up being a bit of the head and a half-year-year-old kid in front of the head."
tifu-test-01465,"i got a job off, and now i'm working in my work."
tifu-test-01466,i was too excited and my girlfriends brother was crying.
tifu-test-01467,"i bought a bath instead of cinnamon, it was the same way to be the most powerful."
tifu-test-01468,"i was cheating on a book, i was too lazy to live on a book, and now i have to live with my life."
tifu-test-01469,i got robbed by a bank and then got robbed by a bank.
tifu-test-01470,"i tried to walk on the back yard, but instead i'm a badass."
tifu-test-01471,i drank a beer and got a beer poisoning.
tifu-test-01472,i fell down and fell down the stairs and my head fell down.
tifu-test-01473,my friend gave me a letter letter to his sister.
tifu-test-01474,"i forgot to clean milk milk, but forgot to clean it, and now my parents are probably a good smell of milk."
tifu-test-01475,** i was too lazy to learn a spanish man for a very popular man. i accidentally asked him to chant a lot of spanish language and ended up spearing myself in front of my life.
tifu-test-01476,"i got drunk, and told my friend i was going to have a bbq, and now i'm being living."
tifu-test-01477,**  i laughed at my wife's beard.  he laughed at me and i laughed at him.
tifu-test-01478,"i opened a movie in front of a projector at a cinema, and now i'm a girl."
tifu-test-01479,i was browsing a web chat with a guy and my classmate and i accidentally showed it up to a class.
tifu-test-01480,i accidentally made a little-worker think i'm a little girl.
tifu-test-01481,i'm a dumbass.
tifu-test-01482,i got an appendix removed by my appendix and my mom had to sit on a different side of my appendix.
tifu-test-01483,"i let my son use her baby cry, and she cried."
tifu-test-01484,i tried to get rid of the most popular kids and ended up getting shot in the process.
tifu-test-01485,"i woke up by setting a pan in my house, woke up to wake up the fire and got my house fired for 3 people."
tifu-test-01486,i accidentally ate a mermmoid and now i'm allergic to the mermenden.
tifu-test-01487,"tried to show my friend, ended up with a trampoline trampoline trampoline."
tifu-test-01488,i made a lunch sandwich for breakfast and made a nice joke about it.
tifu-test-01489,"i was playing pokemon and i thought i was a girl who was going to play pokemon, but i didn't know how to play pokemon girls on the jacket, and now i'm not a girl who is going to play with her."
tifu-test-01490,"i had a bag of cherry while i was masturbating, and i had to burn my ass out of the burning."
tifu-test-01491,i was a bad bitch and my brother threw a shoe off my head.
tifu-test-01492,"got drunk, got drunk, pissed, and pissed all over my room."
tifu-test-01493,"i was driving for a power line and the power line went out of a truck line, i got hit by a truck line, and the truck was stuck in the street."
tifu-test-01494,"i tried to use the deodorantant, ended up with a huge mess of sweat and a huge mess."
tifu-test-01495,i'm an idiot and i'm going to use a keyboard to fix it.
tifu-test-01496,i jacked my dick to a girl and my friend saw it.
tifu-test-01497,"i accidentally said ""duck the song"" to my teacher, and now i'm a dumbass"
tifu-test-01498,i shaved my razor razor and got a new razor.
tifu-test-01499,i left a pet with some rariet detergent in a pet and a pet rag.
tifu-test-01500,i asked a guy to bow in front of his parents and he said he was going to be a doctor.
tifu-test-01501,i tried to hold my hands into the eride and ended up getting my skin stuck in the middle of my hands.
tifu-test-01502,"i pushed my neighbour into a snow, she got a shitty, and i'm now stuck in a very serious hospital."
tifu-test-01503,"shaved my face too much, forgot to put my face into the morning, now i'm stuck in front of the morning."
tifu-test-01504,i got drunk and told my wife i was a genius of a book and i'm now afraid of it.
tifu-test-01505,i got stuck in the wrong way and got stuck in the wrong spot.
tifu-test-01506,"ate a bowl of cheese in class, got a full of dairy cream, and ate a bottle of sugar cream."
tifu-test-01507,i tried to help a dog shit and ended up with a shitty shit and getting shit on my face.
tifu-test-01508,i told my black kid that the black black black black black black year old black year old black year old black year old black year old and the whole family is black.
tifu-test-01509,"i told a guy he was going to buy tickets for me, i told him to get a seat, i told her i was going to get a seat."
tifu-test-01510,i am a dumbassian and i am now in russian
tifu-test-01511,i was going to the movies with my mouth on the night and i accidentally let him go to the theater and he was pissed off by my mouth.
tifu-test-01512,"ate a shitty, shit myself."
tifu-test-01513,tried to catch a beach ball with my head and ended up hitting her head.
tifu-test-01514,"made a boiling tube with water in boiling water, it exploded in boiling water."
tifu-test-01515,i accidentally showed a crazy dude a video that he was not a good man.
tifu-test-01516,i accidentally left a dead deer in the back of my school and the police got to the school.
tifu-test-01517,"i left a sweet lady's car in the parking lot of her car, and i had to wait for it."
tifu-test-01518,"i tried to make a scientific project for the air, ended up with a balloon bomb and a half of nowhere."
tifu-test-01519,i bought a vape of vapers and got caught by a drug dealer.
tifu-test-01520,i accidentally sent a hiciccup to a doctor whose hiccup i had recently opened my boss's hiccupcup.
tifu-test-01521,"i left a magg of maggots on my parents' house, and i left it on the stove, and now i'm working in the middle of my apartment."
tifu-test-01522,i'm a dumbass who just wore my ear and i'm too lazy to put them out in my face.
tifu-test-01523,i pissed my friend's piss
tifu-test-01524,"i was lazy and lost my grandpa's day, and my family is now in a hospital."
tifu-test-01525,"i tried to save my wife's car, but it was so hot and i got all the snow on the roof."
tifu-test-01526,i accidentally gave my girlfriend a coke and she got the prescription for a week.
tifu-test-01527,i was driving a petrol and hit my car in a petrol station.
tifu-test-01528,i'm a dumbass.
tifu-test-01529,"i got a pizza delivery, got a pizza, and the pizza guy saw me naked."
tifu-test-01530,"i tried to try to get a lube on my penis, ended up with a cold wind on my penis and having to clean it up."
tifu-test-01531,"got drunk, fell down stairs, fell down stairs, fell and fell down stairs and fell down stairs."
tifu-test-01532,"i got a date on my neck, and now i'm stuck in a date."
tifu-test-01533,"i went to a friends house and got my best friend's advice, and i ended up being in the wrong way."
tifu-test-01534,"i tried to kill a book, and it fell down."
tifu-test-01535,i'm an idiot and i'm not a fucking idiot.
tifu-test-01536,i left my gas on my car and it was a little old lady.
tifu-test-01537,my boyfriend has been watching porn and i watched porn on my phone.
tifu-test-01538,"i was too busy to get my car towed, and i ended up getting a car crash and a car to fix it."
tifu-test-01539,i accidentally threw food poisoning chicken chicken chicken food and it fell out of the garbage.
tifu-test-01540,i told my friend that my mom was a sex-in-law teacher and now i have no idea of my friends.
tifu-test-01541,i was reading reddit post and got caught by a break.
tifu-test-01542,i made my brothers cry on the table and it was a horrible christmas dinner.
tifu-test-01543,i tried to burn my shorts down and almost burned my shorts down.
tifu-test-01544,"i called my mother a chore who called me a chore, and called her mother a chore."
tifu-test-01545,"i got drunk and puked in a vomit, and got a shitty, and had to pay for it."
tifu-test-01546,"i left a phone in the middle of my phone, and the one of my phone was covered in the middle of the water."
tifu-test-01547,i was in a church with a girl who had a crush on a high school conference.
tifu-test-01548,"i peed in a new year's law, and now i have to pee."
tifu-test-01549,"i thought my cousin's new house was in the bathroom, we were actually taking a shit."
tifu-test-01550,i was in a big company and my boss was in law.
tifu-test-01551,"i invited a prostitute to a prostitute party, she said i was a prostitute, and i told her it was a prostitute."
tifu-test-01552,i broke my tooth and broke my tooth
tifu-test-01553,i tried to clean up my old file and ended up deleting a file of a file on my hard drive.
tifu-test-01554,"i tried to help my mom with superglue, and now i'm stuck in the process."
tifu-test-01555,i slept in the couch and my so's sister is sleeping in the couch.
tifu-test-01556,i tried to turn off the garbage disposal in the sink and ended up making an idiot mess.
tifu-test-01557,"got drunk, had a hangover, got a shitty, and had to pay for a while i was driving home."
tifu-test-01558,i got a blowjob in my hair and my wife caught me naked.
tifu-test-01559,"i got too high, tried to get a tissue, ended up with a huge mess in my mouth, and had to call my bleeding."
tifu-test-01560,i was being a big magnet and i accidentally told my teacher that i was a gun.
tifu-test-01561,"i tried to climb a tin for the first time, but it was a 10 year old."
tifu-test-01562,went to a surprise party with my sister and sister in a surprise party.
tifu-test-01563,told my friend that i had a prank joke about it. she told me she was pregnant and now i'm a prank.
tifu-test-01564,"i put a lid in my eye, it exploded and the lid exploded."
tifu-test-01565,i accidentally insulted a girl by telling me about an innocent woman and now i'm afraid of being offended by a cat.
tifu-test-01566,"i set a bag of fire nuggets in the oven, it was a fire and the fire went down."
tifu-test-01567,i was at the zoo and my brother was being attacked by my brother.
tifu-test-01568,i used toilet paper paper instead of toilet paper and now i have to wait for the rest of my life.
tifu-test-01569,i was drunk and i accidentally told a girl i like to leave my friend and she was laughing at me.
tifu-test-01570,i broke my elbow and broke my arm and had to have a broken arm.
tifu-test-01571,"i met a guy on a train, he was trying to talk to me, i was not a man, and i was forced to meet him."
tifu-test-01572,"i was on a train with a guy, and i got caught by a man who was being on me."
tifu-test-01573,"i made a potato potato for a potato in school, and now i have to make a new job."
tifu-test-01574,i got really high and took an o-p.
tifu-test-01575,i fell on a road and fell on my right knee.
tifu-test-01576,i wrote a book that i wrote to my dad's mom.
tifu-test-01577,ate a can of college for half a year and almost died in the middle of my life.
tifu-test-01578,i accidentally showed a picture of my workmate's art and she was staring at her art.
tifu-test-01579,"i was sick and had to go to the bathroom with my boss, and i had to shit in my mouth."
tifu-test-01580,i got a hairburn on my junk and it burned my balls.
tifu-test-01581,"went to the bathroom, got caught in the urinal, got caught in the urinal"
tifu-test-01582,"i ate a dog, got the dog in the car, and then ate it, then ate the dog, and then proceeded to get it back to the car."
tifu-test-01583,i was watching a movie with a girl i liked and ended up spilling her off.
tifu-test-01584,i fucked up by not knowing what i was a video of my school.
tifu-test-01585,"i tried to pee in a cafa cup, ended up with a girl in the bathroom, and i had to wait for a while i was wearing the toilet paper."
tifu-test-01586,i am not a new user and can't read it.
tifu-test-01587,"i tried to uninstall my steam, ended up installing my steam and my windows and my windows is now waiting for over my entire few hours."
tifu-test-01588,i dislocated my daughters in my daughters birthday party.
tifu-test-01589,"i accidentally told a dead man that his father was dead, he was not being able to drive away."
tifu-test-01590,i broke my hand open door open a door and it was a dick.
tifu-test-01591,"got high, got caught, got caught by a cop, got caught by a cop, and got caught by a cop."
tifu-test-01592,i set up late for the first time and woke up late for my first day.
tifu-test-01593,"i tried to get a pen in the face, ended up being a pen in the face."
tifu-test-01594,"i tried to replace a dryer, ended up destroying my face and ruining my face."
tifu-test-01595,"i got a free money, got charged by a police, and got kicked out of the store, and got a $500 bill, and a police, and a police, and a police, and a police bill."
tifu-test-01596,i went to a bar to meet up a beer and ended up getting kicked out of the bar.
tifu-test-01597,"dropped phone, broke it, broke it, broke it, broke it, and broke it."
tifu-test-01598,i tried to spray my garden with a spray to spray it with a spray.  i ended up with a small bit of chemicals.
tifu-test-01599,i got high and threw up a bunch of weed in the house.
tifu-test-01600,"i got a piercing piercing piercing in my work, got a piercing nose."
tifu-test-01601,i shat myself and my boyfriend and i had to shit in my butt.
tifu-test-01602,i told my co-worker that his wife's wife died.
tifu-test-01603,i drank too much and drank my friend's drink.
tifu-test-01604,i wore a shirt in amer and now i have no shirt.
tifu-test-01605,i got a card of coin tickets and got banned for it.
tifu-test-01606,i'm a dumbass
tifu-test-01607,"i left a new ipod at school, and now i'm a dumbass."
tifu-test-01608,don't trust to a friend's friend's party.
tifu-test-01609,"i wrote a very important plagolic in my school class, and now i'm fucked up by writing out of my professor."
tifu-test-01610,"tried to wash menthol, got a bath in my shower, got a shower full of menthry, and got a shower burn."
tifu-test-01611,"i tried to make a girl get the milk out of the coffee, and ended up making her feel like a girl in the process."
tifu-test-01612,i sat on my left seat to the wrong person and my crush got stuck in the middle of my left leg.
tifu-test-01613,"went hiking, got lost, got lost, almost died."
tifu-test-01614,"i was in a deep cave, and i walked into a cave of a sea cave to get caught by a glass of water."
tifu-test-01615,"i got a water bottle of russian in the airport, and i lost my passport in the airport."
tifu-test-01616,i walked in a public toilet and my friends walked in on a strangers bathroom and my girlfriend walked in on me.
tifu-test-01617,i left my hair with the haamy spray.
tifu-test-01618,i wore a booty boot on my bed and ripped my toe off.
tifu-test-01619,"i lost my work on a work with a new company, and then lost my job."
tifu-test-01620,i got stuck in a dress room and got stuck in the wrong room.
tifu-test-01621,"i got a soapy bottle of soap, and got a mouth full of my own mouth."
tifu-test-01622,i moved to my hotel break to my new girlfriend and forgot about it.
tifu-test-01623,i broke my weight and now i'm a fucking idiot.
tifu-test-01624,i broke my laptop and broke my laptop and now i'm stuck with a $500.
tifu-test-01625,i bought a bunch of money from ebay and now i'm too lazy to buy a new one.
tifu-test-01626,"tried to make a fake wound, ended up cutting myself with a hospital."
tifu-test-01627,"went to the beach with my friend, ended up being a bowy and a half-year old lady."
tifu-test-01628,i accidentally gave a frozen cream cream to my girlfriend's face and i almost got a face of ice cream.
tifu-test-01629,"i accidentally left my vagina in her vagina after sex, and her mother saw it."
tifu-test-01630,"i got high, got high, got distracted, and inhaled the waxer."
tifu-test-01631,"got drunk, slept out of hotel, woke up and slept in the bathroom."
tifu-test-01632,"i got hot sauce on my bed, got hot sauce on my bed, and had to pay for a long time."
tifu-test-01633,"i took my allergy medication for a week, and now i have a shitty allergy."
tifu-test-01634,i put the dress tag on a dress tag and the security security tag was stolen.
tifu-test-01635,"i got caught with my ex, and now i'm in the shower with a year old girl."
tifu-test-01636,i accidentally gave a pizza delivery to a man who was not paying for it.
tifu-test-01637,"broke my glasses while driving, broke my glasses, and broke my glasses."
tifu-test-01638,i got a date with a guy i was trying to pick him up. he was too late and i was too close to my house.
tifu-test-01639,i tried to play halo on my school computer and got banned from it.
tifu-test-01640,i ripped my grandmother's window and ripped my clothes off.
tifu-test-01641,"i fucked up by not knowing how to do a tractor, and he got stuck in the barn."
tifu-test-01642,"i slept in the morning and woke up to my parents' house, woke up to sleep and woke up the door open to my parents' sleep"
tifu-test-01643,i left a pool in the pool and flooded the pool.
tifu-test-01644,i accidentally threw away the dishwasher and flooded the dishwasher.
tifu-test-01645,"i tried to move my brothers car, and now i can't get it towed in the driveway."
tifu-test-01646,"ate spicy peppers, got sick, ate a shit, and had to eat it."
tifu-test-01647,"i was too interested in the group of my ex, but i told her i was too interested to be friends."
tifu-test-01648,"i tried to clean my bathroom with bleach, and now my bathroom is a good idea of me."
tifu-test-01649,"i was too excited to my face, and i'm bored with the door."
tifu-test-01650,"i got too much and threw up a huge mess of lemonade in my living room, and my cat ate it all over the floor and my cat."
tifu-test-01651,i went to the bathroom and got my underwear stuck in the basement.
tifu-test-01652,"i was in a high school, got stuck in the balls, and my ball was stuck in the balls."
tifu-test-01653,friend and i got into trouble with a keyboard and i accidentally punched it.
tifu-test-01654,i spent $200 on crappy drive and spent $200 worth of my life.
tifu-test-01655,"i tried to flush my bathroom, but instead i'm a teenager."
tifu-test-01656,"i thought my gf was a job, she said i was doing and now she wants to look for it."
tifu-test-01657,i was a dick and told my friend to fuck me up.
tifu-test-01658,"i went to the er and crashed my bike into a palpike, got a shitty, and had to pay for a week to get rid of the rest of the way."
tifu-test-01659,i told my friends to drop up a group of my classmates in front of my class.
tifu-test-01660,"farted in the shower, farted, and had to work."
tifu-test-01661,"i was in the hospital for my first time, i decided to walk home, and now i have a gcdonald."
tifu-test-01662,"my mom found weed and i was a bong, and i was a bong."
tifu-test-01663,i'm a dick and a girl.
tifu-test-01664,i burned my house down the house and now i'm probably going to fix it.
tifu-test-01665,i tried to save my dad's email address to my dad's e-mail account.
tifu-test-01666,"i broke my collarbone and broke my collar, and now i'm a fucking moron"
tifu-test-01667,i got drunk and was too drunk. i was too lazy to tell my friend that i was going to the party. i was a little bit drunk.
tifu-test-01668,"i tried to open a new pc, ended up breaking my computer, and now i'm working on a new computer."
tifu-test-01669,"i sent a guy a xbox for $600,000 in the mail and now i'm paying $600 for $600."
tifu-test-01670,i fucked up by not knowing how to do a job interview.
tifu-test-01671,i got too nervous and punched a car.
tifu-test-01672,i dropped my pen in the street and the pen landed in the street.
tifu-test-01673,"ate too much blood, got sick, threw up, threw up in hospital, had to get a surgery."
tifu-test-01674,"i tried to get my heel on a disabled rollerecap, ended up spipped my knee and got suspended for a month."
tifu-test-01675,i thought i was talking to be a computer with my teachers and ended up making a picture of the projector and the whole class was sent to the projector.
tifu-test-01676,i fucked up by not knowing how to do.
tifu-test-01677,i was supposed to be a vacuum and ended up being fired by a vacuum.
tifu-test-01678,"i got drunk, told my friend i was gonna have sex with her, she told her to sleep, i'm a virgin."
tifu-test-01679,i was too lazy to get my car keys and i ended up being stranded by the police.
tifu-test-01680,"got super drunk, threw up in a parking lot, vomited all over myself, and then threw up in my car."
tifu-test-01681,"** got drunk, fell asleep in the face, fell asleep in the face and hit my head in the head with a huge gash club."
tifu-test-01682,"got drunk, got drunk, got arrested, got arrested, got kicked out of jail, got kicked out of jail, got kicked out of the car, and now i'm a dumbass."
tifu-test-01683,"i got a new job, and my friends are still pregnant."
tifu-test-01684,i got a guy's penis.
tifu-test-01685,"i got suicidal, got suspended, and made a suicide joke about it."
tifu-test-01686,"i told my friend that he was bleeding, i said ""hey"" and now i'm bleeding."
tifu-test-01687,i got a blister and a blister.
tifu-test-01688,i told my son that he was laughing at me.
tifu-test-01689,i'm a dumbass.
tifu-test-01690,"i got a shitty nose in the bathroom, and i got a bloody mess."
tifu-test-01691,i gave a homeless man a homeless man for $100 dollars and he thought i was homeless and now i'm homeless.
tifu-test-01692,"i thought my daughter was pepper, but it was funny."
tifu-test-01693,"i tried to make pancake, and my dad burned the stove down."
tifu-test-01694,"i broke my gpu's computer, and it broke it up."
tifu-test-01695,"i got cockroaches in the toilet, and it was a woman who had a bloody mess in my hair."
tifu-test-01696,i went to the archaeological site and fell over a big pile of a dead rock in the head.
tifu-test-01697,i tried to grab a balloon and ended up being a bad man
tifu-test-01698,i tried to kick a boxing and got kicked out of my face.
tifu-test-01699,i tried to make pizza and ended up costing my money to pay for it.
tifu-test-01700,"tried to clean a drain, ended up with a clogged pipe, clogged my sink, and got a big cut in my sink."
tifu-test-01701,"got drunk, got cocky, pissed off by a bar."
tifu-test-01702,i made a joke about my girlfriend's girlfriend and i made a joke about it.
tifu-test-01703,"i took a shit in the middle of a bus, got shit all over the way and had to poop my pants."
tifu-test-01704,i was too a fire and set off a fire alarm in a door.
tifu-test-01705,i sent a catholic joke to a church and my uncle is having to be fired.
tifu-test-01706,i accidentally killed a tree of a tree and it exploded in the cold.
tifu-test-01707,"i tried to help a dog with a dog, ended up getting a shitty and almost got caught by a dog."
tifu-test-01708,i got sunburned in my friend's garden and now i have to stay in the summer.
tifu-test-01709,"i made a little girl cry in the face of a crowded city, and made her cry like an idiot."
tifu-test-01710,"i tried to help a friend out of a shopping basket, ended up getting stuck in the process with a hand of my fingers."
tifu-test-01711,my girlfriend found tampons and her exfriends exs exs and she got a bloody mess.
tifu-test-01712,"i left my house open and the house in my house, and i left the house open and the house on fire."
tifu-test-01713,"i walked out of the house to walk in the city, walked around the street and walked out of the city."
tifu-test-01714,"i was a blind girl who was in a black girl's face, and i got caught by a black girl."
tifu-test-01715,"i sent a package to a girl i thought was supposed to be delivered, but it was actually a parcel of a week."
tifu-test-01716,"i was in a debate with my friend, i accidentally flipped her hand in the middle of my hand."
tifu-test-01717,"i was asked to help a charity for a charity event, and i was asked to help him to the charity."
tifu-test-01718,"i was hiding in a girl’s scout scout, got arrested by cops, and got caught by police cops."
tifu-test-01719,"went to a parking lot of my girlfriend, got caught by cops, had sex with her, and was told by police."
tifu-test-01720,"i accidentally called a girl a girl in the face of a class, and now i'm a dumbass."
tifu-test-01721,i fucked up by telling my cousin that i had a divorce birthday and now i'm not paying attention to my family.
tifu-test-01722,i opened a gas of my boss's office and now i'm a half-worker.
tifu-test-01723,i got high and told my boss i was going to work.
tifu-test-01724,"i fucked up by not realizing that my haircist looks like a hairdist, and now i'm really fucking a good job."
tifu-test-01725,"took pills, took pills, almost died."
tifu-test-01726,i tried to clean my drain and ended up with a new shower cleaner and a half of a gas in my house.
tifu-test-01727,"i got a hot sauce and put my contact in my mouth, and then had to wash my face."
tifu-test-01728,i played scooter in a musical concert and now i'm a dick
tifu-test-01729,"tried to be a goodass, ended up breaking my toe on the chair."
tifu-test-01730,i locked my bathroom door and locked the door in the bathroom.
tifu-test-01731,"i was supposed to meet a girl, but i didn't see her, she's not the only one of the most awkward."
tifu-test-01732,"got high, went to a park, got high, got high, lost my friend's car, got a walk to the park, got a park, and was a half-ass"
tifu-test-01733,i drank too much beer and passed out in a blead of beer.
tifu-test-01734,"went to a club, got drunk, got a nice baton, got a nice baton, got a nice bloody, got a nice girl, and now i'm a dumbass."
tifu-test-01735,"i tried to rescue my dog, and my dog got me kicked by a dog."
tifu-test-01736,i got arrested for being arrested by a text and my mom got arrested.
tifu-test-01737,"i tried to help my wife, but instead of getting a butt in the shower."
tifu-test-01738,"i got killed by a guy who was looking for a gun, and then i got killed."
tifu-test-01739,"i had to wear a dress for my daughter and my daughter's daughter, and i had to wear a dress for the first time."
tifu-test-01740,"i used a very attractive woman to get a condom, but it didn't work, and i'm very embarrassed."
tifu-test-01741,i played football and landed my ligament and landed my ligament.
tifu-test-01742,i got a bad sunburn and ended up with a half-up that i had to go on a long trip to the beach.
tifu-test-01743,i was a little friend and i didn't have a crush on the way to my friends house. she's pissed and now i'm a bit of shitty.
tifu-test-01744,i was in a hospital and my best friend and i made a joke about it.
tifu-test-01745,i sent a picture of my girlfriend's photos to drop up on a photo of photos and her mother saw it.
tifu-test-01746,"i got chased by a guy, and then he flipped me off."
tifu-test-01747,my wife and i had a nasty breakfast with my wife.
tifu-test-01748,"i was riding a hill in front of a guy's car, and i got a new car."
tifu-test-01749,"i got fired, and now i have to pay for 2 weeks to pay for the first 2 weeks."
tifu-test-01750,"i took a shower in my bathroom, and forgot to check it in the bathroom, and my little sister saw me naked."
tifu-test-01751,"i asked a girl i liked her, she was a female, and i ended up getting a beer"
tifu-test-01752,i went on my chest to see my chest and ended up smacked my chest and a half-smoken coughing my chest.
tifu-test-01753,"i got a very busy job for a girl i liked, and a girl i had to give it back to the next day. i'm going to the hospital for a year."
tifu-test-01754,i fucked up by not knowing what i was going to die.
tifu-test-01755,"i felt like a girl, but i felt like a fatass."
tifu-test-01756,"i got a shitty, and my mom found out of me."
tifu-test-01757,i ate luna bars bars and the girl thought i was a girl who was going to be looking for them.
tifu-test-01758,"i tried to throw a piss in my bed, ended up with ants and a whole chunk of ants."
tifu-test-01759,i made a fart cake and it was a fart cake.
tifu-test-01760,"got into a church, passed out, got hit by a car, and got my license."
tifu-test-01761,i locked my keys in the rainbox and locked my keys in the rain.
tifu-test-01762,"i was drunk, and my brother and i had sex with my girlfriend."
tifu-test-01763,"i got a homeless man's car, and i got a homeless man."
tifu-test-01764,i accidentally stole a homeless lady's day off because i was crazy and she was probably going to the city.
tifu-test-01765,i got a new orgasm and got a new orgasm.
tifu-test-01766,"i tried to date a girl, ended up making her look like a little girl."
tifu-test-01767,i got kicked by a kid and got kicked out of the bed.
tifu-test-01768,i sprayed deodorantantant on my friend's room and got caught by a fire.
tifu-test-01769,i was swimming in the middle of the ocean and it had to get a piece of my backpack.
tifu-test-01770,"i tried to clean a pocket from my girlfriend's apartment, ended up having a wet pussy pussy pussy."
tifu-test-01771,"i sent a question about a class that i thought was a question, it was a question, it was a question, and it went to rape me."
tifu-test-01772,i forgot to listen to my ear and now i'm probably going to the bar.
tifu-test-01773,i ate a potato pudding and it was a bad idea to eat rice.
tifu-test-01774,i accidentally created a giant pile of molden noodles in my dorm for a month.
tifu-test-01775,: i burned my chicken nugn with some chicken nugn
tifu-test-01776,i ate a pizza while eating a hot meat and my girlfriend saw me naked.
tifu-test-01777,i accidentally wiped my phone down the toilet and it was over $20 hours of the whole day.
tifu-test-01778,i broke my calf and broke my calf
tifu-test-01779,i was looking for a plane on a plane and was asked to hide the guy who was blind.
tifu-test-01780,"i got homeless, and i lost my mom's life."
tifu-test-01781,i had a dick with my fiancé and my friend's friend's friend.
tifu-test-01782,"went to maui, got caught by a nude beach."
tifu-test-01783,"i went to school and got a rockstar, and ended up getting a huge dose of work."
tifu-test-01784,"sent a snap to my friend, she was too nervous about it."
tifu-test-01785,i left my school phone in my school and now i'm fucked up by my dad.
tifu-test-01786,"i left my apartment in the middle of my apartment, got kicked out of the house, and got kicked out by the cops."
tifu-test-01787,i was mammed by a lawn and cut my hand.
tifu-test-01788,"i was driving on a deer road, and i crashed my car."
tifu-test-01789,i was playing a red girl and turned off to be a red lightlight.
tifu-test-01790,"i laughed at a friend's fang, he laughed at me, i laughed at him, and now i'm probably going to die."
tifu-test-01791,i got a headache and put my head on my head.
tifu-test-01792,i was a new friend and decided to kill a girl's vagina.
tifu-test-01793,"i left the house in my basement, my grandma's house, and i'm now in a bad mood."
tifu-test-01794,"went skiing, got lost, got lost by a tree."
tifu-test-01795,i tried to help a construction road and ended up getting stuck in a different direction.
tifu-test-01796,i tried to help out the wrong person with my phone and ended up getting a shitty of microsoft and a half of my job.
tifu-test-01797,"i was in the basement for a year, i'm a woman who is probably getting towed, and i'm now in the basement."
tifu-test-01798,"i tried to save the dog, ended up being attacked by a dog."
tifu-test-01799,i used a ipad on my ipad and my mother saw it.
tifu-test-01800,"i went to a public bus with my teacher, ended up being kicked out of the bus and got kicked out of the bus."
tifu-test-01801,i called a black kid a black name and got a black eye.
tifu-test-01802,"i tried to do a homework, ended up getting a shitty in the middle of my class."
tifu-test-01803,i broke my girlfriend's laptop and now i'm broke up with a usb keyboard.
tifu-test-01804,i tried to get my sister to the car and ended up getting stolen by a car.
tifu-test-01805,i pissed myself by not realizing that i was going to take a shower.
tifu-test-01806,i met a girl on the room and i'm gay.
tifu-test-01807,i used shampoooo on my own body and it's not so i'm in the shower.
tifu-test-01808,i went to the bathroom and got caught by a turinal.  i am now having to go to the bathroom.
tifu-test-01809,i'm an idiot who i'm a dumbass.
tifu-test-01810,"i got a new phone, and accidentally put it in the face, and my phone was too late."
tifu-test-01811,i got a bag of bang weapons and i accidentally punched it out of a bag of a bag of people.
tifu-test-01812,i dislocated my collar in a busy camp and got my collarboneed by a broken bone in my arm.
tifu-test-01813,i used the toilet and my uncle used to use the toilet and my uncle was in the toilet.
tifu-test-01814,i accidentally swallowed a strawberry with strawberry and it was choking.
tifu-test-01815,"i bought a new headset, and it broke my head."
tifu-test-01816,i got my christix stuck in my wall and broke my face.
tifu-test-01817,i got fired on facebook and now i'm going to get fired.
tifu-test-01818,"got a concussion, passed out of orange juice, and now my back is in the face."
tifu-test-01819,i tried to make a joke and ended up making a mistake of myself
tifu-test-01820,"i tried to clean up a plastic box, and ended up with a broken mess."
tifu-test-01821,"i got drunk, and i got a headache."
tifu-test-01822,**
tifu-test-01823,i left a laundry in my washing machine with a washing machine.
tifu-test-01824,i asked a kid i had some internet with his friend and he was looking at all the time. he was not a high school with his friend.
tifu-test-01825,i ate a nut of peanut in a nut and it was a nutty allergy.
tifu-test-01826,"i was in love with a girl i liked, and i was too nervous to get into a new one of my life."
tifu-test-01827,i got fired for a job and it was a free job.
tifu-test-01828,i was walking around a dog and chased the leash.
tifu-test-01829,"i tried to get a candy, ended up swallowing a lot of candy and a half of my jaw."
tifu-test-01830,i got drunk and hooked up with a girl i like to hook up with a beer.
tifu-test-01831,i got drunk and passed out of a water.
tifu-test-01832,sent my boyfriend a picture of my boyfriend and my boyfriend.
tifu-test-01833,i was so a kid and i had a balloon and ripped it up my left finger and ripped my finger on my finger and ripped my finger.
tifu-test-01834,i asked a friend to give him 10 dollars.
tifu-test-01835,i tried to use a litter box and ended up shitting my cat's box and she's scared of it.
tifu-test-01836,"i was in love with my best friend, got a girlfriend a french kiss, and now i'm in trouble with a girlfriend."
tifu-test-01837,"got fucked up by a car, got arrested, got arrested, got arrested, and now i'm fucked up by a police."
tifu-test-01838,i was too excited to be a gift and i got a little girl.
tifu-test-01839,"went to the cave, got high, got scared by a flashlight, got stuck in a small cave, got bit of nowhere, and had to walk to the cave."
tifu-test-01840,i got a little drunk and got frosty cake all over my carpet and my girlfriend's roommate.
tifu-test-01841,i cut my leg open with a huge artery and cut my leg open.
tifu-test-01842,i got sprayed for the ocas and got sprayed for 2 hours.
tifu-test-01843,i accidentally used a raplist for a class that i thought was a trap of music and it was just a trap of my class.
tifu-test-01844,"i got a test and didn't read it, got a test and a test."
tifu-test-01845,"** took a shit out of my landlord, woke up the building and made a mess of my landlord."
tifu-test-01846,"i got a boner, and my girlfriend saw me a boner."
tifu-test-01847,i was too lazy to work and got my job fired by being too close to work.
tifu-test-01848,i was too embarrassed to my friends and my friends and i decided to talk about it.
tifu-test-01849,"i got a free drunk, cut my thumb, and now i'm probably going to get a band."
tifu-test-01850,i went to a walk home with my hands and got caught by a cop.
tifu-test-01851,"i tried to play a goalkeeper in a meeting, ended up getting a second chance of my team and now i'm not able to play in the team."
tifu-test-01852,"i burned a frencho, it burned the microwave, and the microwave was probably burned."
tifu-test-01853,i accidentally hit a dj's cd in the face and it hit the whole audience.
tifu-test-01854,i crashed my first car and crashed my car.
tifu-test-01855,i made a dirky girl cry and i am now in a shitty with a girl.
tifu-test-01856,i got high and locked my dad in the snow.
tifu-test-01857,i tried to save a hot poop in the sink and ended up with a hot fire in my mouth.
tifu-test-01858,"i got fired for being a meeting with the boss, and i had to leave the day to the office."
tifu-test-01859,i sent a picture of my friends nudes to a friend and now he's probably going to have a friendship with me.
tifu-test-01860,i wrote a joke about a rape joke about a rape hohn and got caught by the principal
tifu-test-01861,"i tried to fix a new network, but instead i can't fix it."
tifu-test-01862,i tried to make a dumbassass and ended up being a dumbassassass.
tifu-test-01863,i kicked a possum in the middle of a possum in the middle of the woods. it was a good idea for a while i was pregnant and i was scared to kill it.
tifu-test-01864,i was in a rush with a man who was trying to get some cash from the face and i ended up getting kicked out of the face.
tifu-test-01865,"i gave a free gas to a charity station, and he gave it back to charity."
tifu-test-01866,"i tried to have a nice time with a tampon, it was a little bit of my girlfriends, and i ended up having to clean it up with a tampon paper paper that was on my mouth."
tifu-test-01867,"drank too much weed, got a very high dose of caffeine, and ended up with a brokenover in my couch."
tifu-test-01868,"i got fired, and told my manager that i was going to get fired."
tifu-test-01869,i shot a rabbit in my yard and it exploded in the face.
tifu-test-01870,"i thought i was a scam, got scigist, and didn't realize i was looking for a scam, got scammed by a random stranger, and now i'm a scigististist."
tifu-test-01871,i was too lazy to run into my apartment and ran into a shit.  i ran into the wrong apartment and ran into the wrong apartment.
tifu-test-01872,"got drunk, drank too much, got drunk, drank a shot, got a shot of my girlfriend, and got the cops called the next to get her home."
tifu-test-01873,i burned my privates in the air and now i'm a fan of shitty.
tifu-test-01874,"dad saw me porn pics, i found out he was a porn."
tifu-test-01875,"i let my cat out of my roommate's window, he was scared and i was left to the vet."
tifu-test-01876,i set off the alarm alarm and set off the alarm alarm.
tifu-test-01877,i left my car open for my car and it was all night.
tifu-test-01878,"went to a camp camp with a friend at the event, got asked for it."
tifu-test-01879,i fucked up by using my balls and my balls.
tifu-test-01880,i let a prank in my sister and she got a face covered in the face.
tifu-test-01881,"sent a message to a colleague, sent a message to a coworker."
tifu-test-01882,**
tifu-test-01883,"got drunk, got drunk, pissed off by a girl, got fucked up by a girl who i was not in touch."
tifu-test-01884,"i got a new job, now i have a new girlfriend and i'm not in trouble with a year."
tifu-test-01885,i found my cat's dead cat and he got a shitty.
tifu-test-01886,"** got kicked out of a game, got kicked out of the game, and a kid who was playing with a ball."
tifu-test-01887,"i tried to open the door, ended up breaking my door open and my mum in the morning."
tifu-test-01888,"i was a crazy man who was trying to get some ice cream, but i ended up being a good man."
tifu-test-01889,got my pinky finger stuck in my hand and got a cut cut off.
tifu-test-01890,"i was a job interview, and i'm not a human person who had a stalker."
tifu-test-01891,i tried to do a good idea to be a good idea to be done by the aquarium.
tifu-test-01892,i forgot to put snow on fire and it was a snowmobile.
tifu-test-01893,"i got a bad friend, and i punched her in the face, and now i'm a dumbass."
tifu-test-01894,i was being a creepless and i accidentally touched a girl in the dark.
tifu-test-01895,"i took a large ant ant with the mummy ants, and ended up in the middle of my arm."
tifu-test-01896,"i was too lazy to go to the kitchen, and ended up with a scorpion."
tifu-test-01897,"i was trying to snapchat with my girlfriend, my girlfriend and i accidentally sent it to my girlfriend."
tifu-test-01898,i fucked up by not knowing my life and she was in a relationship with a girl i was being drunk and i was not in the worst way to have a new one time.
tifu-test-01899,i got drunk and tried to get my mom to get my car stolen.
tifu-test-01900,i'm an idiot who can't stop the can of the can of the can of the can of me.
tifu-test-01901,i tried to hold a door open door open door open door open door open door open door for a door.
tifu-test-01902,i called my mum a number and forgot to take a couple of her name.
tifu-test-01903,"i was reading reddit, and my uncle asked me to take a picture of reddit."
tifu-test-01904,i fell asleep on my desk and fell asleep on my desk.
tifu-test-01905,"i got a hooker and a prostitute, got caught with a hooker, and a random stranger called me a prostitute."
tifu-test-01906,i accidentally told a man that i was a driver driver and then he was too embarrassed to tell him about it.
tifu-test-01907,i accidentally gave a drug of a drug dealer for a week.
tifu-test-01908,i smoked a joint on my work and she was almost met off.
tifu-test-01909,i'm an idiot who has a stomach on my thighs and i'm allergic to my thighs.
tifu-test-01910,"got drunk, slept with a girl, slept in the face, woke up with a turtle, and then found out she was sleeping."
tifu-test-01911,i said that the god was the meaning of the meaning of the world of the most powerful sex in the universe.
tifu-test-01912,"i got a football stuck in my balls, and it hurt me."
tifu-test-01913,"i ran out of my car door, and ran into a car to get my car fixed by my neighbor."
tifu-test-01914,i got a really lazy and fell in a bath bath with a sandy bath in my hands.
tifu-test-01915,i played a game of the game and played it on my computer and got a $100 for the rest of $1.
tifu-test-01916,i tried to help a pal and ended up getting a shitty.
tifu-test-01917,"i ate a few day old milk, and got the milk of the milk."
tifu-test-01918,i got drunk and puked on my boyfriend's face.
tifu-test-01919,i broke my car wash and it was a good idea.
tifu-test-01920,i kissed my girlfriend for the first time and i'm too drunk to kiss my girlfriend.
tifu-test-01921,i got a cotton swabab from my ear and it turned out to be a piece of blood.
tifu-test-01922,i was trying to have sex with a friend and i said her parents were going to have sex.
tifu-test-01923,i tried to save a dog treats and ended up getting a dog treat by a dog.
tifu-test-01924,i put a can of camp in a can of camp for over camping. it was so hot and i almost burned it with a lot of things.
tifu-test-01925,i got a white pizza and burned my friends with a white pizza
tifu-test-01926,"got drunk, got a girl stuck in the face, got a bloody nose bleed and got a bloody nose bleed"
tifu-test-01927,"my fartus said ""fartus"" in front of my church."
tifu-test-01928,"i got a new cock-cut off my finger, and my brothers, and i am now afraid of that."
tifu-test-01929,"went to my gym to watch a pair of johnahah pants, accidentally gave them a picture of my dick."
tifu-test-01930,"i got drunk, shat on my gf, and then proceeded to be a shitty in my gf's pants."
tifu-test-01931,"i left my pool in my pool, and my parents found it all day, and i'm now in a half an hour of my pool."
tifu-test-01932,"i met a girl i like a girl, she got mad and now i'm scared of being going to bed."
tifu-test-01933,i laughed at a holocaust in front of a holocaust.
tifu-test-01934,i tried to play dota 2 and ended up with my teammates.
tifu-test-01935,i accidentally left my girlfriend's forearm on her forearm and she thinks i'm a freak.
tifu-test-01936,"i got really bad, ate a bite of ants and got a bite of ants."
tifu-test-01937,**
tifu-test-01938,i let my dog hamster a hamster and got a hamster.
tifu-test-01939,i got a birthday party ticket for a birthday at the northern festival.
tifu-test-01940,i tried to use a bottle of drolly and ended up with a bottle of my hand.
tifu-test-01941,"i got married, and now i'm gay."
tifu-test-01942,"got a new job, got a new one night, got a new one night, got a new one night."
tifu-test-01943,tried to help my ass with a blowjob.
tifu-test-01944,i took a coffee in my backpack and it exploded in the cup. i'm too lazy to buy it.
tifu-test-01945,"i went to the ice shop, got my slipper stuck, and i lost my knee."
tifu-test-01946,i said that the navy was a navy military military and said it was a good idea.
tifu-test-01947,"i got a shitty, shit myself, and my roommate saw me."
tifu-test-01948,i got my best friend's funeral and my mother found out on a funeral and now i'm in a family's family.
tifu-test-01949,"i was lazy, fell asleep, broke my face, and broke my nose, and broke my nose, and my sister's teeth, and i'm afraid of it."
tifu-test-01950,i posted a bunch of facebook to a friend who posted me and now i'm probably going to have a facebook.
tifu-test-01951,"i tried to light up with my sister, ended up with a clogged up my apartment."
tifu-test-01952,"tried to make bugs out of bugs, ended up with a bug."
tifu-test-01953,i shit myself in the bathroom and i tore up the stall.
tifu-test-01954,"i got a new couch, and it turned into my new couch, and i got a new one."
tifu-test-01955,**
tifu-test-01956,told my parents i'm looking for an internet.
tifu-test-01957,i tried to flush my eyes and ended up in a hospital with my dad and a half-year-bosser.
tifu-test-01958,"i was too lazy to open a college drive, ended up with a bunch of work and a bunch of people in the same amount of my college."
tifu-test-01959,"went to a pub, saw my momfriends mom, mom saw her penis."
tifu-test-01960,"went to a beach with my cousin, got caught up on a beach, got caught by a girl, got her butt fucked up."
tifu-test-01961,"went for a hike trip, got stoned by a tree, and my brothers."
tifu-test-01962,i'm an idiot and i'm not able to get a car.
tifu-test-01963,"i was too lazy to work for a job, but i'm not sure i'm a dumbass."
tifu-test-01964,i tried to do an automatic day and ended up almost costing my job and my boss to my boss.
tifu-test-01965,i told my girlfriend i like her on the wrong situation and i'm not happy about it.
tifu-test-01966,"i kicked a trampoline in the trampoline game, i kicked him in the face."
tifu-test-01967,"went to a school, got locked out of the woods."
tifu-test-01968,"i tried to swim in the swimming pool, ended up with my mum in front of the pool."
tifu-test-01969,"i got into a strip club with a striuter club, got a man from the wrong time, and paid for it."
tifu-test-01970,"i forgot to park my truck, and i didn't realize it was a parking lot of my car, and i ended up getting a parking lot of it."
tifu-test-01971,"i got a job from a school that i lost my mom's death, and now i'm going to die."
tifu-test-01972,"i took a shower, and got a shitty vomited all over myself."
tifu-test-01973,i wore a track of a barrier and ended up with my bike.
tifu-test-01974,i sneezed so i sneezed and sneezed my nose.
tifu-test-01975,i was having a girl's name and she thought i was going to die.
tifu-test-01976,i was wearing a bus and i was too hot to tell the truth that i was not a good idea.
tifu-test-01977,i sent a picture of a girl that i was trying to kill her. she was accused of a scam and i was not sure if she wanted to kill me.
tifu-test-01978,i was in love with my best friend and i accidentally sent her a letter to a girl i liked it.
tifu-test-01979,"went to bed, got covered in the bed, got covered in the bed, had sex with my gf's mom, and now i'm a virgin."
tifu-test-01980,i cut my junk ring ring with a metal metal ring and got a nice cut cut in my junk.
tifu-test-01981,i gave a urine infection to a urach.
tifu-test-01982,"i got a crush on a girl i had a crush on her first date, and now i have a terrible chance of work."
tifu-test-01983,i got stuck in a mud truck and got stuck in the mud.  i was too lazy to get it out.
tifu-test-01984,i accidentally texted my brother's phone and now i'm in the pub.
tifu-test-01985,i was being raped by a video and my dad found out i was being raped by the fact that i thought i was being a rapist and now i'm a dumbass.
tifu-test-01986,i was bored and i was bored with chloranyl and i was bored.
tifu-test-01987,"i was a dumbass, got arrested by a police, and was arrested by a police."
tifu-test-01988,"** i was a creepy girl and i was in a stupid mood with a girl i met, i'm not sure about it."
tifu-test-01989,i ate cous with cous cous and almost burned my asshole.
tifu-test-01990,"i got a dick, and made a joke about a group of people who i thought was a dick."
tifu-test-01991,i put my keys in the car and it was too hot.
tifu-test-01992,i accidentally bought a cat bar bar that was a horrible little little little.
tifu-test-01993,"i got a car, and i got a shitty."
tifu-test-01994,i tried to bake my hands with hot water and ended up burning my hands off.
tifu-test-01995,i tried to brush my teeth with a large wound of raw mouth and ended up swallowing a lot of my mouth and a half of pain.
tifu-test-01996,"i got a bad deal, paid £300 worth of money,000 in fifa, paid £300 worth of money,000,000,000,000,000,000,000,000,000,000,000,000,000,000,000,000, and now i have to pay for a month."
tifu-test-01997,"got drunk, got drunk, got caught by a cop, got caught by a cop, got caught by a police."
tifu-test-01998,"i accidentally created a boner and my car is called ""napping"" for sex for sex and ""nucking"" and ""n"" for a while working as well as ""nucking"" and ""n"" as well as well as ""n"" as ""n"" and ""n"" for a while you know"" when you're going to sleep"" when you are."
tifu-test-01999,i got a job and got a bloody head.
tifu-test-02000,"my manager had a few years ago, i accidentally swearing on my ass."
tifu-test-02001,i got drunk and pissed at a funeral and got my mom's ass kicked out of the funeral.
tifu-test-02002,"i shat in my boyfriend's bed, and my boyfriend found out i was in the morning and i'm not sure if i'm a creep."
tifu-test-02003,i smoked weed in class and got a rash.
tifu-test-02004,i was a little drunk and tried to make a joke about a girl i was trying to make a joke about it.
tifu-test-02005,i was a little idiot and ended up being a little driver driver.
tifu-test-02006,"i fucked up by telling my husband that he was cheating, and i told him i was a divorce, and now i have a divorce."
tifu-test-02007,i was a weird man and the guy who used to use an alien abductation.
tifu-test-02008,i was watching a video video and accidentally made a video of myself a video of humour.
tifu-test-02009,"i was riding on a motorcycle and a motorcycle accident, and i got a concussion."
tifu-test-02010,i accidentally sent a female of my new office to my office and she's been sent to me.
tifu-test-02011,i got stuck in the office with a boog and got stuck in the nose.
tifu-test-02012,i met a girl on facebook and now i have no idea what i’m in love with her.
tifu-test-02013,i drove my kids out of a dirt lot and now i have to drive my kids.
tifu-test-02014,"i got my arm stuck in the hospital, and my dad got stitches, and i got a broken arm and a broken arm."
tifu-test-02015,"i was too lazy to tell my friends that i had a crush, and now i have a crush on it."
tifu-test-02016,"went on a date, got a new train, got caught by a random lady, had to walk the airport, got a ticket to the airport, and had to wait for the rest of the rest of the rest of the next day."
tifu-test-02017,"tried to play glowstick with my son, ended up throwing up a glow and a glow-stained."
tifu-test-02018,"i got a bad job, and now i'm stuck in a bad mood with a debt."
tifu-test-02019,i was playing with my parents and i almost burned a paper on fire.
tifu-test-02020,i asked my boss if he wanted to work with my boss.
tifu-test-02021,i walked into a girl's ass and made her think i'm a creep-way girl.
tifu-test-02022,"i cooked a steak, burnt my house, and the house is now in the process."
tifu-test-02023,"i said ""that i was a bully who was a prick, i was a prick."
tifu-test-02024,i clogged my boss's toilet and she had to clean it up.
tifu-test-02025,i fucked up by not realizing i was going to a meeting with my friends and now i have to pay for a meeting.
tifu-test-02026,"i was pretending to show my friend a girl a dick, and ended up being a dick in front of my school."
tifu-test-02027,i got cat attacked by a cat and a cat.
tifu-test-02028,i was being a school with a fake high school and got caught by a police police.
tifu-test-02029,i threw away the ground on the ground and it was a racist person.
tifu-test-02030,"i drank a run, got a run, and fell asleep on my knee, and i was still a bloody man."
tifu-test-02031,"i tried to help a car, ended up with two people."
tifu-test-02032,i made a joke about a girl who was going to make a joke about her dad.
tifu-test-02033,"i got a fake katana, and the fire alarm went off, i hit the door and the whole house."
tifu-test-02034,i burned my wedding down the floor and burned my wedding down.
tifu-test-02035,i stole my dad's shoes and now i'm really dumb.
tifu-test-02036,i was waving at a girl's seat and i accidentally made a gay joke.
tifu-test-02037,i asked a girl out to my crush that i liked her and she was too excited about it.
tifu-test-02038,i got a bf and now i have a new gf and i'm fucked up by my gf.
tifu-test-02039,"i got a waterbaby, pissed off my penis, and my best friend saw me."
tifu-test-02040,"got a spp, didn't pay attention, got charged for it, got a block and had to pay for it."
tifu-test-02041,i drank too much and drank it.
tifu-test-02042,"i accidentally created a ""scish accent"" to a native accent, and it was a scottish accent for a while i was a scottish accent."
tifu-test-02043,went to the theater last night and got tickets for the theater and had to buy a movie.
tifu-test-02044,"i showed my daughter a hot pink t-year old to show her the security guard to my high school, and she then proceeded to show her a picture of shame."
tifu-test-02045,**
tifu-test-02046,i went to a police station and got caught in a crime station.
tifu-test-02047,i threw a package of amazon on amazon and threw it back.
tifu-test-02048,"i got in the club, got a shitty, and got the wrong one of my friends, and i'm in the hospital for 3 months."
tifu-test-02049,i was too drunk and cut my throat open in the morning.
tifu-test-02050,"drank too much, drank too much, drank too much, got drunk, drank some of whiskey, and now i'm not feeling a little drunk."
tifu-test-02051,"i let a homeless homeless man over to homeless room, he got a shitty and now i'm homeless."
tifu-test-02052,"i farted on a fart, farted my pants, and laughed at the same time."
tifu-test-02053,"i was a teenager and my sister found out of my house, i was left in the hall and my sister found out she was on the house."
tifu-test-02054,i peed on my pee and got a pee.
tifu-test-02055,i accidentally sold my mom a box with a gift about her favorite grandmother's favorite song.
tifu-test-02056,i fucked up by being a little brother and he’m a little brother.
tifu-test-02057,"went to see tcu, got kicked over by a half hours, still still haven't."
tifu-test-02058,"i called a police and a woman who had a very cold, i was a police and i'm now living with a police."
tifu-test-02059,"i was a little girl, met a girl, she was actually a pervert, and i was really embarrassed to let her number."
tifu-test-02060,i made a stupid joke at work and now i'm mad at work.
tifu-test-02061,"met a girl at starbucks, she called her dog, she called him and i'm now scared."
tifu-test-02062,i burned a cotton ball with a cotton polish and it exploded in my house.
tifu-test-02063,** i slept in the bathroom and my roommate saw me naked and i was in the bathroom.
tifu-test-02064,"i accidentally created a ""crazy"" and ""karman"" in korea."
tifu-test-02065,"i tried to do a good dish, ended up burning my hand with a hot plastic water."
tifu-test-02066,i got a little liprotant and made a joke about it.
tifu-test-02067,i'm an idiot and i'm not going to get drinks for the whole time.
tifu-test-02068,"i got high and puked in my car, and had to puke it out of my car."
tifu-test-02069,i accidentally killed a cat because i was dying and killed my grandmother.
tifu-test-02070,i was too lazy to do gas gas and a guy who is probably a gas container.
tifu-test-02071,"drank a bunch of pepper, got a shit, and got a shit."
tifu-test-02072,tried to clean my ears with saline and ended up with a concussion head.
tifu-test-02073,"left my new shirt in the middle of my new house, forgot to put her a shirt, got pissed, and now my mom is pissed at me."
tifu-test-02074,"got drunk, got drunk, pissed off by my girlfriend."
tifu-test-02075,"i got a bad nickname, tried to make a joke about myself, ended up being a terribleass and lost my name."
tifu-test-02076,"i got drunk and my cousin found out of my underwear, and my cousin found out that i had a condom."
tifu-test-02077,i was joking about a nazi nazi.
tifu-test-02078,i bought a car that was a good idea that was a car.
tifu-test-02079,"i tried to google kotor wars, but instead of star wars."
tifu-test-02080,i was watching an ad and i am now looking at reddit
tifu-test-02081,i was on the toilet and i had to pee in the toilet.
tifu-test-02082,i drank a bottle of orange mons vinegar and it exploded in the middle of my mom's house.
tifu-test-02083,i got too high and ended up making a cake.
tifu-test-02084,i went to the hospital for a dummy and ended up getting a shitty nose in my mouth.
tifu-test-02085,"i forgot to be a zombie actor, but i got my scripted."
tifu-test-02086,i took ambien's laptop and ended up with a pillow and a half of sleep.
tifu-test-02087,"i hit a basketball ball with a girl, and then got sent to the ball."
tifu-test-02088,"i told a guy that i was gay, told her that he was gay and now i'm gay."
tifu-test-02089,i was too loud and loud at work.
tifu-test-02090,i locked myself out of my bike and it was stuck in the lock.
tifu-test-02091,"i texted a stranger's text to a new year's party, and she ended up getting a ride home."
tifu-test-02092,i used a pop pop pop pop pop out of my girlfriend and it exploded in the process.
tifu-test-02093,ate a soft taco bell and got a soft tooth.
tifu-test-02094,"i got high, and pissed my dick."
tifu-test-02095,"got drunk, threw up in a fight, threw up in the hospital, and got in a hospital"
tifu-test-02096,i thought my girlfriend had a light light light light and it turned out to be a light light light.
tifu-test-02097,"i was too lazy to play a small girl, and ended up with a small open wound in the middle of my head."
tifu-test-02098,"i was absent, and i told my teacher to get a teacher from the class, and i got in trouble for it."
tifu-test-02099,i got a text from my phone and my friends were in trouble.
tifu-test-02100,i was an accidental and told the cba was talking about it.
tifu-test-02101,"i tried to do a good flip flip, ended up getting a shitflip flip and a half of my high school."
tifu-test-02102,i sent a bunch of google app to my coworkers and he ended up with a bunch of google app that he was working with.
tifu-test-02103,**
tifu-test-02104,i slept in the bed with my so i didn't sleep and now i'm sleeping in bed.
tifu-test-02105,"went to the bathroom, hit my head, passed out, passed out, hit my head, passed out, passed out, passed out and hit my head, had to go to the bathroom, had to get a bloody nose in the bathroom."
tifu-test-02106,"i went to the bathroom, saw my mother's shower, and my mother saw me."
tifu-test-02107,"i tried to buy a bucket of sodium, ended up with sodium and burned my fingers and burned my fingers."
tifu-test-02108,i got a nice ass and ended up making a nice look like a cute girl.
tifu-test-02109,"i got a job, told my dad i was dating, and i had to get a job to celebrate."
tifu-test-02110,"i tried to take a water, ended up pissing my boyfriends's ass and then i had to shit in the water."
tifu-test-02111,i made a huge family cry at my uncle's birthday party and now i'm a hell.
tifu-test-02112,i tried to plug my phone into a really charged it.
tifu-test-02113,i played pingpong and ponged the face.
tifu-test-02114,i bought a book for a book that was a zombie comics.  i'm a dick.  i'm a dick.  i'm a dick.
tifu-test-02115,i told my step-dad what i was taking pictures of my step and now she's mad.
tifu-test-02116,i tried to open a man's home with a lighter hole and it exploded in the process.
tifu-test-02117,i pissed in a friend's pants and then got a shitty.
tifu-test-02118,i applied for a job and ended up applying a job that i was a job offer to a company that i had no idea to work.
tifu-test-02119,"i tried to get a chlamydia from my wife, but it turned out to be my wife and i'm probably a per man."
tifu-test-02120,"i accidentally insulted my friend's best friend's best friend, and she probably won't get to the er."
tifu-test-02121,i made fun of the best friend's girlfriend and i told her it was the best friend's day of the most attractive people.
tifu-test-02122,i tried to walk my leash but instead i'm too fast to walk home.
tifu-test-02123,went to the hotel and left my backpack in a hotel.
tifu-test-02124,i’m not a fan of my ex’s grandmother’s grandmother’s funeral.
tifu-test-02125,i got a friend and now i have a friend and i'm in trouble with a friend.
tifu-test-02126,i sliced my thumb too fast and sliced my thumb off the wound.
tifu-test-02127,i was doing a weird thing for my math and accidentally told my teacher that i was talking to him.
tifu-test-02128,i jacked off my girl in front of her mouth and she ended up with a blowjob.
tifu-test-02129,i was doing a dance dance and ended up getting a bench in the arm of a bench.
tifu-test-02130,i uploaded a copy of a university that i was too embarrassed to my university and now i'm going to fuck it up with a friend and i'm not sure if they're going to leave the university.
tifu-test-02131,"got into a rush, got pulled over by a cop, got pulled over by a cop."
tifu-test-02132,i hit a guy and knocked his head and he had to get him a bruise
tifu-test-02133,"i made a dinner, and my dinner smell like a badass, and i'm now in a bad mood."
tifu-test-02134,i accidentally sent a teacher a teacher a file to a student that was about it.
tifu-test-02135,"i got a bjican, and made a bj, and got the hottest taste of my dick."
tifu-test-02136,"i got naked, got naked, and had sex with a girl i like, and now i'm not sure if she's going to meet."
tifu-test-02137,i got my dog's dog stuck in my face and he got a huge mess.
tifu-test-02138,"i tried to get a new phone, but ended up breaking my phone and broke my phone."
tifu-test-02139,"i was in a rainy, forgot to put my landlord in the rain, and my landlord and my landlord and i didn't notice what it was a leak."
tifu-test-02140,"tried to put a fire extinguisher to a fire, ended up setting the fire extinguisher and almost killed the fire."
tifu-test-02141,i cleaned my eyes with bleach and now i'm in the er.
tifu-test-02142,"went to a wedding, forgot to check up my dad's wedding, accidentally showed up my dad's wedding."
tifu-test-02143,i tried to help out some students with our students and ended up getting scissors.
tifu-test-02144,"i got chocolate, i lost a sticky mess and now i'm fucked up my hand."
tifu-test-02145,i set my car in a gas station and the alarm was off.
tifu-test-02146,"i tried to shower the shower, ended up with a huge shower and a half of blood."
tifu-test-02147,i fell on a rac sport and hit my friend's head.
tifu-test-02148,i accidentally drove my friend's pizza and ended up getting a pizza place to the pizza place.
tifu-test-02149,"tried to be a good man, ended up breaking my toe on the chair and now i have to walk on the bed."
tifu-test-02150,i made a very bad microwave in the microwave and it exploded and broke the microwave and i had to pay it to the microwave.
tifu-test-02151,"i was in a rush to the middle of corn on a corn, and i ended up with a knife on my stomach."
tifu-test-02152,"took a little dose of caffeine, didn't sleep well, and now i'm having the worst night of work."
tifu-test-02153,"went on a date with a girl i liked, got sick, threw up on a ride, had to go to the Carnival, got punched, vomited all over the ground and had to go home."
tifu-test-02154,i accidentally left a book in my teacher's desk and now i have to go to school.
tifu-test-02155,"i thought i was 20 bucks,000 dollars for 20 bucks,000 dollars to a guy, turns out he was there, he was a dick and i'm now a dick."
tifu-test-02156,i drank too much coffee and drank too much coffee.
tifu-test-02157,"** got drunk, got horny, got horny, and fucked up my mom."
tifu-test-02158,"i threw a bottle of glue in my face, and the girl saw me a bottle of glue."
tifu-test-02159,i got a new cock in my mouth and it exploded in my face.
tifu-test-02160,i was in a rush with a stranger and i had to spend a shitty for a while i was in the toilet.
tifu-test-02161,"i took a lot of creatineineine, took a few hours of creatine and had to make it worse."
tifu-test-02162,"** i told my friend about surgery surgery, he had a surgery on my chest, and i had a surgery."
tifu-test-02163,i accidentally insulted a muslimian person in the middle of the middle of the country.
tifu-test-02164,i tried to be a good idea and ended up knocking a black eye
tifu-test-02165,"my brother has a history of my history history history, i'm a freak."
tifu-test-02166,i got a beer beer and left a beer with a beer in the cold of beer.
tifu-test-02167,"i got a shitty, got a shitty, and now i have to go to the ericist.  i'm an idiot."
tifu-test-02168,"i got a bad grade on my mom's ass, and now i'm fucked up by a canish."
tifu-test-02169,"i asked a picture of a girl to tell him to get my number, he told me to leave me, i accidentally sent him the wrong number of my face."
tifu-test-02170,i was a dick and a half-year old kid.
tifu-test-02171,"i left my car in the snow after a snowstorm, and my mom got stranded in the snowstorm."
tifu-test-02172,i got a shit out of my life and now i'm crazy and i'm not sure i can't die.
tifu-test-02173,i ate a bunch of weight and got diarrhea poisoning.
tifu-test-02174,"i asked a girl if she was going to her grandmother, she was there, and now she's mad."
tifu-test-02175,i tried to get a drink and ended up getting some extra $3.
tifu-test-02176,i tried to make a bomb and ended up getting a bomb in my car.
tifu-test-02177,i took a piss in the bathroom and got caught in the bathroom.
tifu-test-02178,i was watching a video of my school to watch a youtube video about it.
tifu-test-02179,"went to a ice skating, got caught by a cop."
tifu-test-02180,i forgot my new phone and my car was too busy.
tifu-test-02181,i got a second night playing with a rope and got a scar in my head.
tifu-test-02182,took a nap of my car while taking a nap. woke up with my car open in the middle of my car.
tifu-test-02183,i dropped my co-worker's car and he was supposed to be a cop.
tifu-test-02184,i punched a guy in the face with a guy who was sitting in the face.
tifu-test-02185,i didn't realize that my dead squirrel was in the middle of the school.  i ended up getting a year off of the year.
tifu-test-02186,i let my niece see her little niece a little little little sister.
tifu-test-02187,i got a new car and turned into a car to the wrong way.
tifu-test-02188,"i tried to take my dog out of my own porch, and then got chased by a bunny."
tifu-test-02189,i called a naked girl and called her a naked fetish.
tifu-test-02190,i got drunk and told my ex that i was going to die and he was drunk.
tifu-test-02191,"i farted in class, and farted in front of class."
tifu-test-02192,i bought a bunch of potatoes in my pantry.
tifu-test-02193,i got high and put my dad's van in the parking lot of the parking lot.
tifu-test-02194,i got wet water stuck and flooded the kitchen.
tifu-test-02195,"went to the mall with a girl, got caught by the mall, and had to leave the mall for the mall."
tifu-test-02196,i left a door open the door door and got a new one day later.
tifu-test-02197,i was playing with my roommate's housemate and he left the house open and we got a gas leak.
tifu-test-02198,"ate a shitty, ate a shitty, got a shitty, and now i have to wait for 4 minutes."
tifu-test-02199,"i left my toilet in a clogged toilet, and my dad had to go to the bathroom."
tifu-test-02200,"i broke my glasses, and now i'm going to get a new one."
tifu-test-02201,"i tried to hold a kid, but instead i'm too lazy to kick my arm and i'm now a hell."
tifu-test-02202,i made a game that was too lazy to test and ended up ruining my first game and now i have to spend a few hours of my first game.
tifu-test-02203,i pissed on a guy's piss.
tifu-test-02204,i locked my car open for a lock and locked a guy's car.
tifu-test-02205,"got drunk, got caught with a flashlight, got arrested, and got arrested for a month."
tifu-test-02206,"i gave a man a hamburger for a burger at a burger, he asked for it."
tifu-test-02207,i had a crush on my head and now i have a crush on her head.
tifu-test-02208,i was too lazy to sing to a song and ended up singing like a half-song singer.
tifu-test-02209,"went shopping, lost my wallet, dad found it, and i lost my wallet."
tifu-test-02210,i accidentally switched a usb file in my usb room and got a new one of my usb stick.
tifu-test-02211,"i made a disability joke about being called a disabled person in front of class, and now i'm being called out of the class."
tifu-test-02212,"i was a spider, and i thought it was a spider."
tifu-test-02213,"i was teaching a teacher to eat a sandwich, he got me fired, i told him to eat a sandwich, i got fired, and got fired for it."
tifu-test-02214,"i tried to shit myself with a shitty, ended up having to shit myself in the process."
tifu-test-02215,"i asked for a job interview, but i didn't know how to ask the interview was because i was too nervous."
tifu-test-02216,"i tried to pick up a cop, but instead i was a cop, i was a cop."
tifu-test-02217,"i was in a ocean with my life, and i got stuck in a sea."
tifu-test-02218,"i gave a guy a ticket for the ticket, he got the ticket for it."
tifu-test-02219,"i got a job, got kicked out of my car, and got kicked out of the house."
tifu-test-02220,my dad sent me a surgery of his surgery and i sent him to the surgery. he didn't know i was in the surgery and i'm in the hospital.
tifu-test-02221,"i watched porn video to watch porn, and now i'm a dumbass who thinks i'm a creepish."
tifu-test-02222,i was an idiot and didn't realize i was going to school.  i got a new one night before i was supposed to go to school and ended up with a black light light.
tifu-test-02223,i accidentally emailed my boss by accidentally telling her to my boss that i was doing a job on her desk and she was too embarrassed to get fired.
tifu-test-02224,i was in the middle of the night and i got a shitty and my friends and i was too high.
tifu-test-02225,"i asked a question about a class about a movie about a movie, and ended up making a very funny joke about it."
tifu-test-02226,"i left some weed in my friends house, left a bunch of weed, and left my roommates's house in the night."
tifu-test-02227,i fucked up by not knowing how to do and i was mad at my computer.
tifu-test-02228,"i told a manager that he had a few days ago, he told him to call the manager and i had to explain it to the manager."
tifu-test-02229,i peed on the toilet and got caught in the bathroom
tifu-test-02230,i stabbed my brother's arm.
tifu-test-02231,"i sprayed a bunch of axe to an axe, got suspended for it, and got suspended for being suspended for 3 years."
tifu-test-02232,i left my dog poop in the back seat and it exploded in the back seat.
tifu-test-02233,i tried to make fun bag and ended up being a huge bitch.
tifu-test-02234,"i got a job, and now i'm not sure i'm going to get fired."
tifu-test-02235,i got a nasty habit off my mouth and now i can't get rid of the tongue.
tifu-test-02236,"got drunk, pissed up by a group of people who was in a car and got caught by a blacko."
tifu-test-02237,"i got too high, threw up a spider, and threw up all over my body."
tifu-test-02238,i got pulled over by my dad and i almost got pulled over by my dad.
tifu-test-02239,"tried to cook potatoes, ended up burning my hand."
tifu-test-02240,i am homeless and i am homeless and i am homeless and i am homeless and i am not homeless.
tifu-test-02241,"i left my phone in the middle of my city, got a shitty and missed my phone for 30 minutes."
tifu-test-02242,"i tried to make a fake soccer game with a guy, ended up getting kicked by a broken foot."
tifu-test-02243,i walked into a hallway and got caught by a very awkward guy who i didn't know how to do.
tifu-test-02244,i tried to fix a window and ended up breaking a window.
tifu-test-02245,i got a nose blown out of my bf in the face and my phone is probably breaking up.
tifu-test-02246,i got suspended for a test and cheated on a test that i was not a morious.
tifu-test-02247,i ate jesñoño and got jesño.
tifu-test-02248,i was in a group of jazz band and i got kicked out of the ground.
tifu-test-02249,i left a tea on the stove and it exploded all over the kitchen and the kitchen was covered in the kitchen.
tifu-test-02250,i bought chips for chips and 3.
tifu-test-02251,"i fucked up by telling my ex i was cheating on her, and now i'm a creep."
tifu-test-02252,i took my insulin out of a flash and the neighbours saw me in the middle of my jeans.
tifu-test-02253,i ate a pipe with fiber cleaner and got a shit out of my life.
tifu-test-02254,"i walked in the fire to avoid an old fire exit exit, and i walked out of the fire."
tifu-test-02255,i took a picture of a pacy bag and got fired for it.
tifu-test-02256,i booked a bus ticket for a bus and my girlfriend got a job ticket.
tifu-test-02257,i sent my school a bunch of a project and my school with a bunch of people who had to do.
tifu-test-02258,i pissed my bf and pissed all over my bong.
tifu-test-02259,i watched porn and my grandpa was watching porn.
tifu-test-02260,i got a buffalo wings and got a buffalo sauce.
tifu-test-02261,"took a medication, thought i was dying, turned out to be a doctor, almost died."
tifu-test-02262,i accidentally gave my girlfriend a chocolate shake all over the floor.
tifu-test-02263,i got a new erection on my head and ended up with a dried cum on my head.
tifu-test-02264,i put a vase of fruit vase in my desk and ruined it.
tifu-test-02265,"i tried to save a kitten, but instead i was too lazy to get it back.  i broke the kitten and i had to clean it up.  i am now stuck in the kitchen."
tifu-test-02266,"i was supposed to kill a lot of mussels, but i ended up making a very stupid joke about it."
tifu-test-02267,i made a stupid joke about winning daleney and almost died.
tifu-test-02268,"went swimming with my gf, got stuck in the rain, had to swim for a swim, got back to the shore, and almost drowned my gf's dick."
tifu-test-02269,"i tried to clean my dog with hot sauce, but instead i'm not a good idea."
tifu-test-02270,"broke my monitor, broke it, broke it, broke it."
tifu-test-02271,"i was going to buy a drink, i accidentally fell in the store, and i got my dumb ass stuck in the store."
tifu-test-02272,i tried to save a phone with a customer but ended up wasting all his work.
tifu-test-02273,i threw a metal in a metal metal bin and got a metal nose in my nose.
tifu-test-02274,i was wearing a medically black and now i'm an idiot.
tifu-test-02275,i got poop on my friends poop and it got a poop on the ground.
tifu-test-02276,i tried to prank a friend by accidentlyitting a couch and ended up being chased by a car.
tifu-test-02277,i fucked up by installing my work and now i'm working with a stupid idiot.
tifu-test-02278,i put a box of cereal into my laundry and it exploded in the washing machine.
tifu-test-02279,i called a dumbassass call and got a call from work.
tifu-test-02280,i made a joke about a prank joke and my friend got mad at me.
tifu-test-02281,"went to see a deer, got hit by a deer, got hit by a deer."
tifu-test-02282,i stabbed my sisters boyfriend's house and he was in the hospital with a knife.
tifu-test-02283,i got a bad run on my penis and it hurt my finger.
tifu-test-02284,i'm an idiot and i'm not really happy about how to buy a fish ring.
tifu-test-02285,"went to the beach, got caught by a friend, got caught by a gun."
tifu-test-02286,"i asked a girl out she was a crush, she got mad and i liked her, she broke up with me, i'm now stuck with her, and i'm a pervert."
tifu-test-02287,i used nair to wash my balls and it burned my balls and then had to wait for a while.
tifu-test-02288,"i was in a bad mood with my friend, i found out she was on a dating site, and now i'm in a new house with a new one."
tifu-test-02289,i fucked up by not knowing what i was cheating.
tifu-test-02290,my boyfriend and i accidentally played blood on my screen of my boyfriend's house.
tifu-test-02291,"i tried to play a castie with a brokenie on the way, and got a cast of my leg."
tifu-test-02292,i booked a flight to an airline flight and now i'm going to find a flight to find out the airline.
tifu-test-02293,i had a frog and a frog that had a frog attack.
tifu-test-02294,"i got a nasty cup, and it was a bad idea."
tifu-test-02295,i accidentally stabbed a patient's ass with a knife in the hospital.
tifu-test-02296,"got drunk, got hung out of my girlfriend, and now i have a girlfriend's shirt."
tifu-test-02297,"i was dating with a girl, but i told her i was cheating, and she told her that i was cheating, and i ended up being upset, and i had to apologize with her."
tifu-test-02298,"i accidentally threw a dead octit out of my uncle's fish, and now i'm scared of it."
tifu-test-02299,"i tried to make a joke about my boyfriend's boyfriend, ended up making a look like a joke."
tifu-test-02300,"i tried to get a good time to work, ended up being a peder and a half-year-broke."
tifu-test-02301,"i tried to help a elderly lady, ended up getting her money and then she thought i was going to be a thief."
tifu-test-02302,"i tried to clean a lcd, broke my laptop, and ended up with a broken glass."
tifu-test-02303,"i tried to charge an electric honda gas, ended up setting the gas and almost killed myself in the garage."
tifu-test-02304,my boyfriend and i made fun of my boyfriend cry.
tifu-test-02305,i got caught by a toilet and broke my laptop and then broke my legs and the floor.
tifu-test-02306,"i was in the shower, i was too lazy to stay at the house and i was left for a while we were supposed to stay."
tifu-test-02307,"i called a girl out of a co-worker, she called the whole thing out of the door and i told her i was going to kick her out."
tifu-test-02308,my phone is a fucking idiot.
tifu-test-02309,"i put my eye open, and now i have to clean my eye open."
tifu-test-02310,"went hiking, got scared, got covered in the woods, and got covered in a bush."
tifu-test-02311,"i invited a surprise party to a surprise party, accidentally invited him to a surprise party."
tifu-test-02312,i got invited to korea for a conference and ended up getting a visa tour.
tifu-test-02313,i got fired for a job and now i have a job in my pocket.
tifu-test-02314,i tried to clean my pc and instead of a power of power and i am now stuck in a shitty
tifu-test-02315,"i got a job offer from a company that i had a job, and now i'm trying to get fired for the first 2 weeks."
tifu-test-02316,"i thought i was a creepy phone number, got a phone number, and forgot to text my contacts."
tifu-test-02317,i was too lazy to cook a house and my dad’s housemate’s house is now in a very busy house.
tifu-test-02318,"i tried to reinstall my grandpa' computer, ended up with a huge mess and a half-year old mother"
tifu-test-02319,i got a little pink hair red and it exploded in my hair.
tifu-test-02320,"i tried to fix a prank-screen with a bunch of computers on a computer computer, and got a very embarrassed computer."
tifu-test-02321,i sneezed my eyeball with a tissue and it exploded in my eye.
tifu-test-02322,i accidentally threw my phone in the bin and it was too late.
tifu-test-02323,"i was late for work, and i got my car stolen by a street."
tifu-test-02324,"i went to my new car, my gf found out my new phone, and i had to wait for it."
tifu-test-02325,"i got into an escape with my boss, and my boss got pissed in the attic."
tifu-test-02326,"i got pepper spray on my eye, it sprayed it with a bunch of pepper spray."
tifu-test-02327,"got drunk, got cocky, got a crush on my bed, and had to get it out."
tifu-test-02328,i tried to clean a fly trap and ended up with a dead moth and a half of flies.
tifu-test-02329,i ordered a sandwich with my sandwich and the sauce was made me look like i was sitting in the process.
tifu-test-02330,"i tried to be a good man, but instead i am a man."
tifu-test-02331,"i kicked a biker, kicked my foot and kicked my foot."
tifu-test-02332,"i tried to be nice to my girlfriend, ended up with a cry-fucking up my so she's in the middle of my ex-girlfriends father."
tifu-test-02333,i went to the mall and got my friends kicked out of the mall.
tifu-test-02334,"i got a boyfriend, she told me to masturbate, i told her she was masturbating, she ended up being having sex with her."
tifu-test-02335,i got a shit out of school and got caught up by a teachers
tifu-test-02336,"drank too much, got hammered, puked in the middle of the night, got a bloody nose, and had to drink with a large nose."
tifu-test-02337,i got locked out of my car and locked myself out of my car.
tifu-test-02338,"i got a new car, and i got a shitty cake."
tifu-test-02339,picked itchching.
tifu-test-02340,i broke a steel on a steel and it was a little man. i broke my finger and broke my finger.
tifu-test-02341,"i made a girl look like a girl i thought was a girl, turns out she was a gang, turns out she was a gang."
tifu-test-02342,"i got a boy's dick band, and now i'm a dick."
tifu-test-02343,i went to the wrong way with a shitty and got a shitty.
tifu-test-02344,"i accidentally created a dog, it was a dog, i learned it was a dog."
tifu-test-02345,"i tried to drive my friend car, ended up getting a shitty car."
tifu-test-02346,"i took my wife sleep, she lost my wife's car, and now i'm scared of her."
tifu-test-02347,i pushed my front tooth into the wrong way.
tifu-test-02348,i tried to be a good idea and ended up waking up in the middle of the class.
tifu-test-02349,i tried to make a joke to make a bunch of people and now i'm an idiot.
tifu-test-02350,"i put a peanut butter in my jelly jar, it exploded."
tifu-test-02351,"took a shit, took a shit, took it to the erint, took 2 days early and took the pain."
tifu-test-02352,i was too lazy to clean my nails off my daughter's nail polish and ended up with a half of her nails off the dry shower.
tifu-test-02353,"got drunk with my gf and called the ex's ex's ex, got pissed off by my gf's girlfriend."
tifu-test-02354,i'm a fucking idiot.
tifu-test-02355,"i was a fan, got a fan, got a fan stuck on my face and now my family thinks i'm a fan."
tifu-test-02356,i got high and ate a huge sticky food.
tifu-test-02357,"i was a morore with my girlfriend, she got mad, and now i have no idea of it."
tifu-test-02358,"i got drunk and pissed at my ex, he was actually dead."
tifu-test-02359,i took 2 pills for class and forgot about it. i took a course i was going to class.
tifu-test-02360,"got high, smoked weed, went to get some weed, got shit, threw up in the middle of my friends and the blue one of the rest of the night."
tifu-test-02361,i jumped down the roof and got my knee stuck in the roof.
tifu-test-02362,i was an idiot and i used to have sex.
tifu-test-02363,"i got a new tv, thought i was gonna watch tv, turned out to the gym, and now i'm going to watch tv."
tifu-test-02364,i sent my sister a nude profile to a friend's house. he's a dick.
tifu-test-02365,"i forgot to put a new tv into a car, and it fell into a ditch."
tifu-test-02366,i was a little idea of mosquitoes in my room.
tifu-test-02367,i'm a dumbass and i'm not sure if i'm a dumbass.
tifu-test-02368,"i tried to flush my girlfriend’s toilet, she got sick, and i’m not sure if she’s sick."
tifu-test-02369,i dropped my phone and it was a good idea to reinstall my phone.
tifu-test-02370,"i told my best friend that his father was dying, he forgot about it."
tifu-test-02371,"i dropped a bag in a toaster, and it exploded in the kitchen."
tifu-test-02372,i made a very bad day with my microwave and it exploded in the microwave.
tifu-test-02373,i tried to break my keys and ended up destroying my keys and a hoe
tifu-test-02374,"drank too much coffee, drank too much coffee, woke up and woke up my pants and woke up in my sleep."
tifu-test-02375,i accidentally made a chinese joke about my girlfriend and my girlfriend's girlfriend is mad.
tifu-test-02376,"i tried to clean the kitchen with a water, and it exploded in the microwave."
tifu-test-02377,i got too drunk and ended up going to a party with my dick.
tifu-test-02378,i tried to clean my teeth with a tooth and ended up with a hot mess.
tifu-test-02379,i got blackfaceed in a crowded face and got a shitty face in my face.
tifu-test-02380,"i ate quesillas for dinner, and now i'm probably going to eat a quesadilla for a week."
tifu-test-02381,i got kicked out of a class and got kicked out of the class.
tifu-test-02382,i got stoned and puked in a pool.
tifu-test-02383,i'm an idiot.
tifu-test-02384,i was in a roommate and i was forced to get my roommate to sleep with him.
tifu-test-02385,i got drunk and pissed off by a girl i didn't know how to do.
tifu-test-02386,"i asked a black guy who was a free-styleist, and he thought i was a pedist."
tifu-test-02387,i tried to hold a bath and ended up tearing my foot off the floor and causing myself to get a bloody mess.
tifu-test-02388,i got an emergency meds and ended up with a blood and a half-up because i was supposed to take a medication.
tifu-test-02389,i lost a fly and it was a good idea.
tifu-test-02390,i accidentally threw a bag of dog shit on a bag bag and it exploded on my bag.
tifu-test-02391,"i used a shampoo shower, and now my legs is still alive."
tifu-test-02392,i am an idiot and i'm not a dick.
tifu-test-02393,i was being a little bit antician and got a shit on my mom's yard and had to walk to the er to get it out of my mom.
tifu-test-02394,i jerked off my mother's pussy and my mother saw it.
tifu-test-02395,"i got a job, got caught by my parents, and now i'm a pervert."
tifu-test-02396,"i got caught by a drug dealer, and i had to go to the doctor's house."
tifu-test-02397,i'm a terribleass and now i'm a horrible asshole.
tifu-test-02398,"i tried to drive my plane to the wrong plane, ended up getting a new plane ride by a n-plane driver."
tifu-test-02399,"i got my friend a penis on friday page, and my friend thought it was a dick, i told it was a dick."
tifu-test-02400,"i dropped my dick on my dick, and it fell off, and i got a bloody dick."
tifu-test-02401,i have been a creepy on my computer and now i'm a creep creep.
tifu-test-02402,"i got high, put dish in a pan pan and burned my hand down."
tifu-test-02403,i jerked off my girl's vibrator and now i'm not sure if i'm gay.
tifu-test-02404,"drank too much, drank a lot of vodka, got a little drunk, and pissed myself in the process."
tifu-test-02405,"i was driving my sister's car, and i told my dad that i was doing a good idea to do it."
tifu-test-02406,i accidentally sent a nsfw (nsfw) and it was not my fault.
tifu-test-02407,i got fired for a new job and got fired.
tifu-test-02408,"i tried to fix my r/r/c, ended up breaking up my computer, and now i have to reinstall my disk and have to reinstall it up."
tifu-test-02409,"i tried to quit a new job, ended up not getting fired."
tifu-test-02410,i got drunk and vomited a quarter out of my mouth.
tifu-test-02411,i accidentally took a girl out of my homework and accidentally threw it on the floor.
tifu-test-02412,i got a scab from my belly and ended up with a scab.
tifu-test-02413,i was home alone and my mom was home. my mom was home and i went to the garage and she left the door.
tifu-test-02414,i drove my car into a hurry test and got a shitty stuck in the process.
tifu-test-02415,i tried to hold a swing swing swing and ended up breaking my back.
tifu-test-02416,i was a bit of work and decided to be a complete job. i was asked to come back to the store and i ended up getting fired.
tifu-test-02417,"i'm an asshole, i'm a racist racist racist racist, and my family is now a racist racist racist."
tifu-test-02418,i accidentally sold a book of holocaust and now i'm a fucking idiot.
tifu-test-02419,i tried to hold a fart in the bathroom and ended up with my husband and my husband.
tifu-test-02420,i got a sore throat and got a sore throat.
tifu-test-02421,i went to a basketball at a basketball stadium and ran into a crowd.
tifu-test-02422,"i got a job, and i was working there, i was too busy to work, and i got a job, and i got a job, and a half of work, and my coworkers are working there."
tifu-test-02423,my boyfriend had sex on his balls.
tifu-test-02424,"i posted a post that was a post on the subreddit, and now i'm banned."
tifu-test-02425,bought tickets for the first time and now i'm going to see a movie.
tifu-test-02426,"i thought i was going to be a carlight, but instead we were a little girl and i accidentally called the same red car."
tifu-test-02427,"got drunk, wore jeans, stained jeans, jeans stained jeans."
tifu-test-02428,i got high and smoked weed in my room for a week.
tifu-test-02429,"i was watching a fishing trip with a fish and a big chunk of my leg, and my shirt is stuck in the back of my leg and i have to wait for a 2 hours to the hospital."
tifu-test-02430,i hate the lyrics of the lyrics of the lyrics of my parents' on facebook and now i'm going to kill myself.
tifu-test-02431,"i sent a package to a friend, it was a bomb and a bomb."
tifu-test-02432,**
tifu-test-02433,"i built a kart on a school car, broke it and had to rebuild it up."
tifu-test-02434,"i went to work early, i ended up with a co-worker-worker."
tifu-test-02435,i smashed my hand window and got a huge mess.
tifu-test-02436,i was driving a hill and i tried to help her with my car and she ended up getting stranded.
tifu-test-02437,"i got a date night late, and i lost my face."
tifu-test-02438,"i bought a new coffee, and now i have to pay a new one to get coffee."
tifu-test-02439,i fucked up by not knowing how to do and my dick was in the kitchen.
tifu-test-02440,"left my car keys in the car, car got locked, had to pay for it, had to pay for a ride to get it back to work and get it back in the morning."
tifu-test-02441,"i got a castball, broke my hand, and got a cast cast, and broke my hand, and got a broken hand."
tifu-test-02442,"i got drunk, tried to get laid out of my own room, but i was too drunk."
tifu-test-02443,i made a nice thing about mauriaia.
tifu-test-02444,"went to maccke, got a coke, got a frozen coke, and had to drive home, got a ride home for the rest of my car."
tifu-test-02445,i accidentally opened a folder of fsfhies with a bunch of fsfwies and got a folder of fkshies.
tifu-test-02446,i shit myself in the car and shit myself in a shit.
tifu-test-02447,i found a cat that was stolen by a cat and got cat called it to the cat.
tifu-test-02448,i left my phone in a rush and got my phone out of my phone.
tifu-test-02449,"i got fired, got chased by a police, got a gun, and got a gun."
tifu-test-02450,i bought a new fabric with a soccer ball and it turned out to be a nice idea.
tifu-test-02451,"i got high, puked in a bag, and then tried to get a nice pepsi, and then got a nice dog."
tifu-test-02452,i set fire on fire and set fire on fire.
tifu-test-02453,i tried to help a group of work and accidentally made a joke look like a joke.
tifu-test-02454,i was cooking peppers in my hands and my mom saw me and i almost killed myself.
tifu-test-02455,i installed a hard drive to a motherboard and ended up ruining my hdd.
tifu-test-02456,i tried to be cool and ended up with a fan.
tifu-test-02457,"got blackout drunk, got black out of hall, got black and blacked in the face with a black guy."
tifu-test-02458,"i got a job late, missed the truck, and got a shitty."
tifu-test-02459,"i was supposed to be a good idea of water conditioning, and when the windows was leaking, and i was told the windows was leaking."
tifu-test-02460,i'm a creepy.
tifu-test-02461,i'm a stupidass who has a lot of shaver and i'm probably a hell.
tifu-test-02462,i thought i was gonna get a deposit and i was too lazy to deposit my bank account.
tifu-test-02463,"i got sick, threw up a puke, and got a shitty bug bug bug."
tifu-test-02464,i got my car stuck in my car and now i have to pay for a spare key.
tifu-test-02465,"i tried to get a good girl on ice skating, ended up getting a good deal with a girl and a half-year-year-worker."
tifu-test-02466,"i asked a guy to look at a gym, and now i'm a bit of time."
tifu-test-02467,i cut my hair and now i'm shaved with a new hairdie.
tifu-test-02468,i got a frozen cream in the middle of my friends and it was so i thought i was the cream.
tifu-test-02469,i am an idiot and i have to go to the hospital tomorrow.
tifu-test-02470,"i tried to get a good idea, ended up with a hot eye and now i'm bleeding."
tifu-test-02471,"i got wasted, and pissed myself in a glass of glass."
tifu-test-02472,"took too much pills, took too much laxatives, took too much laxatives, had to take care of my life."
tifu-test-02473,i got my cat stuck in my room and he got a bloody nose. i'm now in the middle of the vet.
tifu-test-02474,i made a joke about a mae e-worker joke about it.
tifu-test-02475,i was in a rock pond and got stuck in a small pond with a pond in my ass.
tifu-test-02476,i bought a gift for my parents and now i'm too lazy to spend the money.
tifu-test-02477,i was too busy to ask my mother to help me get a hit bump and ended up breaking my upper lip.
tifu-test-02478,i got a noseblebleed and i got a nose bleed.
tifu-test-02479,i shit myself.
tifu-test-02480,i'm an idiot and i'm going to drink a beer store with a girl i'm a broon.
tifu-test-02481,i was being a good idea and missed my chances with a girl i was trying to take a photo of them.
tifu-test-02482,i was too lazy to turn off a library with my phone and now i have to run the library to the library.
tifu-test-02483,"i got into a relationship with my ex, he said i was going to have sex with him, and i ended up being in a relationship with a girl i had a girlfriend."
tifu-test-02484,i spilled water on my hand and it exploded in my hand.
tifu-test-02485,i went to a friends house and ended up getting my arm on the fall and almost breaking my arm.
tifu-test-02486,i burned a steak in the grill and now i have a steak.
tifu-test-02487,i put a really salant oil on my car and it was covered in the car.
tifu-test-02488,i pooped my girlfriend's lunch and now i'm not going to be late to eat a sandwich.
tifu-test-02489,"i bought a game of super steam for my game, and i didn't realize it was because i was too late."
tifu-test-02490,i was bored at work and it was a massive drill.
tifu-test-02491,i used my oil oil with a bowl and got a nasty mosquito on it.
tifu-test-02492,i got a glass of water bottle and it got a glass of water to get it out of my mouth.
tifu-test-02493,i had a date with my ex-girlfriend and she ended up being a good time.
tifu-test-02494,"girlfriend had sex, i made her cry, i made her cry, and now i'm going to have sex."
tifu-test-02495,"i tried to help a new router to get my wi wifi connection, ended up getting a shitty cable."
tifu-test-02496,i ate a bunch of buffy cookies and made a cookie of my stepdad.
tifu-test-02497,i'm a dumbass and i'm a fucking idiot.
tifu-test-02498,"i was in a relationship with my best friend, and i'm not happy about it."
tifu-test-02499,"i got a bad car, shit on my car, and the guy who was in the car. i'm a terrible fuck."
tifu-test-02500,got high and smoked weed in my car.
tifu-test-02501,"i fell asleep and fell asleep on my car, fell asleep, and had to be late for 2 hours."
tifu-test-02502,i broke my landlord's car and now i'm stuck in a fucking nut.
tifu-test-02503,i was doing a new work and my wife's daughter is playing with a new one of work.
tifu-test-02504,i tried to throw a ball at school and it exploded.
tifu-test-02505,i tried to spray my face with a mace. he got pissed and i'm now scared.
tifu-test-02506,"i cut my nose open, and now i'm a fucking idiot."
tifu-test-02507,i'm a douob.
tifu-test-02508,"i got my boyfriend's tong, and i accidentally got it stuck in my underwear."
tifu-test-02509,"i tried to save a pepsi, ended up breaking my face and possibly costing myself a lot of dollars."
tifu-test-02510,"i got high and smoked a girl with a girl i didn't know what was smoking, and was too embarrassed to get my hand."
tifu-test-02511,"i asked a group to do a pot mike mike, she told me to go to a dance mike, i accidentally showed her a group mike mike, and then proceeded to go to a soron with a group of people."
tifu-test-02512,"i was supposed to make a mistake, but instead i'm an idiot."
tifu-test-02513,"i tried to watch a movie, ended up with a broken fridge."
tifu-test-02514,i was going to a bomb and put a bomb on the train station. i was scared by police and had a bomb.
tifu-test-02515,**
tifu-test-02516,i'm an asshole and i'm not a dumbass.
tifu-test-02517,"** left in a shower with no landlord, got locked out of my apartment, and now i'm homeless."
tifu-test-02518,i made a fake fake fake name and my ex and now i'm a creep.
tifu-test-02519,i'm an idiot who has a chemistry course to be able to be a test.
tifu-test-02520,"ate too much olive oil, got a huge cup full of olive oil, vomited everywhere, and vomited everywhere."
tifu-test-02521,i got drunk at my mom's house and her grandma drank a lot of alcohol.
tifu-test-02522,i was stuck in a tree climbing and got stuck in a tree. i was too high. i broke my way and i got stuck in a tree.
tifu-test-02523,i hit my dong in the park and it hit me.
tifu-test-02524,"i got drunk, got drunk, got a girl, and now i'm a fucking idiot."
tifu-test-02525,i got a hot video of my mom's porn video and my parents saw it.
tifu-test-02526,"i got a new message from a girl who had a crush on my phone, and now i'm a woman who is trying to get a relationship with her."
tifu-test-02527,": i thought my friend's bladder was going to sleep, and i ended up getting a shitty bag."
tifu-test-02528,"i tried to open a door door, ended up breaking a door and got a handle of my own house."
tifu-test-02529,"went to get keys, got keys in the parking lot, got stuck in the back of my hand, got a ladder, got a ladder in the back of my hand."
tifu-test-02530,"ate a ferry, got sick, vomited, vomited everywhere."
tifu-test-02531,"i was interviewing for a new job offer to a coworker, and ended up being fired by being being fired."
tifu-test-02532,"ate a fire, got caught with a spaghetti, and now i'm probably a bad smell."
tifu-test-02533,i was an idiot and i almost killed my car.
tifu-test-02534,i accidentally left my hotel room in the hotel room and got caught for it.
tifu-test-02535,i cut my finger off a knife and it was actually a good idea to be sliced off.
tifu-test-02536,"friend was hanging on a girl's face, i liked her, i thought it was cute, she was fat and i got fat."
tifu-test-02537,i got a nose stuck in my nose and it got stuck in my nose.
tifu-test-02538,i gave a gift card to a cop that was a gift card.
tifu-test-02539,"got drunk, got robbed, lost my money, and lost my money."
tifu-test-02540,i was doing a school assignment and i lost a new one day of my school.
tifu-test-02541,i got an important chemical burns on my lab and ended up with a chemical burn in my foot.
tifu-test-02542,i got drunk and drank a water.
tifu-test-02543,"i went to a poop, shit myself and shit myself."
tifu-test-02544,i cut my hair with a haircut who had a hair cut up in his own name.
tifu-test-02545,i broke my sister in the hospital and broke my arm and now i'm going to have a bruise for a while i'm a bruise.
tifu-test-02546,"i tried to get keys in the house, but i broke my car, and now i'm broke in the wrong spot."
tifu-test-02547,"i tried to make a play with a gamemate, ended up with a bang and a half-year-olded."
tifu-test-02548,"i went to a party with my sister, she got caught, and i got caught by a girl."
tifu-test-02549,i went to a jog and ended up wearing my penis.
tifu-test-02550,i posted a picture of my ex's profile and he was depressed about it.
tifu-test-02551,i hit a girl in the head and hit her head.
tifu-test-02552,i was an asshole and made a joke about an hour trip.
tifu-test-02553,i was a bad driver and i tried to save my leg and ended up breaking my leg and causing me to have a massive breakdown.
tifu-test-02554,"i got a shitty, and i got a shitty trip to the airport."
tifu-test-02555,i told a girl that i had a date with a girl and now he hates me.
tifu-test-02556,i ate a bunch of shit and got my friends's food.
tifu-test-02557,"i got a good idea of my ass, and my sister got a tick in my ass"
tifu-test-02558,"got stuck in a public spot, got hit by a park, got hit by a park."
tifu-test-02559,"i dropped my ass in my pants, and got stuck in the middle of my ass."
tifu-test-02560,i'm a black idiot who just had a black ear.
tifu-test-02561,i burned a burner in my apartment and now my arm is probably burning.
tifu-test-02562,i poured a bottle of sherbet and sprayed it.
tifu-test-02563,i accidentally gave my friend a book that was given.
tifu-test-02564,i was being a trampoline and my friends thought i was being molested by my friends.
tifu-test-02565,i accidentally had a shitty cheese in my pocket and my mum had to clean it up.
tifu-test-02566,"i put sunscreen in my house, and now i'm pissed."
tifu-test-02567,i broke my wrist and broke my wrist.
tifu-test-02568,"i tried to help a girl with a kid, ended up being a little kid and then i got a kid."
tifu-test-02569,"went to school with friends, saw a new school, got caught by a teacher and got caught by a teacher."
tifu-test-02570,"i got a new job from my mom's house, got arrested, and now i'm a felony."
tifu-test-02571,i accidentally left a car and my car to work for a year.
tifu-test-02572,i got a new amp and turned it into a loud amp and got a huge shock.
tifu-test-02573,i was too tired to be tired and i forgot to stay in a coma with my boyfriend.
tifu-test-02574,i accidentally called a customer a lot of work and made a joke about it.
tifu-test-02575,i sprayed a ant infestation and got poisoned by a killing agent.
tifu-test-02576,i accidentally wiped my phone with a shitty and it was a shitty.
tifu-test-02577,i thought i was watching a movie with a movie that was actually a man.
tifu-test-02578,i put a pierog in my house and it exploded in the middle of my house.
tifu-test-02579,**
tifu-test-02580,i sent a picture of a school to a school that i was suspended for a week and now i'm fucked up by my parents.
tifu-test-02581,i got a bad hand and broke my hand.
tifu-test-02582,i got drunk at church and told my boyfriend i was married.
tifu-test-02583,i slept in the hotel and got fired.
tifu-test-02584,"got drunk, jumped over a hole, ripped my leg, got stuck in the hospital, had to walk 2nd degree of my leg and a half of my leg"
tifu-test-02585,i'm an idiot who can't mix the drain of the drain.
tifu-test-02586,i didn't get an interview and now i'm not going to help.
tifu-test-02587,"i was wearing a picture of a dressshirt in my school, got caught by a picture of the year before i was wearing a picture of the school for the whole time."
tifu-test-02588,i made a stupid joke about a month and made a mistake out that i was a fool.
tifu-test-02589,i accidentally saw a dog and now i'm probably going to be a dog.
tifu-test-02590,"got drunk, went to the bath, woke up with a shitty."
tifu-test-02591,i made a joke about cancer and made a joke about cancer.
tifu-test-02592,"i accidentally created a shitty, and i found out it was actually funny"
tifu-test-02593,i'm a dumbass who has a chemistry film and i'm not sure to buy it.
tifu-test-02594,"i got drunk, and was late for work, and i'm not paying attention to work."
tifu-test-02595,i sent a customer's photoc printer and now i'm paying for it.
tifu-test-02596,i got suspended for a school and the principal of my school and i was sent to the police office.
tifu-test-02597,"got drunk, went to a hotel with a girl, got banged, she was a rapist, i was probably a prank, and i'm probably a fucking idiot."
tifu-test-02598,"i called a text about a text about a text that was a text and a cab to a friend, and i ended up being able to get it back."
tifu-test-02599,i got a face of a girl in my class and he got a shitty.
tifu-test-02600,"i ate my dog's dog, she ate the cum and now i have to shit myself."
tifu-test-02601,i tried to clean a toilet and ended up with a broken mess.
tifu-test-02602,i burned my hand and burned my hand
tifu-test-02603,i got a headache on my neck and it hurt me.
tifu-test-02604,"i fell on a way to a new place where i was walking on the street, and i fell on the ground and fell on the ground with a broken sidewalk."
tifu-test-02605,my friend and i cheat my best friend and i cheat the test.
tifu-test-02606,i was trying to be a gang and got beaten by a beaten face.
tifu-test-02607,"i was supposed to get my boyfriend to come to lunch, but i told my boyfriend that i was going to be there."
tifu-test-02608,i went to a party and fell asleep in the toilet.
tifu-test-02609,i tried to clean a solder and it exploded.
tifu-test-02610,"i went on a treadmill, and got a really bad stomach."
tifu-test-02611,i was accused of being a viping and i was accused of being a viping for being a viping at the same time.
tifu-test-02612,"i tried to make a part of people at the festival, ended up being a sociant and a half-psychily**"
tifu-test-02613,i left my locker in the middle of my locker for about 20 minutes and a half-year grade of rice.
tifu-test-02614,i tried to fix a spark plug and ended up almost burning my engine.
tifu-test-02615,i accidentally spoiled spoilers and ruined my face.
tifu-test-02616,"i told my coworker that i had a burger, she told me to eat the burgers and i ate it."
tifu-test-02617,i got my job back in the middle of my pocket and lost my money out of my pocket.
tifu-test-02618,i accidentally tripped my sister's lip and she fell on the er.
tifu-test-02619,i accidentally wrote a copy of drinks and got a copy of my name.
tifu-test-02620,i sharted out of my sphincter and i shat myself in the couch.
tifu-test-02621,i tried to bake a cheesecake and ended up getting a fire attack.
tifu-test-02622,"i got a job and sent the wrong address to a university, got the wrong summary, got rejected, and now i have to work to work."
tifu-test-02623,i ate a game of a game and ended up peeing my face.
tifu-test-02624,i tried to prank a usb mouse and got caught.
tifu-test-02625,i hit my brother with a baseball ball and got a bloody scar.
tifu-test-02626,"ate too much and poured rice in my room, woke up my rice and now my rice is going to be in."
tifu-test-02627,i made a very nice joke about a very hot thing in the process and my boss was too embarrassed to be there.
tifu-test-02628,"** i was too drunk, i got drunk, and i got drunk, and i got drunk, and i got really drunk."
tifu-test-02629,i threw a bunch of gum into my bedroom and it exploded in my throat.
tifu-test-02630,"got drunk, got drunk, pissed off, got kicked out of the night, and now i'm a moron."
tifu-test-02631,i was too lazy to make a fire paper for a while preparing a fire in the kitchen.
tifu-test-02632,"i fucked up by not knowing what i was a good idea, and now i'm a dick."
tifu-test-02633,i drank a lot of tangling and it tasted like a taste.
tifu-test-02634,i tried to get a slurpee and ended up almost breaking my bike.
tifu-test-02635,"i lost my ring ring at a hotel, it was a part of my wife, and i got a ring in the process."
tifu-test-02636,i ate too much food and threw up in a crowd.
tifu-test-02637,sent my friend a stripper and she was sending her a stripper to a stripper.
tifu-test-02638,i got kicked out of my dad's computer and i got kicked out of the office.
tifu-test-02639,i was a dick and a girl who was being into the pool of my girlfriend.
tifu-test-02640,"i tried to poop in the bathroom, but instead i'm a woman who just had to shit my voice out of the women."
tifu-test-02641,"i tried to clean henna with a henna, ended up with a hot red and a half-bluena."
tifu-test-02642,"i thought i was a full time to take a day off, and ended up being the day off for the day."
tifu-test-02643,i made my mom laugh about her mom's mom's pants.
tifu-test-02644,"** i tried to swim in a pool at a pool, almost drowned my friend and almost drowned."
tifu-test-02645,i dropped the toilet paper and flooded the toilet paper.
tifu-test-02646,i got fired for a job interview and now i'm too lazy to get a job.
tifu-test-02647,"went on a paddle, got stuck in a paddle, got stuck in the water, and got a new paddle."
tifu-test-02648,i played with a guy who was playing with a game and now i have a terrible dick.
tifu-test-02649,i tried to help a pet by a goat. he ended up with a vet and a vet.
tifu-test-02650,i put ojels in the bathroom and it exploded in my mouth.
tifu-test-02651,"i accidentally opened a hot-cream-creamam, and it was a very hot."
tifu-test-02652,i ate food and got food poisoning.
tifu-test-02653,i got drunk and told my dad i was going to get back home.
tifu-test-02654,"i got a waxy wax on my penis, it was a little bit of wax and i had to rip it off."
tifu-test-02655,i tried to change a flat tire and ended up getting a spare tire.
tifu-test-02656,i got caught by a wedding and my dad is not a fan
tifu-test-02657,i got a capticked with a cap of my face and then proceeded to get it off.
tifu-test-02658,"i said the kids was a bad idea about a class, and it was actually a big deal."
tifu-test-02659,i was a school kid and i got caught by a school and a half of shitty and a half of people.
tifu-test-02660,"i said ""jived"" to a friend's friend and then i said that i was talking to him."
tifu-test-02661,i am a homeless man who is a homeless man.
tifu-test-02662,"i was in a rush, i had a crush, and i was in the er."
tifu-test-02663,i was in a shitty toilet and i had to shit myself.
tifu-test-02664,i was too young to my son's birthday and i accidentally told him to give him a gift card. he had to wait for the rest of the past of the past. i was too embarrassed and i felt really embarrassed.
tifu-test-02665,i put my bag in my pocket and it was a prank and it came back to school.
tifu-test-02666,"i tried to scare my family with worms, but instead i'm a worm."
tifu-test-02667,"dropped my phone, dropped it, broke it, and broke my phone."
tifu-test-02668,i ate a plane and ended up getting a horrible stomach attack
tifu-test-02669,"i got drunk, put my teacher's diaper out of the class, and now i'm going to take a look-up with a class to get it out."
tifu-test-02670,i accidentally sent my boyfriend a panicked message to a panecicemail.
tifu-test-02671,i pissed in the living room and pissed off my wife's piss.
tifu-test-02672,"i was going to give a christad for a christmas gift, but i didn't know how to do it was a christian."
tifu-test-02673,"i used a phone phone to get a free phone, and now i have no idea what i have no money to get a new one."
tifu-test-02674,"i put bread in a paper, it was too hot toaster, it was a good idea to make a new one laugh."
tifu-test-02675,i got a shitty and didn't know how to do it.
tifu-test-02676,"i was a good idea to repair my dad's funeral, and now i have no idea to do it."
tifu-test-02677,i clogged a toilet toilet and got a clogged toilet.
tifu-test-02678,"i was running in my car, and i threw my keys in the face."
tifu-test-02679,"i called a debt debt for a debt card and asked for a call from a call ""morry"" and he called them to a call ""i'm calling"" by ""i'm getting called"" by the call"" and now i'm a call ""i'm a call"" and i'm going to call the call"" ""i'm going to hear"" and i'm going to be able to hear."
tifu-test-02680,"i tried to get a date with a girl, ended up with a girl who was trying to get a phone number."
tifu-test-02681,"got caught by a cop, got pulled over by cops, and now i'm a creeper."
tifu-test-02682,"i got into a bad mood, got pissed off by my step dad."
tifu-test-02683,** i went to the grocery shop with a kid and got a doucheier than a kid.
tifu-test-02684,i was trying to scare a girl by pretending to be cute and ended up getting my nose covered in the face.
tifu-test-02685,i was chasing a cat and my mom thought i was sleeping in the house.
tifu-test-02686,"i ate cupcakes and threw up my shirt, and then threw up all over my floor."
tifu-test-02687,i used a toy toy toy toy and it exploded in my face.
tifu-test-02688,i got arrested and now i have no friends and i'm going to jail.
tifu-test-02689,i ate fruit seeds and went to the wrong spot of soy seeds.
tifu-test-02690,got paid for a job and now my supervisor thinks i'm a creepch.
tifu-test-02691,"i was asked to help someone's identity, but the person who was talking to be my identity, and i was told him that the person was going to be taken from me."
tifu-test-02692,i bought an otterter on my apartment and it was a card for her.
tifu-test-02693,"i tried to get a drink, but instead i got a shitty, and i got a face of the kids."
tifu-test-02694,i tried to light a grill and ended up getting a huge burn on my face.
tifu-test-02695,"i tried to ride a horse, ended up with a horsegie and a horse on my foot."
tifu-test-02696,i tried to teach my dad to try and now i'm pissed.
tifu-test-02697,"i tried to kill a bee, but instead of a small one of my head, and i'm not a human."
tifu-test-02698,i'm a dickty.
tifu-test-02699,i'm a dick and i'm not sure what to do.
tifu-test-02700,"i saw a gifw of a souish shuttle shuttle, it was a good idea to be a man."
tifu-test-02701,i made a new girl cry like a rap song and now i have a new rap.
tifu-test-02702,i tried to make a cheef with cheez and ended up throwing a shit out of my brothers.
tifu-test-02703,i had a crush on my best friend and i had a crush on her and now i'm in love with her.
tifu-test-02704,"i went to a restaurant with my girl i had to eat too much food, and ended up having to shit in my house."
tifu-test-02705,"i tried to get a djack hack in the air, ended up with a blowjob in the middle of my bed."
tifu-test-02706,"i let a dog dog out of my dead dog's dead dog, he got the dog's dead, and i'm now in the process."
tifu-test-02707,i was stung by a group of a group trip in the woods and got stung by a girl.
tifu-test-02708,i hit my crush's car and it was a little person's car.
tifu-test-02709,i masturbated on my dad's tv and he ended up masturbating my dick.
tifu-test-02710,"i thought i was saving a driver, but i found out a driver and got it back to the wrong pocket and had to pay it back to my pocket."
tifu-test-02711,"i made a broiler, and i almost burned the oven."
tifu-test-02712,my dog and i tried to take a girl home with a girl. i was really a girl.
tifu-test-02713,i ate brogots and it's a bad idea of my life.
tifu-test-02714,i was going to a doctor and let a pipe bomb that i was going to be a bomb in front of my work.
tifu-test-02715,i went to a blockbuster and got caught by a busbuster.
tifu-test-02716,i tried to create a form of a form of a form of my school and ended up getting a form of hours.
tifu-test-02717,"i spilled water on my kitchen, it was too cold, and i got the hot coffee on the kitchen floor."
tifu-test-02718,i threw away in a plastic bag and threw it out.
tifu-test-02719,"i played a radio station, got pissed off by my parents, and now i'm going to play with a radio station."
tifu-test-02720,i'm in the bathroom.
tifu-test-02721,"met a girl i like to meet, ended up being a good idea to be interested to."
tifu-test-02722,"went to a boner, got hit by a boner, got hit by a truck."
tifu-test-02723,i checked a doctor's phone to a clinic clinic.
tifu-test-02724,i made a joke about how a girl was meant to be funny and ended up making her feel like a joke.
tifu-test-02725,"i got fired, and told my new boss i'm a new job, and now she's both likely likely met."
tifu-test-02726,i was being a dick and i got a concooter on my arm.
tifu-test-02727,i went to a dance and got a shitty.
tifu-test-02728,"got drunk, got drunk, got caught, got caught by a half-wuck."
tifu-test-02729,"i got a new nose of a hot air soap from my balls, and ended up with a hot hot hot air."
tifu-test-02730,i got caught in the bathroom and the office smelled like i had to go to work.
tifu-test-02731,"i spilled milk all over my bed, and the bed smell like i was on it."
tifu-test-02732,i ate a book of peanut butter and got a shitty out of my life.
tifu-test-02733,i was a bad idea and told my kid i was going to give a picture of kids and she was rude.
tifu-test-02734,"** i thought i was a creepy girl, and i was actually creep out of a girl i met her name."
tifu-test-02735,"i was in the middle of my mum's mum, i was in the hospital, i was forced to kill my mum."
tifu-test-02736,i tried to stapler my classmates to get it out of my classmates's class.
tifu-test-02737,i dropped a bunch of stuff in my laptop and it's gone.
tifu-test-02738,"i told my parents about how my biological family was born, and i had a heart attack."
tifu-test-02739,i was in the ear and my ear was so i was sleeping on my ear.  i'm an asshole.
tifu-test-02740,i accidentally set up a fire alarm at work and got caught by a police and a half-year-year-up.
tifu-test-02741,"tried to post the drone, but now i'm too lazy to let the drone."
tifu-test-02742,"i tried to take a shower at a hotel, ended up setting a fire fire and a half of people in the process."
tifu-test-02743,"i got my girlfriend's day off at night, and my girlfriend's mom is pissed at me."
tifu-test-02744,i was a bad girl and my dog decided to get a new girl from my house.
tifu-test-02745,"i got drunk and slept with my best friend, and now i'm going to sleep with my best friend."
tifu-test-02746,i was a creepaky person who was in the gym and i accidentally set a picture of sneaky.
tifu-test-02747,"i forgot to update my phone, ended up with a new phone."
tifu-test-02748,i sent a rescue dog a picture of a rescue dog that she was called to buy her a rescue.
tifu-test-02749,i got caught by cheating on my test and got caught by a test.
tifu-test-02750,i tried to pee my wife and ended up making a second look like a woman.
tifu-test-02751,i tried to scare a bottle of my shower and ended up getting a bottle of my penis.
tifu-test-02752,"i drank too much, got drunk, and woke up with a coma."
tifu-test-02753,"got drunk, got drunk, pissed, pissed all over myself."
tifu-test-02754,i drove my brother to drive me up and he got pulled over by my brother.
tifu-test-02755,"i burned a microwave full of metal metal, and it exploded."
tifu-test-02756,i got a spray on my best friend's apartment and i accidentally burned my arm off with a hot pee.
tifu-test-02757,"i found out on a girl i liked, and i'm now stuck in love with a girl."
tifu-test-02758,"i tried to biking a bike, ended up with an old lady and a young lady."
tifu-test-02759,i went to the hospital to get my mom to sleep. she told her to go home. she told her that she was going to hospital and she had a stroke. i ended up being called 911.
tifu-test-02760,i drank a white white whiteboard and the whiteboard of the whiteboard i thought was a black man.
tifu-test-02761,"i tried to help my leash on the garage, and ended up breaking my glasses and a leash on the street."
tifu-test-02762,"i knocked a bunch of clips of a bunch of kids and the whole kids saw it, and now i'm a fucking kid of trouble."
tifu-test-02763,i got suspended for my first time and my family found out i was in trouble for a while i was in trouble with.
tifu-test-02764,i was shooting a rifle in my backyard and now i'm a crazy idiot.
tifu-test-02765,i got a bad day off for an hour and my phone and my phone was in the middle of the class.
tifu-test-02766,"i tried to save my cat, but instead of my boyfriend's cat is hiding in my house."
tifu-test-02767,i was 10th grade in the snow and i accidentally told my friend to scream at the snow.
tifu-test-02768,i made a joke about a gummy and it was actually a dumbass.
tifu-test-02769,i was playing a game with a game and my girlfriend got a boner.
tifu-test-02770,i let my mother eat orange orange orange in the shower and now i have to go to a shower with my parents.
tifu-test-02771,i'm a dumbass and i can't find out how to use the game.
tifu-test-02772,i was playing a sign for a sign and i did not know what it was a sign.
tifu-test-02773,i accidentally hit a grocery store that was a total of wine and it fell on the store.
tifu-test-02774,i'm an idiot who has a huge noise in my desk.
tifu-test-02775,"ate peanut butter, got a bad taste, ate it, and ate the next hour."
tifu-test-02776,i pulled a cord in christmas and it exploded.
tifu-test-02777,i threw a mache in my head and it was a machetete.
tifu-test-02778,i was scared to scare a old lady and she got scared and scared the whole thing out of the elevator.
tifu-test-02779,i'm a fucking idiot and i'm not sure how to take a new one.
tifu-test-02780,i took a pixie stick and ate it.
tifu-test-02781,i got a shit shit at a park and got shit all over my friends.
tifu-test-02782,ate a shitty in the middle of nowhere and got a shitty.
tifu-test-02783,i accidentally insulted a girl on tinderings.
tifu-test-02784,made a bomb with a cap and exploded it in the face.
tifu-test-02785,"went to the museum, got caught in the morning, got caught by a teacher."
tifu-test-02786,"i was hanging in the cross with my girlfriend, she got a bit of blood, and i got a squirrel."
tifu-test-02787,i got rejected from a school letter and now i have a horrible deal with a huge douche.
tifu-test-02788,"my friend got mad at a football game, i got mad at by a high team, and got mad."
tifu-test-02789,"i was too lazy to ask my new name for the gym's name, but the new name was actually a pedish name."
tifu-test-02790,"sent a message to school mail, got sent to school mail, schoolfriend found out of school, i'm scared."
tifu-test-02791,i got a great dose of sauna heat on the heat of my friends and got a mild burn.
tifu-test-02792,i threw a water balloon at a water and it exploded in the water.
tifu-test-02793,i left a gallon of soda in my car and it exploded in the middle of my garage.
tifu-test-02794,"i have no idea to stay with a prostitute, and i'm now stuck in a room with a prostitute."
tifu-test-02795,"i left a blue red window in my car, got a red car full of it, and now i have to pay for a permanent car."
tifu-test-02796,i broke my car door door and broke my car door door.
tifu-test-02797,i got fired for work and didn't know how to do.  i'm an asshole.
tifu-test-02798,"i tried to move my truck into a truck, and got stuck in the process."
tifu-test-02799,"i tried to get laid up by my new work, but i'm too tired and now i'm too tired."
tifu-test-02800,"i tried to walk my girlfriend on ice, i got a cold, and i couldn't walk, i got my leg kicked out of my leg, and my gf was still frozen."
tifu-test-02801,"i got a teeter meter, got caught, and my parents are embarrassed."
tifu-test-02802,i bought a bunch of kings of popman at a cinema theatre and the whole family saw me an hour later.
tifu-test-02803,my friend and i found out that i was a parent and i got a phone.
tifu-test-02804,"i lost my best friend's best friend, and i have no friends to spend it."
tifu-test-02805,"i got a bloody blood in my school, and i got a bloody blood all over the school."
tifu-test-02806,i'm a dumbass and i'm not sure if i'm working on the switch.
tifu-test-02807,i was being a play with my friend and my friend's son is playing with her and i was playing with her.
tifu-test-02808,i was drunk and i dropped a firefire and it exploded.
tifu-test-02809,i put my hand on fire and burned my finger on fire.
tifu-test-02810,"i accidentally played a music file to my dad's house, and my dad heard me a lot of music."
tifu-test-02811,i called the wrong name of a company and the company of my company's company.
tifu-test-02812,"i bought some pretty money into a tbay,000 dollars and they all over $100."
tifu-test-02813,i was a fucking idiot and made a sandwich with a sandwich.
tifu-test-02814,"i drove into an old car, didn't realize it was my car, and now i'm a dick."
tifu-test-02815,i made fun of my girlfriend and i made fun of it.
tifu-test-02816,"got drunk, went to a japanese with a girl, got caught by a porn star, got a hapanese chick who was a stalker."
tifu-test-02817,"went to a camp camp, got lost by a bonfire, got lost by a tree, got lost by a tree."
tifu-test-02818,i tried to help my mother to get a nice cut off of my hand and ended up with a broken wound in my hand.
tifu-test-02819,i got a fire fire and it burned my skin and i got a fire fire.
tifu-test-02820,"got drunk, threw up on a blowjob, vomited all over my own beer."
tifu-test-02821,i hit a truck on a truck and it fell down the back of the back of the truck.
tifu-test-02822,i was in the middle of my roommates and my brother's brother is still in the middle of my room.
tifu-test-02823,"i bought a ticket ticket for free tickets to a foreign show, and ended up costing myself a ticket for the next night."
tifu-test-02824,i left my desk on my desk and it exploded in my desk.
tifu-test-02825,i tried to measure a physics lab with a plastic magnet and ended up with a very powerful power of my lab.
tifu-test-02826,"i was late to make a shoe for a shoe, forgot about it, and i was too busy to put it up."
tifu-test-02827,i got a flash vision and thought i had a flash vision.
tifu-test-02828,i told my friend that her mother died in a guild. she didn't talk to her about it.
tifu-test-02829,i saw my girlfriend's history history and now i'm a stalker
tifu-test-02830,i told my best friend i loved her and i loved her and now she's in love with me.
tifu-test-02831,i got roasted on my face and it burned my face.
tifu-test-02832,i accidentally swiped my little brother and my little brother and my little brother saw it.
tifu-test-02833,"got drunk, got a busted finger, got a bloody nose, got a busted finger and a little bit of my finger."
tifu-test-02834,i sent a colleague a letter that was a female colleague and forgot to die.
tifu-test-02835,**
tifu-test-02836,i'm a dick and i'm not sure that i'm not a dick.
tifu-test-02837,i was being an idiot and i thought i was going to get a picture of myself.
tifu-test-02838,i got a new girl and i almost died in the hospital.
tifu-test-02839,"i tried to make a coffee, instead of a cup of a cup, and now i’m a bit of shit."
tifu-test-02840,"i got a nosedream from my girlfriendfriends ear, she got mad and i got the nose of the nose."
tifu-test-02841,i got drunk and made a mess of my girlfriend's girlfriend.
tifu-test-02842,"i tried to get a spagle, but instead i can't stop it again."
tifu-test-02843,i got so drunk and got so i thought i was going to be a good idea.
tifu-test-02844,i used dry dampoo on my hair and it sprayed it up with dry dampoo.
tifu-test-02845,i fucked up by not knowing my best friend and she was in love with me. i'm now in love with her.
tifu-test-02846,i ate a chinese food and had to shit in the middle of the room.
tifu-test-02847,i tried to throw a garbage out of my foot and ended up with a broken foot.
tifu-test-02848,"i tried to make a swiss roll, ended up with a fork in the process, and my sister and i got a swisser roll in the process."
tifu-test-02849,i had sex with my neck and my neck was too hard.
tifu-test-02850,i got caught by my gf and my aunt was mad at me and i had to call her a girl and i got a shitty.
tifu-test-02851,i accidentally sent a picture of a girl that i was talking to a funny girl who was talking about how to be funny.
tifu-test-02852,"i tried to kill my kitten by peppering my kitten, and ended up getting a bad shot in the balcony."
tifu-test-02853,"i didn't sign my mom's credit, and now i'm not getting to pay for it."
tifu-test-02854,"i tried to save a site on a tifu website, ended up with a site and a site of my life."
tifu-test-02855,"i let my cat out of my house, she got chased by a crazy house and she ran out of her house."
tifu-test-02856,"girlfriend had a crush on me, i had a huge mood, and her roommate saw it."
tifu-test-02857,i tried to start a new battery and ended up with a car.
tifu-test-02858,"i got a book from a book that i was reading, and now i have to write a book for the first time."
tifu-test-02859,"ate soy sauce, poured it in front of soy sauce."
tifu-test-02860,i took an os of my sd and now i'm a dumbass.
tifu-test-02861,i went to a john for a year and ended up making a dick.
tifu-test-02862,i got kicked out of the 7th grade in the middle of the summer.
tifu-test-02863,i accidentally yelled at a car and now i'm a freak.
tifu-test-02864,i was studying by my phone and my phone saw my phone and i had to study it.
tifu-test-02865,"i was a basketball game, and i decided to play basketball, but ended up being a bad game of the next day."
tifu-test-02866,"got drunk, broke my head, broke my head."
tifu-test-02867,i was looking for a white woman and i'm a pervert.
tifu-test-02868,i tried to help a girl i didn't know how to do. i ended up being a high-five-five-five-year-year-year-year-shiss.
tifu-test-02869,"sent a package to my school, sent them my package to the wrong security number, and now i have to go to school for a while i'm not supposed to receive the package."
tifu-test-02870,i'm a dumbass.
tifu-test-02871,i went to the bathroom and got my cats full of my cats.
tifu-test-02872,i'm a dumbass who has a really bad ear infection and i'm currently in a very painful pain.
tifu-test-02873,"ate a pepper pepper, got pepper on my hands, got a fire, and burned my eyes."
tifu-test-02874,i burned a pot pan and burned my house down.  it turned out to be a pan.
tifu-test-02875,i was being a dick and a half-year old girlfriend came in the middle of a relationship.
tifu-test-02876,i cut my thumb off a chunk of a chunk of my thumb and got a chunk of my thumb.
tifu-test-02877,i drove into a car and got my wife chewed out of me.
tifu-test-02878,i was riding a new bike and got a helmet seat.
tifu-test-02879,i tried to make a chocolate machine and ended up getting a shitty
tifu-test-02880,"i had a phone with my brother, he got in a relationship with a relationship and i had a relationship with a relationship."
tifu-test-02881,"i got a ticket ticket to go to kue, got a $400 ticket ticket,000 in the last day,000 dollars,000 dollars,000 dollars,000k,000,000k,000 dollars,000,000k,000k,000k,000k,000k,000k,000,000k,000k,000,000,000,000,000k,000,000,000,000k,000,000,000,000,000,000,000,000,000,000,000,000,000,000,000,000,000,000,000,000,000,000,000, and my mom and go to go to go to go to go to go go go to see me, then then then,000 $k, get to get to get to get a lot to get to go to get get get to get to get the tickets to get a lot cost cost cost to get a week, we're in the tickets to find the trip to get a half a week."
tifu-test-02882,"i lost a new one, lost my account, and now i have to pay a new one."
tifu-test-02883,i made a special smoothie think it was a good idea to be funny and it's really nice.
tifu-test-02884,"i got a hot ass stuck in my balls, and it's probably a good idea."
tifu-test-02885,"went to a christpong party, got kicked by a religious pesus."
tifu-test-02886,"girlfriend gave me a bonjob, i got her a boner."
tifu-test-02887,"i left my gf's house and my gf's house, and i had to pay for a while i was hungry."
tifu-test-02888,i got sick and threw up a lot of salt.
tifu-test-02889,i got a speech on a university and the principal teacher told me to have a speech on me.
tifu-test-02890,i shot my friend's gun gun in the woods and got shot by a gun.
tifu-test-02891,i got a job full of work and got to the office for a few days.
tifu-test-02892,"ate a buffalo wings, got a flush and flushed my pants."
tifu-test-02893,"i tried to get my friend back home, got caught by a fight and got the cops called by the cops."
tifu-test-02894,"i got a new brother's car, and i accidentally hit a car with a new car."
tifu-test-02895,"i used a toy toy that was a toy toy, and my mom found it."
tifu-test-02896,i got drunk and flooded the whole morning.  i'm not sure i was doing.
tifu-test-02897,"i got my brothers brother into a bang of a broom and a broom, and i got my eye kicked out of the head."
tifu-test-02898,i farted in my pants and farted my pants.
tifu-test-02899,i accidentally called a prank who was in trouble and my teacher's mom is in trouble.
tifu-test-02900,"i asked a taxi to a taxi, she got a new one night, and i ended up with her dad."
tifu-test-02901,i told my colleague i'm a pedophile who has a lot of children and she's a pedish kid.
tifu-test-02902,i cooked chicken in my hands and it's not a good idea to be cooked chicken.
tifu-test-02903,i broke my new lamp by dropping a lamp and it fell on the ceiling.
tifu-test-02904,i drank a half of work cleaner and it exploded in the sink.
tifu-test-02905,"got drunk, slept in the bush, woke up with a bus, got homeless and slept in the bush."
tifu-test-02906,i drank a gas dispenser and ended up with my mother and her mother.
tifu-test-02907,i accidentally sprayed a can of a can of my face and it exploded all over my face.
tifu-test-02908,i was cleaning off the porch and it exploded down the porch.
tifu-test-02909,i accidentally left a kinky sauce in my room and the whole family found out it was my roommate's roommate.
tifu-test-02910,i got hot pepper on my boyfriend's hands and he got the ghost fired.
tifu-test-02911,"i got my brother's brother's brother's birthday, he got pissed off and i was pissed at him."
tifu-test-02912,i fucked up by not knowing how to do and i thought it would be a smart idea.
tifu-test-02913,i got stuck in my own dress and now i'm stuck in the hallway.
tifu-test-02914,"i asked a customer to count her wife, she said she had an account and i had to pay her money back."
tifu-test-02915,"i got pregnant, got married, and told her i was pregnant, she was pregnant, and i'm not sure she's pregnant."
tifu-test-02916,i tried to make a fake povetetetetet and ended up burning my kitchen down the stove.
tifu-test-02917,i missed my exam on a test and missed my exams.
tifu-test-02918,i took a pill of pills and didn't realize i was going to die.
tifu-test-02919,i thought my dad was a vibrator and i was a vibrator.
tifu-test-02920,i tried to be a party and ended up being a huge mess in the head.
tifu-test-02921,i beat my foot in the grocery store and i lost her.
tifu-test-02922,i got drunk and puked on a fraternity party and got drunk and had to pay for it.
tifu-test-02923,i sneezed and sneezed on my gf's penis.
tifu-test-02924,i tried to get a cup of tea and ended up with a cup of tea.
tifu-test-02925,"tried to save a turtle, ended up with a turtle."
tifu-test-02926,"got drunk, got drunk, pissed off by a girl, got caught by a hookjob."
tifu-test-02927,i tried to use a group of a networking site and ended up setting up with a bunch of people and ended up causing them to use the security which resulted in the future.
tifu-test-02928,i shot a fire at the beach and the wrong one of my friends's friends.
tifu-test-02929,i was too drunk and my brother found out of my brother.
tifu-test-02930,"i tried to help my friend out of my crutch, ended up making her cry."
tifu-test-02931,i accidentally spit my mom up and now i'm going to pick up my car
tifu-test-02932,i accidentally opened a porn in my phone and my mom saw it to my phone.
tifu-test-02933,"got drunk and put in a plane in a plane, got caught by a plane in the airport, got caught by police and almost got arrested for it."
tifu-test-02934,i told my boss i was going to get some gas and now i have to work early.
tifu-test-02935,i accidentally wore a shirt and got a shirt full of a shirt.
tifu-test-02936,i was a lazy idiot and i didn't know how to shovel my wife's wedding ring before i was in the driveway.
tifu-test-02937,i accidentally shot a coffee cup of coffee cup and it was a good idea to get coffee.
tifu-test-02938,i called my boyfriend a bus and he got a shitty.
tifu-test-02940,i got a light eclipse in the eclipse and now i'm going to be a smart eye.
tifu-test-02941,"i got drunk, got a lesbian, and fucked up with my best friend."
tifu-test-02942,"i left a £1 on my holiday, didn't realise it was a day off, and now i'm stuck in the process of my holidays."
tifu-test-02943,i fucked up by not knowing what i wanted to do and now i'm fucked up.
tifu-test-02944,i tried to burn a wood and ended up with a broken foot.
tifu-test-02945,i took a bunch of biddy and took a bunch of bj all my face.
tifu-test-02946,i was in a psychiatric and got my phone locked out of my parents’s and i’m not being able to call the doctor’s to find out the psychiatric and i’m still having to go to sleep.
tifu-test-02947,my dad and i accidentally made my dad a birth test for my dad and my family and my family is being married.
tifu-test-02948,i tried to do laundry and ended up with a new machine and a broken machine.
tifu-test-02949,i punched a bottle of $200 in a glass of glass and got kicked out of it.
tifu-test-02950,i left my pants in the middle of my bed and my mom found it on me.
tifu-test-02951,"i got a job ticket, got a shitty ticket, and got caught by a customer."
tifu-test-02952,"i drank coffee before a coffee, got a shitty coffee, and got a bloody coffee."
tifu-test-02953,"i hit my windows on the highway, and my car rolled off."
tifu-test-02954,"i burned my socks down the microwave, and now i'm probably a burnt sock."
tifu-test-02955,"i was watching porn, got caught by a porn video, got caught by a porn video, and my mom saw my pants."
tifu-test-02956,i was circumcized with my dick and my friends thought i was circumcized.
tifu-test-02957,i'm an idiot and i'm not a dumbass
tifu-test-02958,i got drunk and told my clothes to go back in a week.
tifu-test-02959,"i tried to fix a new simone, ended up breaking my simhone phone and a half of dollars."
tifu-test-02960,i got a masturbating and wiped my headphones in the bathroom.
tifu-test-02961,"friend and i smoked some blunt house in our living room, we were too high, and our family got caught."
tifu-test-02962,i locked myself in the toilet and had to pee myself out of the toilet.
tifu-test-02963,"i tried to save a new tv tv, ended up making a new tv fall and breaking it up with a broken tv."
tifu-test-02964,i thought i was a man and was eating rolly and got caught by a man.
tifu-test-02965,"i set a plate on fire, which caused a massive explosion, and the police detector, i was the police, i'm now the police is on fire, i'm now the fire is on fire, i'm a member of smoke."
tifu-test-02966,i tried to be funny and ended up getting a huge penny of people.
tifu-test-02967,i took a picture of a picture of a picture of people and accidentally showed it to the stall.
tifu-test-02968,i was a girl and i'm not a complete idiot.
tifu-test-02969,i fell off my bike and fell on my bike.
tifu-test-02970,i was a little kid and ran into a picnic with a hornet and hit his head.
tifu-test-02971,i got a nosebleming and got a nosebleed out of my nose.
tifu-test-02972,i accidentally threw up my sister's pizzmas.
tifu-test-02973,i told my wife that i was looking for her and now they are all the same way.
tifu-test-02974,"i went to the new movie with my parents, got caught by a racist security."
tifu-test-02975,i told my friend to look at mcdonald's coffee. he got pissed and now i'm scared.
tifu-test-02976,"i sent a random muslimquin a girl a text, and my sister found it."
tifu-test-02977,"i hit a cricket with a girl in the head, hit it, hit the head, hit the head, hit the head, hit the head, and hit the head."
tifu-test-02978,i fucked up by telling my daughters that i was going to kill my daughters.
tifu-test-02979,i went to work with two pairs of clothes and found a pair of clothes that i was supposed to be there.
tifu-test-02980,i was a dumbass and i accidentally opened a party with soda and it was a good idea.
tifu-test-02981,i was a house full of flies flies and the house flew out of my house.
tifu-test-02982,i accidentally told a video to a woman that was actually my friend.
tifu-test-02983,i asked a customer to install my dsl to a dsl because i was too pregnant.
tifu-test-02984,"i got a seizure, thought i was going to take a seizure, ended up having a seizure in the middle of the middle of the night."
tifu-test-02985,"lost my jacket at a movie, lost my jacket, and lost my jacket."
tifu-test-02986,went to the hotel lodge and got a concussion in a hotel lodge and got a concussion.
tifu-test-02987,i got too cocky and told my girlfriend i was going to be the hospital.
tifu-test-02988,i accidentally gave my wallet a condom and a condom with a condom.
tifu-test-02989,i got high and pider mix in my hand.
tifu-test-02990,"got shit in the head, got shit in the head, and was covered by a customer."
tifu-test-02991,"i got a ticket ticket, missed the wrong bus, got a ticket, lost my ticket, and now i'm stuck in a bus with a friend."
tifu-test-02992,"i tried to use my iphone, ended up setting my phone's ipger, and now i'm stuck with a new ipger."
tifu-test-02993,i accidentally sliced my finger with a slicing blade and then proceeded to get it back.
tifu-test-02994,i jacked a new ssd into my new boxbox and it exploded.
tifu-test-02995,"ate pizza, had to shat, shat myself, shit myself, and then had to shat myself."
tifu-test-02996,"i got my first day off at work, and i threw it in my own car."
tifu-test-02997,i'm an idiot and i'm not a dick.
tifu-test-02998,"i met a very attractive woman, and now i'm probably going to have a bad conversation with a broken-up-looking-looking-looking at a year-looking-looking-looking-looking."
tifu-test-02999,i was dumb and i broke my ankle
tifu-test-03000,"i fucked up by not realizing my grandma was in the middle of my grandma, and i accidentally made it look like a pervert."
tifu-test-03001,"i got a job, got a new job, and now i have to be able to be a new one day."
tifu-test-03002,i was trying to get my husband's husband and i ended up getting kicked out of the military.
tifu-test-03003,i sent my sister a picture of my so's sister and she's pregnant.
tifu-test-03004,"i inhaled helium to the helium, i inhaled 20 years old, and now i'm dumb."
tifu-test-03005,my parents are sad about having sex with my parents and i'm not interested about it.
tifu-test-03006,"i told my girlfriend i like her, she's not a fan of porn, and i'm now in trouble."
tifu-test-03007,i got a bad night burn and got a shitty stuck in my face.
tifu-test-03008,"i ate too high brownies for breakfast, and my girlfriend got high, and i had to eat a brownies for the next two hours."
tifu-test-03009,i told my son that his son was a good idea of wine and he was supposed to kill him.
tifu-test-03010,tried to be nice and ended up giving a new one hand to a trash.
tifu-test-03011,"i was playing a shitty kid for a high school trip, and i ended up being forced to give a shitty for the rest of the rest of the rest of the year."
tifu-test-03012,i'm an idiot and i'm not sure how to do anything.
tifu-test-03013,i went to a creek and got my friend's pissed at the creek.
tifu-test-03014,i'm an alcoholic and now i'm going to drink a lot of work.
tifu-test-03015,"i got sick, puked and puked in the sea."
tifu-test-03016,i got drunk and puked in my friends's bed and she ended up being too drunk and i was too drunk.
tifu-test-03017,i peed on my dog and he got my dog kicked on the door.
tifu-test-03018,i got a bj and a bj in my underwear room. she thought i was being a bj and i was being jammed. i was just had to go to the hospital.
tifu-test-03019,i tried to paint paint all over the wall and ended up with a lot of paint.
tifu-test-03020,"i tried to try to stretch a foam, but it ended up with a razor shaft."
tifu-test-03021,"locked myself out of my apartment, had to call the door, had to call the door, got locked out of the car, had to call $100 to get it back, had to call the cops, got it back in the morning, and had to call the cops to get it back to get it."
tifu-test-03022,i got a beet beet for a week and i had a blood.
tifu-test-03023,i got high and almost burned my car.
tifu-test-03024,"got drunk, got drunk, got kicked out of the head, got kicked out by a head and got a bloody nose."
tifu-test-03025,"i was an idiot, pulled a hole into a wall, and it exploded."
tifu-test-03026,"i got a new car, got hit by a car, and my girlfriend got mad, i had to pay for a new car, and i'm a virgin."
tifu-test-03027,i took a $5 hour off my screen and it cracked my screen and now i'm out of a very serious haser.
tifu-test-03028,"i got a gun in my pocket, and my pants is now in a rush to get a piss in my pocket."
tifu-test-03029,"got drunk, got drunk, threw up, got kicked out of my face, and got kicked out of my face."
tifu-test-03030,"i tried to paint my partner with paint on the floor, and it fell out."
tifu-test-03031,i got my prescription prescription and had a prescription to go to the doctor to get my prescription and now i have no prescription.
tifu-test-03032,i got a champoo and got a bloody dick
tifu-test-03033,"i went to the bathroom, came back to the bathroom, and my husband saw me and i had to poop my pants."
tifu-test-03034,i peed in a bush in a bush and got caught in the bush.
tifu-test-03035,i tried to move my toe on a chair and ended up breaking my toe on my toe.
tifu-test-03036,i was camping and my family is a little idea to put a fire fire that was a firefire and i had to drive the local side of the local town.
tifu-test-03037,"got drunk, went to hospital, got drunk, got drunk, went to hospital, got a doctor, got a stomach, got a stomach, and had to pay for a while i was drunk."
tifu-test-03038,"i flushed my boss's toilet, and now i'm a shitty."
tifu-test-03039,"told my cousin she's been having a great ssdy girl, she's pissed and now she's a bit of trouble with her cousin."
tifu-test-03040,i sent a fake email to a school email and got hacked out of it.
tifu-test-03041,i was distracted by my girlfriend and now i'm a woman.
tifu-test-03042,"i was having a horrible bug, and my husband heard me in the hospital. i had to pay a new kind of my eardrumrum. i had to pay it to the hospital and i had to pay me to the hospital."
tifu-test-03043,"i accidentally left my pants in the toilet, the toilet was in the stall, i didn't know how to use the toilet was in the stall."
tifu-test-03044,"i said ""fuck you"" and it's just a lot of frenchians in front of my own life."
tifu-test-03045,i went to grab some skinny girl with my gf and she got caught by a girl
tifu-test-03046,"i asked my girlfriend to have a girlfriend, she said i was going to get a new one, and she ended up being upset."
tifu-test-03047,i asked a demo to a demo by a demo that was too small and ended up making a very important project.
tifu-test-03048,i told my boss i'm a rude person who was doing a phone.
tifu-test-03049,"i accidentally watched my gf's movie about the internet, and now i'm a shitty."
tifu-test-03050,i was drunk and pissed on my flat and my flat neighbor's apartment.
tifu-test-03051,"tried to wax my legs off, ended up with a wax wax."
tifu-test-03052,i was an idiot and my professor thought i was a dumbass.
tifu-test-03053,i thought i was a fart spray spray on my locker and it was actually a good idea.
tifu-test-03054,"tried to be cool, ended up with my roommate."
tifu-test-03055,i was a little bit of my boyfriend and my little brother was talking about it.
tifu-test-03056,"i tried to get a book for the book ""inugug"" and ended up being a free book in front of class."
tifu-test-03057,"i was supposed to get a cancer, and ended up getting a $500 bill because of it."
tifu-test-03058,"i got a job, and now i can't get a job."
tifu-test-03059,i tried to donate blood and ended up with a needle and a needle in my arm.
tifu-test-03060,i spilled my pizza and now my friend is fucking shitty.
tifu-test-03061,i'm an idiot and i'm not a dumbass.
tifu-test-03062,i accidentally made a customer's carty cart and then proceeded to be a nice douche.
tifu-test-03063,i tried to brush my kitten with a electric toothbrush and ended up getting my leg stuck in my leg.
tifu-test-03064,"i got pulled over my tail light, and got caught by a police."
tifu-test-03065,"i made a fart in my pants, and my pants is now in the toilet."
tifu-test-03066,my mother saw reddit porn.
tifu-test-03067,i left a new battery in my car and it was a new one day later. i got the car towed up the car and i had to pay $25 for a $20.
tifu-test-03068,"i was in a parking lot of my wife’s car, and i ended up being a felony and a half of dollars."
tifu-test-03069,i used a removal removal removal and now my entire family are going to have surgery.
tifu-test-03070,i got too drunk and tried to get a good impression.
tifu-test-03071,i thought my daughter would be a good idea and it ended up causing me to put the power line.
tifu-test-03072,i kicked my hand in tennis and kicked my right hand.
tifu-test-03073,"got high, got high, got really high, got fucked up by a friend, and now i'm fucked up by my entire family."
tifu-test-03074,"i got scammed, but i didn't realize i was the same thing i had."
tifu-test-03075,"told my best friend i'm a smart friend, turns out she was just had a smirk."
tifu-test-03076,"i got a bad shower, and i'm pissed."
tifu-test-03077,i was too sedured for a colonoscopy and had to have a rectal surgery.
tifu-test-03078,i was super superman and jumped over my brother's balcony and almost got a huge ass
tifu-test-03079,i'm a dumbass and i'm a dumbass.
tifu-test-03080,"i walked on a run in a run, it was a nice girl who was a running around the street, and i didn't notice it was the way to my first place."
tifu-test-03081,i tried to show a kid a kid and ended up almost getting a ski
tifu-test-03082,"i tried to go on a mountain, and ended up with a swarm of bugs and a swarm of flies."
tifu-test-03083,i sent a message to my friend and my friend that i have a bomb on a bunch of people.
tifu-test-03084,"i hit my face in the face with a girl in the face, and it was a girl's face."
tifu-test-03085,"i threw potatoes on my neighbor's car, and then got arrested by a police."
tifu-test-03086,"i tried to fix a game with a group of a game, and ended up breaking my ear into a pandora rapy and a half-down of a pandora."
tifu-test-03087,i tried to make a joke to make a joke about a girl molester and got caught by a pedolester and now i'm a pervert
tifu-test-03088,i accidentally left a bag of gelatin in my bedroom and it exploded in my bedroom.
tifu-test-03089,i played a video of a music that i was playing video and played the music.
tifu-test-03090,"got lost in a family, lost my company, lost my job, and lost my job."
tifu-test-03091,"i was late for work, and i got a cab call from my friend's house.  i'm a cab and i'm afraid of it."
tifu-test-03092,i got a shitty and ended up with a very hot mess.
tifu-test-03093,i told my parents that i was a teen.
tifu-test-03094,"i tried to catch a chinchilla, ended up being a chinchilla and a half-upilla."
tifu-test-03095,i posted my phone on facebook and it was a pranked.
tifu-test-03096,"got high, got a little eyeshot in the eye with a bottle of e-eye."
tifu-test-03097,"i got a little bit of my girl, she got mad at me, and i told her that she was going to have a drink with her."
tifu-test-03098,"drove in a bottle of peeing bottle in my car, accidentally threw it in the middle of a bottle window."
tifu-test-03099,"i tried to fix a friend's toilet, ended up flooding the entire floor and flooded the entire floor."
tifu-test-03100,i was a kid who was autistic and i accidentally made a picture of art for a class project.
tifu-test-03101,i was sick and poured my head in the bath and it was so i was sick.
tifu-test-03102,i was interviewing for a job and i didn't know how to do.
tifu-test-03103,i got a job interview and asked for a job interview.
tifu-test-03104,i tried to clean my nails remover and ended up cutting my eye with a bottle of my eye and a half of my eyes.
tifu-test-03105,"i didn't ask my best friend to prom to prom with me, and i didn't know her, and i'm still a dick."
tifu-test-03106,i accidentally left a blanket in my room and it ended up with a small blanket.
tifu-test-03107,"i tried to push my grandmother's wheelchair, ended up breaking her a fractured vertebraer."
tifu-test-03108,i drew a paper at a drawing and got called a disability.
tifu-test-03109,i got my clothes stuck in my room and my clothes was covered in my room.
tifu-test-03110,i asked my professor his professor his birthday day and he had a letter.
tifu-test-03111,i tried to use the dishwasherher and ended up with a huge mess of soap and a half-half of soap.
tifu-test-03112,"i got a new song from the toilet seat, and my friends, and i had to poop my balls."
tifu-test-03113,i left my alarm in school and got caught up late.
tifu-test-03114,"i wrote a cat in class, she thought i was a cat, and now i have a cat."
tifu-test-03115,i thought i was dying and ended up smoking my entire bed
tifu-test-03116,"opened beer open with a bottle of beer, got a capstabed."
tifu-test-03117,"tried to be a butt plug with a plastic plug, ended up with a girl in the bed."
tifu-test-03118,i tried to make a credit card and ended up getting denied.
tifu-test-03119,i was watching a documentary documentary and ended up watching a movie documentary.
tifu-test-03120,i tried to show my friend a video to a kid and accidentally showed it to the office and now i have to go to the office.
tifu-test-03121,"went on a picture with my friend, he met a picture of a girl, we took a picture of his friend, we both got the picture of the same time, and i'm now homeless."
tifu-test-03122,i tried to get a good time and almost burned my friends's house down.
tifu-test-03123,i fell asleep in front of my wife's tv and now i'm a woman who is sleeping.
tifu-test-03124,i was playing a game game and lost my account and lost my account.
tifu-test-03125,i took a piss and took a piss.
tifu-test-03126,"i was applying for an interview, and i lost my application."
tifu-test-03127,i accidentally left a meeting with a woman on the head and it was a woman's head.
tifu-test-03128,i was too loud and got caught by a party and the police came in my room.
tifu-test-03129,i threw my dentures in my house and they threw them away.
tifu-test-03130,"i got caught cheating, and now i'm a shitty"
tifu-test-03131,i tried to clean my son's baby and instead i'm a hellty.
tifu-test-03132,"i got the best friend's comic show, and now i'm a weirdass."
tifu-test-03133,"i can't sign my phone, so i can't sign my phone and will not get a new one."
tifu-test-03134,i work at work and forgot to lock my job.
tifu-test-03135,"i was too lazy to come out with my roommate, and when i was too lazy to open my house, and the house was open by the winding and the whole thing that i was left in my kitchen."
tifu-test-03136,"i got a dumbass, and i punched a guy in the face."
tifu-test-03137,"i got a bible bible from a borg on the internet, and now i have to pay a bible bible."
tifu-test-03138,i tried to get my dick stuck in my work and my dick came out of my dick.
tifu-test-03139,i drew a guy on a plane that he was on a plane and he was supposed to take a plane to show him up.
tifu-test-03140,i tried to clean up my mom's kitchen and ended up with mercury and causing mercury to my mother and her mother.
tifu-test-03141,"i was in love with my best friend, and i ended up sending them to my best friend."
tifu-test-03142,"i asked a girl out to ask her out that she had a crush on me, but she didn't see me, and i ended up being in a bad place with her."
tifu-test-03143,got horny and fucked up my dick
tifu-test-03144,"went to china for the first time, got caught up on the plane, got caught by the airport and got kicked out of the airport."
tifu-test-03145,i threw a water at a waterball and it was a good idea to be closed.
tifu-test-03146,i gave a urine sample to a friend and he used to have a urine sample.
tifu-test-03147,"i tried to save a truck, ended up costing my friend a broken leg."
tifu-test-03148,"tried to give my gf a girl a picture of tits, she was not looking for the team."
tifu-test-03149,i told my friend that my class was a pedic and she was thinking i was talking to be a pedic.
tifu-test-03150,"i accidentally shat my girlfriend in the bin, she found it on her mother's face, she laughed at me, i got her mother's mom, and i'm now going to have sex with her."
tifu-test-03151,"i got my cousin's pokemon, which i left it to lick it all over my cousin's face."
tifu-test-03152,i tried to kill my wife's garden with a vacuum and ended up getting stung by a plastic bag.
tifu-test-03153,"i thought i had an antibiotic infection, i was going to have a doctor, and now i have a doctor infection."
tifu-test-03154,"tried to wash my balls, ended up with my hands."
tifu-test-03155,i got drunk and pissed off by letting my sister know i'm a creepy
tifu-test-03156,"i thought i was a pedophile, it was a car crash, i thought i was a pedophile, it was a little bit of my mother's car."
tifu-test-03157,"i accidentally left my laptop on the floor of my laptop at work, and the office was on the er."
tifu-test-03158,"i got in a train with a stranger paper paper, got shit on the way, and had to walk in a train with a stranger to get it out of my friends."
tifu-test-03159,i was in a police parking at a school and got caught by a cop.
tifu-test-03160,i was a kid and i accidentally challenged a kid to catch up the whole class.
tifu-test-03161,"i tried to buy a girl's phone number, but instead i had a phone number."
tifu-test-03162,"ate a bong, got really bad, ate too much and now my stomach is probably a bit of dairy."
tifu-test-03163,i gave my mom a pencil and she got a buzz cut from my hair and i accidentally made it look like a gift.
tifu-test-03164,i put a fire extinguisher in my car and it exploded in the middle of my car.
tifu-test-03165,i drank coke and pissed it up.
tifu-test-03166,i accidentally made a dog dog for a service and the german dog was called by a german dog.
tifu-test-03167,"got drunk, tried to impress my friend with a needle, ended up with a needle, and a half-man-man-filled his ear."
tifu-test-03168,"i let a fart in my shower, and now i have a terrible smell."
tifu-test-03169,"sent a message to a guy, accidentally sent him a message to the same guy."
tifu-test-03170,my brother is sending me a message to my brother about how to do and i thought he was talking to him.
tifu-test-03171,"girlfriend got a new time, i told her she had a new time, she got pissed and i told her i didn't want to let her know."
tifu-test-03172,i cheated on a friend who cheated on me and now i'm in hospital.
tifu-test-03173,i scared my wife to scare my daughter out of the dark child.
tifu-test-03174,"left my room in the middle of my roommates's disposal, left it in the bin, and now my family is covered with me."
tifu-test-03175,"i got into a fight with my mom, my mom is mad at the same time and i'm now in trouble with a new accident."
tifu-test-03176,"i called a woman a coffee shop and got a coffee with a coffee, she was trying to break me up."
tifu-test-03177,i was talking to watch a new girl who had a smoker on her miscarces.  i ended up getting a smelly about it.
tifu-test-03178,i said i was a good girl in the middle of the middle school and got kicked out of the middle of the middle of the middle school.
tifu-test-03179,i accidentally opened a vegan juice of a vegan bar and got a nice surprise for my friend.
tifu-test-03180,"i tried to grab a rock, ended up punching my hand."
tifu-test-03181,"made a joke about a video of humour in a class that was actually funny, and now we're probably going to the class."
tifu-test-03182,i'm a dumbass and i'm not getting a dumbass.
tifu-test-03183,i was sitting at a table and my friend's family thought i was sitting at the end of the end of my family.
tifu-test-03184,i peed on a homeless man and got pissed on the bushes.
tifu-test-03185,"i was tired and i was tired, i was tired, i am now a dick."
tifu-test-03186,i posted a cat that looked like cats and got attacked by a cat.
tifu-test-03187,"i was too lazy to walk through my phone, and my dad found out how i was wearing a new phone in my pocket, and i lost my phone in my pocket."
tifu-test-03188,"i made a joke about my class, everyone heard it, everyone heard me."
tifu-test-03189,"i tried to buy a little sister's statue, ended up getting a new one."
tifu-test-03190,i accidentally called my uncle's deceased deceased deceased.
tifu-test-03191,"went to the bathroom, forgot to take a shit, ended up having to take a shitty and getting shit in the toilet."
tifu-test-03192,"tried to look at my own jizz, ended up with my own mouth open and my face open in my own mouth."
tifu-test-03193,"i forgot to flush my toilet, ended up pissing my toilet and now my toilet is pissing."
tifu-test-03194,"i was in my backyard, i thought was my johnle was in my backyard, he had to walk in and walk away to my backyard."
tifu-test-03195,i left a water on the basement and flooded the house.
tifu-test-03196,"went to a restaurant with a handshake, got a handshake on the hand, got a hand of it."
tifu-test-03197,i made fun of munchkinkin and my mom's brother hates me.
tifu-test-03198,i jumped a fence and jumped my arm.
tifu-test-03199,i got a condom on my dick and it burned my pants.
tifu-test-03200,"ate a job, got sick, puked, vomit all over myself, had to go home, vomited, vomit all over the floor, had to clean up."
tifu-test-03201,i masturbated and my dad and my dad saw me.
tifu-test-03202,i got a new one of my mouth and it exploded.
tifu-test-03203,i was a spider and jumped off a spider and it fell off.
tifu-test-03204,i got drunk and texted my girl's text.
tifu-test-03205,i farted in my exam and now i have a shit.
tifu-test-03206,i left my grandma's room open and heard it.
tifu-test-03207,"i called a woman a cancer, she called me a cancer, and she called me to work, and i called her family, and she called the office, and she called her boss, and she called me to work."
tifu-test-03208,"i sprayed my balls with a hot chemical burn on my balls, and it burned my balls."
tifu-test-03209,i got into a police and got arrested by a police and got arrested.
tifu-test-03210,"i set a fire alarm alarm on the gym and the principal principal came off, and i had to pay for a fire to get it off."
tifu-test-03211,i accidentally clicked a girl and now i'm a freak.
tifu-test-03212,"i got my first day to a fight with my dad, he threw him out of the car, and i threw him out of it."
tifu-test-03213,i tried to be nice and ended up with a fat dog.
tifu-test-03214,i accidentally made a kowowow's grandma's birthday party.
tifu-test-03215,i invited my friends to a house party and my father got drunk and now i'm fucked up.
tifu-test-03216,"got drunk at a train, got hit by a black eye, got hit by a black eye, got hit by a black eye, got punched by a black eye, and got punched by a black eye."
tifu-test-03217,i tried to plug my computer into a video and ended up wasting the whole time.
tifu-test-03218,"tried to cook french fries, burned my finger, and burned my finger."
tifu-test-03219,"i thought i was an intern, but i didn't know how to do the fact that i thought was an intern, and was asked to get the job for it."
tifu-test-03220,i had to piss my girlfriends and she had to shit in the toilet.
tifu-test-03221,"i made a joke about a dog that was actually my dog, and then then proceeded to laugh at him."
tifu-test-03222,i asked my father about my father that he was going to die and he had a paternity test.
tifu-test-03223,"i was too lazy to get my roommate's computer, and now i'm probably going to see my roommate's monitor."
tifu-test-03224,"i was in a divorce and my best friend got divorced, and i lost my relationship."
tifu-test-03225,i posted a naked girl on tinder and got caught by a naked girl.
tifu-test-03226,i tried to impress a girl with a water bottle and ended up with a bottle of her face
tifu-test-03227,"i thought i was retarded, but it was retarded."
tifu-test-03228,i accidentally stole a cheque bank from a bank and now i'm a dumbass.
tifu-test-03229,i made my friend laugh cancer and a cancer of cancer to a cancer because of it.
tifu-test-03230,i was too lazy to cook my finger and ended up cutting my finger off.
tifu-test-03231,i tried to be funny and ended up getting a score of the score of the score of the score of the score.
tifu-test-03232,i tried to put a pen in my pen and it fell on the desk.
tifu-test-03233,"i was locked in my sister's house, she kicked her out and i'm afraid she won't want to pay her."
tifu-test-03234,i sent a prank prank to a teacher and my teacher and my entire class was sent to the principal.
tifu-test-03235,i accidentally insulted my friend by eating a gun and then proceeded to eat it.
tifu-test-03236,"i shampooed in my shower, and i'm not sure if i'm a mampoo."
tifu-test-03237,"i went to a concert, forgot to take a dump, ended up getting a shitty in the middle of the night."
tifu-test-03238,"i was a lazyass, the water was the only one, and i decided to stop it, and i got a new one of the house."
tifu-test-03239,"i wiped my pants in the bathroom, the teacher told me to wipe it up, and i got pissed."
tifu-test-03240,i left my thumb on a ladder and got a bumped thumb on my hand.
tifu-test-03241,i accidentally insulted a link to my friends and she got mad at me.
tifu-test-03242,i got fired for a video.
tifu-test-03243,"drank some bottles of mineral mineralwater, got a nasty taste of it."
tifu-test-03244,i shit myself in a bush and i had to shit in my pants.
tifu-test-03245,i was lazy and i spent a lot of water on my shower.
tifu-test-03246,i got too excited and pissed off my new pen and now my gf is the only one of my life.
tifu-test-03247,"i left a door door in the basement and my mom saw it, and i'm now in the basement."
tifu-test-03248,i was playing with my friend and i was playing a game with a friend and a half-3 friends.
tifu-test-03249,"i locked the lock door in the bathroom, and the lock was locked."
tifu-test-03250,i hit my car in front of a car and hit my leg.
tifu-test-03251,i accidentally set my dead baffle on fire and it fell over to the radiator.
tifu-test-03252,"i had sex with a girl i met her best friend, and she ended up in a hotel with a half-fucking up my best friend."
tifu-test-03253,i tried to clean the sink down the sink and it fell down the sink.
tifu-test-03254,"i was too lazy to carry a driver on a truck, and i ended up ruining my truck and causing a massive breakdown to fix my driver's truck."
tifu-test-03255,"i'm not paying attention to go to a tv show on tv, and i'm now stuck in the process of the year."
tifu-test-03256,i ate a shitty and got a shitty stuck in my ass.
tifu-test-03257,"ate too much spicy food, got caught by a movie, pissed myself and pissed myself"
tifu-test-03258,"i posted a fake website on facebook account, got fired, got fired for it, and got fired."
tifu-test-03259,"went to park rul. saw a park, got caught by police security, almost got arrested by police security."
tifu-test-03260,i sent my aunt a letter to my boss and my aunt and my aunt.
tifu-test-03261,i was in a movie with an apple and i almost threw up my car and threw up a piece of ant-related.
tifu-test-03262,"i got my dog, and i'm a smartass, and i'm not a smartass."
tifu-test-03263,i told my mom i'm not a mom.
tifu-test-03264,i lost my phone and lost my phone and now i'm a dumbass
tifu-test-03265,i ripped my chin off of my friends's chin and now i'm an idiot.
tifu-test-03266,i tried to clean up a garbage can and ended up swallowing a lot of shit in my mouth.
tifu-test-03267,"i tried to get cereal, but i dropped my nuts in the air."
tifu-test-03268,i got high and pissed off my friends.
tifu-test-03269,"i changed the wrong oil, and now i have a new one of my car."
tifu-test-03270,i accidentally used a jeep on my back of my truck and a truck truck.
tifu-test-03271,"i asked my step sister to get some candy from my step-mom, who got mad at by my step-mom, and now i'm a freak."
tifu-test-03272,"i fell down a roof on my friends roof, fell off and fell on the roof."
tifu-test-03273,"i texted a girl at the gym, she's now a new one of my life."
tifu-test-03274,i went to the bathroom and walked outside the stairs.
tifu-test-03275,i tried to fake fire and ended up burning a toy and almost killed my friend
tifu-test-03276,i slept in my dreams and woke up my mom having a nightmare.
tifu-test-03277,i ate a plane and forgot about it and then proceeded to eat it all day before i was in the morning.
tifu-test-03278,"i was trying to be funny to be a fake name, and i found out that i was actually my fake name."
tifu-test-03279,"i gave a fake number to a girl, she got me a fake phone number."
tifu-test-03280,i didn't scan the room and let everyone know that my project manager is a dick (including him)
tifu-test-03281,"i was too lazy to get my job, i broke the laptop, and it was too big."
tifu-test-03282,i accidentally made a joke of skype and now i have a new video of my friends.
tifu-test-03283,"i let a baby bunny bunny, and now i have a baby and a baby."
tifu-test-03284,i got drunk and my friend found out of my friends and i had to climb the dirt.
tifu-test-03285,i accidentally threw a water bottle in my ear and it was a woman’s female.
tifu-test-03286,"i missed a course on an online, and i didn't realize that i was supposed to graduate for it."
tifu-test-03287,"ate too much food, shit myself and shit myself."
tifu-test-03288,"i posted a random email account on facebook and my reddit account account, and she found out it was a virgin."
tifu-test-03289,i farted in a urinal and let everyone know i was going to shit myself.
tifu-test-03290,i was in a big iron and my wife's wife got a big iron.
tifu-test-03291,i got a bad payer and ended up getting a $4.
tifu-test-03292,i put a prank on my friends's room and now i have to look for a prank.
tifu-test-03293,i accidentally spilled the bin bin and flooded the bin of the bin.
tifu-test-03294,i am a dumbass.
tifu-test-03295,i accidentally made a mess of yoghurt in the same bag and it was full of the same bag.
tifu-test-03296,i was too drunk and texted my ex and she was scared to be a dick.
tifu-test-03297,"i was too lazy to ask my friend out of my best friend, and i have a friend who is in the past of the past."
tifu-test-03298,"got drunk, vomited everywhere, vomited everywhere, vomit all over my friends."
tifu-test-03299,i got my girlfriend's car and now i'm stuck in the car.
tifu-test-03300,i'm a dumbass and i'm not sure what she's been.
tifu-test-03301,i told my roommate i'm a creepish person.
tifu-test-03302,i'm a dumbass who has just had cancer.
tifu-test-03303,i accidentally sent a message to a friend and a girl that i was hacked by her and i accidentally sent her a message to her.
tifu-test-03304,i tried to get anal in my arse and ended up with a bloody mess.
tifu-test-03305,"i cut my nails on the toilet, and my mom, and i'm probably a horrible person."
tifu-test-03306,"i was in the middle of my girlfriend's nose, she got a bloody nose and i punched her nose."
tifu-test-03307,"i got into a relationship with my best friend, and she got into a relationship with a woman i was trying to get into the ass."
tifu-test-03308,i shat myself while running a golf in the middle of the bathroom and had to walk through a bathroom.
tifu-test-03309,i accidentally used a super-cream cream cream cream that was actually a good idea.
tifu-test-03310,"i accidentally made my brother a date, and i ended up getting a shitty for dinner and now i have to pay for dinner."
tifu-test-03311,i dropped a $50 gift card of a woman's card and it was too big to be ripped.
tifu-test-03312,"i locked myself out of my car, and then i had to wait for a dump to get it back in the bathroom."
tifu-test-03313,i got a big deal for the game of a game he bought from ebay and it was a gift of christmas.
tifu-test-03314,i was at the gym and i was too nervous to dance.
tifu-test-03315,i got drunk and woke up by being a little brother.
tifu-test-03316,i got a free tea and a half of tea.
tifu-test-03317,"i got a blowjob, and i got a shitty."
tifu-test-03318,i stole my car and stole my car.
tifu-test-03319,"i hit my sister in the bed with my sister, and my sister and i have a big orgasm."
tifu-test-03320,"got a fight, thought it was a seizure, got a seizure, had to fight it up with my girlfriend."
tifu-test-03321,"i pooped on my gf's shower, and now i have to poop in a long amount of poop."
tifu-test-03322,i was sleeping and passed out of my dad and now i'm in trouble with drugs.
tifu-test-03323,i was being a kid and dropped my mom's arm and broke my arm.
tifu-test-03324,i fucked up by not knowing how to do.  i'm a fucking idiot.
tifu-test-03325,"i tried to get a nice hair, ended up with a half hair hair."
tifu-test-03326,"got a fuck, got caught, got a shitty."
tifu-test-03327,"i sent a wrong glass to the wrong person that was supposed to be delivered in the wrong way, and it got a $50,000,000 worth of the wrong one day."
tifu-test-03328,"i took a wet wet wet, and my mom found it wet."
tifu-test-03329,"i was in a closet, i got naked, and i got locked out of my new apartment."
tifu-test-03330,"i tried to hit a football game with a girl, ended up with a concussion and a concussion."
tifu-test-03331,i was interested in a job and i had a job with a very close job.
tifu-test-03332,i was in the library and my mother found out i was talking to the library.
tifu-test-03333,"i asked a girl out of my day, she said i'm a ginger."
tifu-test-03334,i got drunk and fucked up by a girl i had sex with my boner.
tifu-test-03335,"i got high, stank on my mom's car, and now i'm going to work for a second day."
tifu-test-03336,"i tried to shove my balls, but instead i had a hot shower."
tifu-test-03337,"i have no patience for my class, but i have to wait for more than a week to get them in a week."
tifu-test-03338,"i was in a hospital, i had a bloody throat, couldn't go to the hospital, got blood poisoning, and had to ambulance, had to go to hospital for a while i was bleeding, had to have a bloody clinic."
tifu-test-03339,i got caught by a gym and a half-girlfriend came in on me.
tifu-test-03340,i went to a party party and got really drunk.
tifu-test-03341,"i tried to rescue my dog that he was doing a bath, but i didn't have to clean up my dog, and i ended up getting covered in the tub with a small dog."
tifu-test-03342,i shat myself and i had to shampoo all over my face.
tifu-test-03343,"bought bengay to bengay, burned my back, got a nasty burn."
tifu-test-03344,i was a scooter board and got a scooter scooter.
tifu-test-03345,i ate a fake chocolate and got a fake number of chocolate.
tifu-test-03346,i got a passport to the tritish border and had to wait for it.
tifu-test-03347,"got drunk, got caught with my pants"
tifu-test-03348,"i was too lazy to get my mom out of my house, and my mom heard me, and i'm pissed at my house."
tifu-test-03349,"i ate a black bean bean, it was the worst way to the bathroom."
tifu-test-03350,i accidentally called a racist person to a spanish woman who was trying to speak to her.
tifu-test-03351,i was moving out of rent out of my landlord and now i have to pay a rent rent for 3 months.
tifu-test-03352,"tried to be a boner, ended up with a boner."
tifu-test-03353,i was going to a music with a girl in a class class.
tifu-test-03354,i went to the gym and fell on my back of my back.
tifu-test-03355,"tried to be a cat, but instead i'm a cat."
tifu-test-03356,"i tried to save a half-night, but ended up getting my car locked out of my apartment."
tifu-test-03357,got really drunk and got stoned by a brandy girl.
tifu-test-03358,i ate too much high and threw up on a ride.
tifu-test-03359,i accidentally barked a barker in the hotel room with a barker.
tifu-test-03360,"i was in a hospital, i broke my left arm, and i got a conceped, and had to have to get my left arm."
tifu-test-03361,"** got a sword in school, got caught by a sword and a guy who was going to give it back to me."
tifu-test-03362,i went to the gym with a girl at the gym and ended up ruining her last couple of the girl who was doing her same work.
tifu-test-03363,i spent a new vibrator and my boyfriend and his boyfriend and i spent a lot of money.
tifu-test-03364,"i farted a fart, farted, and farted it."
tifu-test-03365,i called a girl a dick that she used to make her cry like a dick and it was a dick.
tifu-test-03366,"i told my friend i'm a ride home, she gets into a ride home, i tell her boyfriend i'm not able to talk to me."
tifu-test-03367,i tried to shave my balls and ended up with a wax sheet.
tifu-test-03368,i got my husband lost the time of the same one
tifu-test-03369,"i was in love with a girl i like a girl, but i was not happy."
tifu-test-03370,i got a hot roller burn on my balls and it hurt.
tifu-test-03371,i didn't check the task and got caught by the team.
tifu-test-03372,tried to make a new-sharp-sharp knife and ended up with a sharp knife.
tifu-test-03373,"i tried to make a spaghetti pan, ended up burning the entire house and burning the entire apartment."
tifu-test-03374,"i took a shitty in the club, i got too high and couldn't notice the consequences of my life."
tifu-test-03375,i left my sunscreen in the sun and it was a half-so-mile.
tifu-test-03376,i threw a jar of kief in my brother's house. my brother found it and i threw it up.
tifu-test-03377,"i told a kid i like a kid i like a kid, turns out she was a kid and i feel like a kid."
tifu-test-03378,i'm a dumbass and i'm not sure what i'm a girl.
tifu-test-03379,"i was in my girlfriend's house, my roommate found out and i was scared of her. i'm not sure if i'm a dumbass."
tifu-test-03380,"i got stoned by a girl i had to smoke weed, she found out she was in the corner, i'm now in the process, i'm probably going to have a stinder and i'm not sure if i'm a dumbass."
tifu-test-03381,"i bought a new bike, and the gas was given me a new one."
tifu-test-03382,"i left a dead trash in my car, and the flies got stuck in my car."
tifu-test-03383,my cousin and i accidentally hit my finger in front of my cousin's finger.
tifu-test-03384,i got a new job job and it burned my dick
tifu-test-03385,"i got a dentist, used a dentist to suck it out of my belly, and now i have to get a dentist to the dentist."
tifu-test-03386,i'm an idiot and i'm not a dumbass who is going to buy an ice cream.
tifu-test-03387,"tried to save a little turtle, ended up being a little kid and a little kid"
tifu-test-03388,"i ate a lot of $50,000 in the end of my mouth, and i had to pay for it to burn my mouth."
tifu-test-03389,i told my ex i'm a terrible person.
tifu-test-03390,"i tried to make a pizza, ended up getting a shitty pepper."
tifu-test-03391,i was too lazy to wash my shower and flooded the washing machine.
tifu-test-03392,i tried to make a lighter with a lighter and ended up burning my hand on fire.
tifu-test-03393,i got a stick stuck in my face and it got stuck in my face.
tifu-test-03394,"i lost my xds, lost my xds, and now i have to pay it back to school"
tifu-test-03395,i'm an idiot who has been doing a few-month test and now i'm dumb.
tifu-test-03396,i accidentally sold an old lady a flower card of flowers and she didn't even have enough money.
tifu-test-03397,i got a red saabab for a week and i ended up getting stranded in the process.
tifu-test-03398,"i sent my coach a group of a group of a group party and my coach is called ""happy"" and i'm now known as my coach is a dick."
tifu-test-03399,i accidentally peed a boy in the bathroom and accidentally showed him a little.
tifu-test-03400,"i tried to make a fire, and ended up burning a fire on fire."
tifu-test-03401,"got drunk, got drunk, pianceed on a wedding, got really drunk, and had to walk home."
tifu-test-03402,i ate a pop sugar and burned my finger.
tifu-test-03403,i tried to take a shower and ended up with my dog.
tifu-test-03404,"i tried to play ballball with my friends, ended up smacking his table and the rest of the table."
tifu-test-03405,"got drunk, lost two hours, lost my flight, and had to pay $500 towed up the house."
tifu-test-03406,"i asked a teacher to sing a peachers in class, he asked me to sing the whole class."
tifu-test-03407,**
tifu-test-03408,i got bored and fell asleep and my dad saw it.
tifu-test-03409,"i thought i was a chinese chinese chinese, but i was too lazy to realize that i was going to find a place to get it."
tifu-test-03410,"i got laid up by a date with a guy i didn't want to eat, and now i'm not sure i'm going to meet a date."
tifu-test-03411,i was in a new way with my backpack and it's really nice.
tifu-test-03412,"i got a cold, and took a cold, almost died in hospital."
tifu-test-03413,"i played a game with my girlfriend, she got scared and now i'm pissed."
tifu-test-03414,i tried to be helpful and ended up with a broken leg and got my knee kicked off.
tifu-test-03415,"i was bleeding and i got bloody, and i got a bloody mess."
tifu-test-03416,"went to a lake, got shit on the way, got shit and had to go to the er, got a full full of the lake, got a full full full of my life."
tifu-test-03417,"i tried to help my wife to get her laptop, she got arrested and i was arrested."
tifu-test-03418,"i was scared of my son, he got scared of him, i told him to fuck him up."
tifu-test-03419,"i tried to clean my computer with a cheap screen cleaner, ended up with a cheap cheap screen and a glass."
tifu-test-03420,i got high and choked by a v/o-walked in the face.
tifu-test-03421,i'm a dick
tifu-test-03422,i tried to clean a nifu toilet with a plastic pipe and ended up with a massive mess.
tifu-test-03423,i ran into a door and now i have a bruise.
tifu-test-03424,"i got drunk and pissed myself in a bar, got a shitty, and had to shit my pants in my pants."
tifu-test-03425,"i was a pranky kid and my friends were in the car with a picture of a friend and a friend, i accidentally punched her car and ran into her car."
tifu-test-03426,i tried to fix my parents new speakers speaker and ended up with a usb speaker.
tifu-test-03427,i'm a jerk.
tifu-test-03428,i got a bloody nose and got a bloody nosebleed in my nose.
tifu-test-03429,i ordered a pizza pizza and he didn't pay attention to my dad.
tifu-test-03430,i'm an idiot and i'm not able to get my work done from the gym.
tifu-test-03431,i got sick and lost a lot of chickens.
tifu-test-03432,i bought a pair of a pair of old pair of old ones and a gift for her.
tifu-test-03433,"i went to a doctor for a check, got caught by a nurse, and now i'm going to have a doctor."
tifu-test-03434,i was too lazy to spend time for a month and ended up with my girlfriend in a month of school.
tifu-test-03435,"i was fired, and i made a mistake of work."
tifu-test-03436,i pooped on the floor and my little brother had to clean it up.
tifu-test-03437,i was a bitch and i'm not a dick.
tifu-test-03438,i sent a picture of my dick to my friend and my roommate. i sent her dick to my roommate.
tifu-test-03439,i was too lazy to babys my alarm clock and i ended up getting a shitty out of my son.
tifu-test-03440,i got a bath from my gf and pissed off my girlfriend's bath.
tifu-test-03441,i got a jacko and bought a dildooo
tifu-test-03442,"got drunk, told my boss i was going to die, she got drunk, i'm fucked up by my boss."
tifu-test-03443,i tried to fix a plunger with a plunger and ended up with a broken toilet.
tifu-test-03444,i was fired for a sony tv and the power fell out of a tv.
tifu-test-03445,"i peed on my d-worker's d-dream, and had to wait for a new one."
tifu-test-03446,"i went to run, but was not aware of the man who had been bleeding."
tifu-test-03447,i went to the sink and got some bad mouth cleaner.
tifu-test-03448,"i made a joke about a girl that was a jewish girl who was trying to bring me a picture of jewelelelel, and i accidentally made it look like a doucheel."
tifu-test-03449,i made a presentation and now have a presentation with a lecture.
tifu-test-03450,"my boyfriend and i were trying to have sex with my boyfriend, and i accidentally left my boyfriend on a relationship with my boyfriend."
tifu-test-03451,my dad and i were taking a katana fight. i was a terrorist.
tifu-test-03452,"i got wasted, puked in a restaurant, and had to wait for a week."
tifu-test-03453,i got a coffee cup of my mom's mother and i was too embarrassed to get it back.
tifu-test-03454,"tried to make a new set of bees, ended up setting it into a glass of wax wax and a half-piece of wax wax wax wax."
tifu-test-03455,i sent my pastor a song to a church.
tifu-test-03456,i got a dance dance in front of a hot hot hot hot and it hurt my hand.
tifu-test-03457,i was too lazy to get laid out of my flatmate because i was too lazy to buy a food card.
tifu-test-03458,"i accidentally made a pot of coffee to a coworker shop, and was too embarrassed to make a coworker."
tifu-test-03459,i puked in a trash and puked in a trashcancan.
tifu-test-03460,"i tried to save a guy's credit, ended up getting two cash from the local place."
tifu-test-03461,i locked my new door with a new door door and now my girlfriend is locked.
tifu-test-03462,"i tried to open my locker in my locker, but i was too embarrassed to open it."
tifu-test-03463,i drove a gas to the wrong border and ended up getting a tow truck.
tifu-test-03464,"i got a busy day at work, got a shitty, and now i have to work with my butt."
tifu-test-03465,"i got the present for the present, and i ended up being the whole present of my parents."
tifu-test-03466,"i got a new phone charger, and i got a new one day later."
tifu-test-03467,"i tried to make a pint of pepsi, instead i’m a bowl full of sugar."
tifu-test-03468,i'm an asshole and i'm not a douche
tifu-test-03469,i was a little kid and i'm not a pedophian.
tifu-test-03470,i burned my fian tree down the fire and burned my fian's christmas tree.
tifu-test-03471,"i took a joint in my sister's apartment, got caught in the airport, and now i'm not sure if we're going to the airport."
tifu-test-03472,i got a stinky and got a hand in my own mouth.
tifu-test-03473,i was a light and my girlfriend caught me a light saber.
tifu-test-03474,"i left a dirty soap of my apartment in the middle of my apartment, the smell like a dirty smelly."
tifu-test-03475,"i forgot to buy a motorbike, but was too lazy to put it back in the process, and i forgot to put it back on the process, so i put it back in the process, and put it in the process, and i lost all the engine."
tifu-test-03476,i am a scammed idiot.
tifu-test-03477,i picked up a fruit and it's not a good idea.
tifu-test-03478,i fell on a puddle and got a prank.
tifu-test-03479,"i got sick, puked in my bathroom, and now my roommates have to go to work."
tifu-test-03480,"i bought a pumpkin-flated pumpkin, ruined a few days of the night, and the result of the process of the process of the process of the process of the process."
tifu-test-03481,i put my pants on a gas station and they got a shitty that i thought i was wearing a pair of my shorts.
tifu-test-03482,"went to the shopping, found a dog, lost my bag, and a dog."
tifu-test-03483,"i got too high and had to go to work with my roommate, and i had to pay a shit out of my ass."
tifu-test-03484,"i tried to get a co-worker, ended up with a csi and a half-girl."
tifu-test-03485,tried to go swimming pool with a pool flip flip and ended up with a pretty bad ear.
tifu-test-03486,"i watched porn video to watch porn, and my girlfriend watched it."
tifu-test-03487,"took a shit, fell asleep in the office, woke up with no more than expected to the bathroom."
tifu-test-03488,i bought a nice album of a record that was too close to the vinyl album.
tifu-test-03489,i told my friend that i'm suicidal.
tifu-test-03490,i tried to clean up my toilet and ended up with a paper and a water.
tifu-test-03491,i was too lazy to do a shitty and ended up with a shitty in the process.
tifu-test-03492,i called a teacher's computer and asked for help her with the computer.
tifu-test-03493,i got a migraine and got a concussion.
tifu-test-03494,i told my mother that my mother that i was laughing at the same time.
tifu-test-03495,"tried to be cool, ended up with a jackass."
tifu-test-03496,i shit my pants bag.
tifu-test-03497,i accidentally stole some handcuffs and the wrong person thinks i'm a dumbass.
tifu-test-03498,i got caught in my parents room and now i'm out of the night and i'm probably going to get back to the hotel.
tifu-test-03499,i tried to help my dad by making a new job with my dad and ended up setting them in the process.
tifu-test-03500,"i accidentally made a stupid joke about a coworker, and it was a little man."
tifu-test-03501,i tried to clean the dishwasher and it exploded in the kitchen.
tifu-test-03502,"i got mad of kanyeus's new song, and now i'm really a dick"
tifu-test-03503,"i was watching tv to watch tv, and it exploded into the tv."
tifu-test-03504,i was too lazy to go through a restaurant and my car was too late.
tifu-test-03505,"i was in a bus trip with my dad, i told my dad to go to the bus stop, i cried and cry in front of her."
tifu-test-03506,"i tried to get high, ended up getting a shitty and a broken tube."
tifu-test-03507,i accidentally made a joke about chineseism in the country and now i'm a teenager.
tifu-test-03508,"i got a boner, and my teacher found out i'm a dick."
tifu-test-03509,"i was too lazy to get my girlfriend's car, and i ended up locking myself in the process of the night."
tifu-test-03510,"i was too lazy to a girl, she got engaged, i told her i was going to die, she's going to her again, and now she's going to have a new one time."
tifu-test-03511,"i was in a bathroom with a batty, and i got caught by a bat."
tifu-test-03512,i'm a fucking idiot and i'm not a man who doesn't have a job.
tifu-test-03513,i got a big solder that made a piece of a piece of my friend and got banned.
tifu-test-03514,"i tried to be nice to be a rude person, ended up being slammed by a customer."
tifu-test-03515,"told a girl i liked her dead, turns out he was talking about her."
tifu-test-03516,i was being an idiot and i had a rash on my back to the doctor i had a rash.
tifu-test-03517,i posted a picture of a friend in a football club and now i'm not sure if i'm a dick.
tifu-test-03518,my mom has been an affair and now i have no money for a while i owe my mom and she's mad.
tifu-test-03519,"i tried to kick a girl, ended up making her a ball."
tifu-test-03520,"i played a cast of a girl in the hospital, and it's a lot of age."
tifu-test-03521,"i accidentally asked a girl to do her number, she was actually a graphic girl, and i lost her number."
tifu-test-03522,i'm a fucking idiot and i'm not a dumbass.
tifu-test-03523,i was in the bathroom and my mother walked in on the toilet and i didn't notice the toilet door.
tifu-test-03524,i'm a phone interview and i'm not sure if i'm going to die.
tifu-test-03525,"got 3,000% off college,000% of my life and now i have to pay for a 2."
tifu-test-03526,i took a date for my pills and ended up with a woman who is taking a nap for her.
tifu-test-03527,i was a dick and i got kicked off a mic because i was too embarrassed to be a pedist.
tifu-test-03528,i accidentally sent a gay a gayophophophophophophobic youth to a gay guy who is already in trouble with me
tifu-test-03529,"i was in a hospital, i tried to help my wife, and now i have a seizure."
tifu-test-03530,"i was in a party with a cop and a cop, and i threw it up."
tifu-test-03531,"i tried to burn a quarter of dry water into a cold, and it exploded."
tifu-test-03532,i told my mom about porn and my mom that i'm not sure about it.
tifu-test-03533,i told my father about the movie that he was going to die in a movie with his father.
tifu-test-03534,"i got a date with a girl, she was too nice, i was too busy to meet up with her, she got married and i'm out she's a married."
tifu-test-03535,i'm a dumbass and i'm not a dumbass.
tifu-test-03536,i got a pot that was too big and i thought it was a pot. my dad found out and he was mad.
tifu-test-03537,"i tried to kill a bird, ended up killing a bird, and a dead bird in the process."
tifu-test-03538,i spilled water on my ipad and it exploded on my ipad.
tifu-test-03539,"got drunk, went to a bar, got a shitty, got a shitty, got a new job, and got a half of work to work."
tifu-test-03540,"i ate a nice mattress, and my roommate found it funny."
tifu-test-03541,"i got in trouble with a teacher, got in trouble and got in trouble"
tifu-test-03542,"i was dumb, got arrested, and now i'm a dumbass."
tifu-test-03543,"i was tired, and i had a cold reaction, and i was left to the hospital."
tifu-test-03544,"got drunk, threw up a rip in the toilet, threw up the floor, and got a scatterer."
tifu-test-03545,i accidentally rubbed a large lady's face and it was all over her work.
tifu-test-03546,i didn't have the shittian before i was supposed to be a priest.
tifu-test-03547,i was walking in front of a girl and she got mad at me.
tifu-test-03548,i was in a house with my friends and i had to get rid of them and now i'm in a house with my friends and i'm getting a new one year old and i'm not friends.
tifu-test-03549,i dropped a beer in my hand and it opened it with my hand.
tifu-test-03550,i told my sister that i was a rahahhahhah.
tifu-test-03551,"i had sex with my girlfriend in the shower, and i left it in the shower with a wet mess in the shower."
tifu-test-03552,"i forgot to put noodles in the middle of the middle of the fire, and the fire was burnt."
tifu-test-03553,i bought a drone that was too high and it flew out of it.
tifu-test-03554,"i got a plunger, got a banana peel, and my parents found out it was a plumber."
tifu-test-03555,i accidentally insulted a group of a group of a school project and got caught up by a very racist rape.
tifu-test-03556,"i tried to show my friends friends to the park, ended up getting a little higher degree and a half of my life."
tifu-test-03557,"i was invited a girl i liked to sleep with a girl i liked, she was alone alone, i told her she was a pervert, she told me she was a girlfriend, i'm now she wants to kiss me."
tifu-test-03558,i got into a gas station and i'm a shitty man.
tifu-test-03559,"got drunk, pissed off by a mummy, got drunk, and screamed at the shower."
tifu-test-03560,"i got off, and my phone fell off, and i'm now a guy who thinks i'm a dick."
tifu-test-03561,i'm a fucking idiot and i'm probably going to get a new monitor to fix it up.
tifu-test-03562,i told my sister that i was trying to get a porn. she told me i was the same time. i told my sister that it was the only thing that i was just a stalker.
tifu-test-03563,"i got a sticker, and now i can't be able to get a ticket."
tifu-test-03564,"i was a dog, i tried to open a dog, got a shitty, and got a shitty, and a result of my dog."
tifu-test-03565,"i made a joke about my friend's facebook account, and now i'm probably banned."
tifu-test-03566,i'm a lazy idiot and i'm not a lazyass.
tifu-test-03567,i got high and sent my girlfriend a salsa to make a salsa.
tifu-test-03568,**
tifu-test-03569,i ate a bunch of food and puked on my food.
tifu-test-03570,"ate a trip in the train, had a shitty, had to wait for it, had to wait for about it."
tifu-test-03571,"i got a super expensive scooter, and the one of my friends and my friends are in a metal screen."
tifu-test-03572,"** i was a dog, i lost my dog, dog chased her and i didn't find it."
tifu-test-03573,i thought i was going to the wrong history class and ended up being a shitty for a while i was supposed to die.
tifu-test-03574,"i went to a friend's house, got shit all over the house, and had to spend a day with my friend."
tifu-test-03575,"i met my ex-gf, he was gay, he was a gay man."
tifu-test-03576,i accidentally put a tampon in my underwear and my co-workers found a tampon in my underwear.
tifu-test-03577,"i threw my arm to the high school, got a high school baseball, and now i'm a terrible asshole."
tifu-test-03578,i shit myself in the face of a night and i'm probably a fucking idiot.
tifu-test-03579,i tried to win a big moth and ended up with a half-mormana and a half-game.
tifu-test-03580,"ate a chili in my microwave, got food poisoning, and ate it."
tifu-test-03581,i'm a dumbass and i'm not paying attention to my mom.
tifu-test-03582,i thought i was suicidal and now i'm gay.
tifu-test-03583,i got drunk and pissed off by a party and a half-upole who had to stay in a very bad time.
tifu-test-03584,"got drunk, got arrested with weed, got arrested and arrested for a few hours."
tifu-test-03585,i drank a lot of alcohol and lost my best friend's life.
tifu-test-03586,i was at a party and tried to get into a blank with a friend and ended up getting a blank.
tifu-test-03587,"i left a door in my house by turning them off, and now i have to buy a new one of them."
tifu-test-03588,i was at a party and my sister had a sleepover. i was left in the basement and i had to sleep with her.
tifu-test-03589,i burnt a campfire and burned a camp.
tifu-test-03590,i was scared by a creepy creepy website and scared myself out of the house.
tifu-test-03591,i got my girlfriend to the hospital and she punched me up the house.
tifu-test-03592,i was a bad idiot and i ate ice cream and knocked it out of my parents' ice cream.
tifu-test-03593,told a girl i liked the whole class i liked her.
tifu-test-03594,"i left my best friend panties on the couch, and my roommates saw them."
tifu-test-03595,"i tried to get a ticket, but instead i had a ticket and i didn't have to pay for it.  i'm a bad deal."
tifu-test-03596,"went to a fancy restaurant in Cop-lane, ended up getting tipped by a tip of 100 kenny kenny."
tifu-test-03597,i accidentally ate a homeless man's first time in the middle of the homeless guy.
tifu-test-03598,i got a stripperpper and told a stripperpper to go to the store.
tifu-test-03599,"got drunk, got caught by a college, got caught by a police police, and got caught by police."
tifu-test-03600,"ate gummy bears, ate gummy bears, got a headache, lost my guts of pain."
tifu-test-03601,i accidentally told a female that i thought was cheating on her wife.
tifu-test-03602,i met a girl who was talking to me and i said her friend was talking to them.
tifu-test-03603,"i tried to make a backup of coffee in my hdd, but ended up ruining it with a cup of coffee and a half of coffee."
tifu-test-03604,i ran into a rabbit and ran into a rabbit.
tifu-test-03605,"i got sick, got sick, and puked on my nose, and got a rash."
tifu-test-03606,i was looking for my bf's bf and i lost my hand.
tifu-test-03607,"got drunk, tried to get some of friends, ended up with a girl and a couple of my pants."
tifu-test-03608,"i put fire in the trash can of fire, and got caught by a fire."
tifu-test-03609,i was in a car and left my car in the car.
tifu-test-03610,"went skiing with my tinder, got ticketed by a half-day, and now i have to pay $150 for the day to get it."
tifu-test-03611,"i was in a petty situation with my girlfriend, she told me she's going to kill her, and now i'm going to hell."
tifu-test-03612,i slept in on a group of my class and got a shitty teacher.
tifu-test-03613,i accidentally bought some pepsi bottles of chips and it exploded in the basket.
tifu-test-03614,"i went to a car with my dad, and my car is in a car, i got caught by a stranger and a car."
tifu-test-03615,i ate gum in my gum and it exploded in my mouth.
tifu-test-03616,i am a friend and i'm not a friend.
tifu-test-03617,"i said ""i'm a chinese"" in china, but it was a bit of chinese, i said ""i'm a dick"" and i got a dick."
tifu-test-03618,"got a new day early, got a shitty, got a shitty, got laid out of my gf and now i have to pay for a new one."
tifu-test-03619,"i tried to help a part of a man in a bus, ended up getting arrested by a police and getting robbed by a police."
tifu-test-03620,got drunk and vomited all over my bed.
tifu-test-03621,"i called a guy a guy, he was not a dick, and he's not sure he's a man."
tifu-test-03622,i got a job cut by a man who had a job and i was too embarrassed to fix my hair.
tifu-test-03623,"i was a little idiot and tried to jump a wall at the wall, and ended up with a broken wall."
tifu-test-03624,i'm an idiot who i'm not going to work today.
tifu-test-03625,i was a little kid and jumped over a fence with a bangman in the face.
tifu-test-03626,"i took a shit, shit on my own parents."
tifu-test-03627,i was a girl's seat and i didn't realize i was sitting on the bus.
tifu-test-03628,i made edibles and a bunch of vaped edies in my kitchen.
tifu-test-03629,"i broke my moms car, and i broke it all over my floor and broke my moms couch."
tifu-test-03630,"i was home with my brother, brother found out of me and his little brother found out of me."
tifu-test-03631,i was in a hospital with a dirty man and got caught by a police.
tifu-test-03632,"i left my dad's house on the way home, and now my dad is pissed at me."
tifu-test-03633,"i had a bad day at work. i was supposed to be a good idea. i drank too much, and had to spend a new job with a broken heart attack."
tifu-test-03634,"i was in the middle of my driving, and i accidentally spilled it all over my car."
tifu-test-03635,i got a boner and got my handbone stuck in the couch.
tifu-test-03636,"i put some turkey in the middle of a turkey, and it exploded in the process of the can of the turkey."
tifu-test-03637,"i tried to help a teacher with a homework, and ended up getting kicked out of class."
tifu-test-03638,i said the title of my friends and the class were talking about it.
tifu-test-03639,i got stucked by a goat man who was in the middle of the forest.
tifu-test-03640,"i was a kid, but i didn't take care of the kids."
tifu-test-03641,"got drunk at work, went to work, got drunk, passed out of my car, got drunk, passed out to work, got a nap, got locked in the garage, passed out, got a nap, passed home, passed home, passed out to work, got a nap, passed out of my friends, got a ride home, got to be a ride home, got some of my friends."
tifu-test-03642,i fell asleep in a crowded train and made a guy cry.
tifu-test-03643,"i tried to get a beer, ended up getting a beer"
tifu-test-03644,i burned a plastic plastic plastic bottle of my finger and burned my finger.
tifu-test-03645,i made a sick joke about dying and now i feel like shit.
tifu-test-03646,i accidentally shoved up a guy's day and now i'm too fat.
tifu-test-03647,i threw away the door and threw it out of my room.
tifu-test-03648,i took a shit in the woods and got a shitty shit.
tifu-test-03649,i got a free day of my house and paid $15 to drop it out of my house. i didn't even have the money to pay for it. i ended up paying $10 minutes to my house to find out of my house.
tifu-test-03650,"i got a new foot, tried to help him get a new one."
tifu-test-03651,"i tried to impress a friend by turning into a red light light light light, and ended up causing a huge red thumb."
tifu-test-03652,"i took a porn in the theatre with my daughter, and my daughter and i had to go to the cinema with a movie."
tifu-test-03653,"i tried to fix my roommate's apartment, and now my roommate is flooded."
tifu-test-03654,"i was going to a new house to a girl i met, got a lot of money, and i ended up getting her wallet on the next day."
tifu-test-03655,"i ate a goat goat with a baby, and it got a lot of animals."
tifu-test-03656,i made my friends birthday and the whole class i had no one of them.
tifu-test-03657,"i played a game with a game of a game with a little kid, and then accidentally made a joke about it."
tifu-test-03658,i crashed my knees down the highway and it was not my fault.
tifu-test-03659,i went to a mall party and got drunk and slept in a mall.
tifu-test-03660,"i was 10,000 and my forehead, and i decided to quit my forehead."
tifu-test-03661,got invited to the pool and jumped in the pool.
tifu-test-03662,"i got a job, got a job, and lost my life, and my mom found out of it."
tifu-test-03663,i got wasted for my pants and now i'm going to work.
tifu-test-03664,"ate a bunch of beans, forgot about it, got the rest of the dog."
tifu-test-03665,"i tried to help my homework, but instead i had a broom and i got caught by my dad."
tifu-test-03666,i tried to cook a lid and ended up burning a molten fire.
tifu-test-03667,i gave my gf a card card and she gave it back.
tifu-test-03668,i used my calendar to get a birthday present and forgot about it.
tifu-test-03669,"i tried to bake cookies, but instead of my friends are making a big cookie."
tifu-test-03670,i told my parents that i'm a fan about a tifu.
tifu-test-03671,i'm an asshole
tifu-test-03672,i didn't check my passport and i didn't check my passport and i didn't have to spend it.
tifu-test-03673,i farted my pants and ended up with a huge mess.
tifu-test-03674,i'm an idiot and i'm not a man.
tifu-test-03675,"i got a back to a bar for my friend, but was too busy to eat it up."
tifu-test-03676,i tried to burn my wife's house down and ended up burning my wife's house.
tifu-test-03677,i told my friend that i had a wedding.
tifu-test-03678,"i was in the beach with a nikiniini, i tried to save it, and ended up with a very serious injury."
tifu-test-03679,i tried to clean up a trash and ended up with a fire and a half-degree burn.
tifu-test-03680,i broke my friend's birthday.
tifu-test-03681,i got drunk and pissed up by a janitor.
tifu-test-03682,"got thirsty, got thirsty fries, and now i'm the biggest fuck out of my life."
tifu-test-03683,i cut my foot with a hand and now i have to cut my foot.
tifu-test-03684,i accidentally got fired by a co-worker and then proceeded to meet a co-worker that i was wearing a co-shirt.
tifu-test-03685,i was shypeed with my best friend and i had to talk to my house to my house and my neighbor saw me a creepy creepy profile.
tifu-test-03686,i went to a school and my friend got caught up. i called the cops and called her to the police.
tifu-test-03687,i got a shitty massage and got a shitty massage.
tifu-test-03688,"i sharted in my roommate's bathroom, and now i'm probably going to have a terrible fart."
tifu-test-03689,"i ordered a pizza, got a pizza, and the pizza guy came in the cold table."
tifu-test-03690,i told a japanese i was eating a lot of japanese and got yelled at me.
tifu-test-03691,i tried to help a bottle of scotchch and ended up making a bottle of scotch in front of my friend.
tifu-test-03692,"i asked a man if he was buying for me, i told him to give him his clothes, and he said i was a dick."
tifu-test-03693,"i got kicked by a camp in a school, and i got kicked out of a cow in my face."
tifu-test-03694,i accidentally opened my mom in the face with my mom.
tifu-test-03695,"i was too lazy to do a teacher and my sister's sister is a pedor.  she got the same offer, and i'm now going to send her a job to a new school."
tifu-test-03696,"i tried to break my glasses, but i broke my glasses and now i have a new girlfriend."
tifu-test-03697,**
tifu-test-03698,i was too drunk and told my crush that i had a crush on my crush.
tifu-test-03699,i'm a dumbass and my boyfriend thinks i'm a dumbass who's a dumbass.
tifu-test-03700,"i clicked a torrent torrent torrent to a porn movie, accidentally opened it, and now i'm a full of porn."
tifu-test-03701,"i got a shitty, and got caught by a treadmill."
tifu-test-03702,"i got a shirt and it hit a shirt with a shirt, and the guy who was running in the fan."
tifu-test-03703,i lost my wallet and lost my wallet and lost my wallet.
tifu-test-03704,"i got a job, missed my day, and got caught up by a very hot ass."
tifu-test-03705,"i tried to save a grenade grenade in my car, it blew up and almost killed my hand."
tifu-test-03706,i accidentally left my keys in the driveway and my dad's dad saw me.
tifu-test-03707,"i went to the bathroom with my little brother, and i got into the bathroom."
tifu-test-03708,"tried to make a mess, ended up burning a molten mess, burnt my thumb down, and got burnt in half of my thumb."
tifu-test-03709,"went for a run, got lost, lost a run, lost my route, and lost my chances."
tifu-test-03710,"i got my friend's number, and i accidentally called him a gun to get my number."
tifu-test-03711,"ate a drunken drunken joke, got drunk, ate it, vomited all over my floor, had to clean up my own bathroom."
tifu-test-03712,i tried to ride a bike and ended up breaking my leg.
tifu-test-03713,i posted a site of my work and the future of my friends's website and the design of my contacts.
tifu-test-03714,i was being a cricket and a cricket bug came in my laundry and now i have to spend a lot of my bees.
tifu-test-03715,"i tried to clean my bathroom with a pretty bad guy, he got a nosebleed and i had to clean it up."
tifu-test-03716,"i broke my computer and broke my computer, and now i'm going to fix it."
tifu-test-03717,"i was deaf deaf and didn't hear my ear to my ear, and now i'm deaf deaf."
tifu-test-03718,"i tried to borrow my book to my lab, but now i have to borrow a book to my professor."
tifu-test-03719,"went to the beach, got a shitty, shit all over the way home, had to go to the bus, got a shitty, got a shitty, got a shitty, and had to pay for the rest of the next day."
tifu-test-03720,i fell asleep and broke my ankle.
tifu-test-03721,i accidentally turned my radio off the office and the entire office was gone through.
tifu-test-03722,"i got a bad mood at work, and i got my son vomated on the way."
tifu-test-03723,i got high and threw my wallet in the car.
tifu-test-03724,i went to the movies and left the window open on my window.
tifu-test-03725,"got fired, got kicked out of my brother, got kicked out of my keys, got kicked out of my keys, got kicked out of the whole day."
tifu-test-03726,i shit myself and shit myself in the bathroom.
tifu-test-03727,"i got fired, got fired, and got fired."
tifu-test-03728,"i found a new post, my karma thinks i'm a creep."
tifu-test-03729,my wife and i had sex with a bjape pepper and i cooked her hands and she's pissed.
tifu-test-03730,"i made a pig look at a cop, he laughed at me and made a joke look like a guy."
tifu-test-03731,"i was too nice to ask a girl out, and i got into a fight with her."
tifu-test-03732,** i was too lazy to show my dick a kid a kid who was moving to him.
tifu-test-03733,i was being lazy to sleep and got my ass kicked up.
tifu-test-03734,i'm an idiot and i'm not paying attention to my dad.
tifu-test-03735,"i got sick, and missed a job, and now i have to go to school to school."
tifu-test-03736,"i was lazy to get my parents to the hospital, and i ended up with a hoe in the hospital."
tifu-test-03737,i forgot to order my meal and ended up wasting $30 on the counter of my food and had to wait for it.
tifu-test-03738,"got my brother's phone number, he was homeing on the road, i accidentally hit him, he was home and now i have a new girlfriend who is home."
tifu-test-03739,i accidentally made a duck egg in the fridge and the eggs were supposed to be funny.
tifu-test-03740,"i got a bloody nose in my ass, and my rectitals opened my ass in the ass."
tifu-test-03741,"ate pork chops, went to walmart, shit my dick, had to go home, had to go to walmart, got a fucking shitty and shitty."
tifu-test-03742,i dropped a door in front of a girl's underwear and she thought it was a glove.
tifu-test-03743,"i tried to clean acetone on my keyboard, which ended up with acetone and a half of acetone."
tifu-test-03744,"i thought i was going to work, but i lost my key key and had to get it back."
tifu-test-03745,i took my phone to the hospital and my brother got fucked up by my parents and i had to take a different way to the hospital.
tifu-test-03746,i ate chinese food for dinner and ended up with a broken glass in my hand.
tifu-test-03747,i'm a fucking idiot.
tifu-test-03748,"i didn't get to go to the college, and i didn't get the chance to a college."
tifu-test-03749,"i tried to be a good game with my little brother, ended up breaking a window and breaking a window in the process."
tifu-test-03750,**
tifu-test-03751,i was being a dumbass and injured myself in the face of a group of an accident.
tifu-test-03752,"i farted my pants in a bathroom with a girl i didn't know, and i let her know i was going to farting."
tifu-test-03753,i tried to break my own glass and ended up breaking my own glass
tifu-test-03754,i was drunk and i drank some pretty much vodka and got really drunk.
tifu-test-03755,"i thought my roommate was gay and i was gay, i told him to get a new roommate."
tifu-test-03756,i accidentally gave a soda to my sodast and it exploded on my hand.
tifu-test-03757,i tried to save a new sd card and ended up with a bunch of a bunch of money card.
tifu-test-03758,i stabbed my dick and stabbed my dick.
tifu-test-03759,i tried to help a girl off the hotel and ended up with a huge handle.
tifu-test-03760,"got drunk, got cocky, got horny, got caught by a girl, got sent to a girl i like, got a girlfriend, and now i have a girlfriend."
tifu-test-03761,"i told a friend a pencilpener to a friend, she got a detention, and i told her it was a terrorist."
tifu-test-03762,"i tried to help a girl by pretending to buy flowers, but instead i was too embarrassed, but i ended up getting a shitty."
tifu-test-03763,"i was too lazy to change my father's car, and i ended up with a broken pipe."
tifu-test-03764,i was drinking milk and farted my mom in the couch.
tifu-test-03765,i tried to clean a dishwasher and ended up breaking my foot.
tifu-test-03766,i was asked to kill a school by telling my teacher that i had a gun and got caught in school.
tifu-test-03767,i yelled at a class and told a teacher that his class was the same person.
tifu-test-03768,"i dropped my hand and got a really bad idea of my hand, and had to walk around the marina's house to get my hand to the marina's house."
tifu-test-03769,i was a drug to try and got my friends kicked out of my house.
tifu-test-03770,"i was too busy to open my door open, and i was too close to open the door."
tifu-test-03771,i got a black burger and got a black burger full of it.
tifu-test-03772,i accidentally made a picture of a hulk in an airplane that was a man who was on me.
tifu-test-03773,i tried to be a good idea to have a boyfriend's first time with my hands and ended up with a wet mess and a half-scubed on my head.
tifu-test-03774,"i fucked up by a girl i like a girl, and she was in a very awkward way."
tifu-test-03775,"i accidentally opened a nsfw to a nsfw, got a new pair of nsf."
tifu-test-03776,i was too lazy to get my mom's photos and she took a look for her.
tifu-test-03777,i left my shoes in the office and got a shitty.
tifu-test-03778,"i can't play the whole game, but i won't play it in a game i got 100 dollars in my inventory."
tifu-test-03779,"i tried to hit a sledge on a man's stomach, ended up with a concussion and a concussion."
tifu-test-03780,i accidentally caused a free video of north karma to a north of north karma.
tifu-test-03781,"i tried to give a kali file with a computer that was a hacker, but it was a free hacker."
tifu-test-03782,i tried to be a bath and ended up dying in the bath.
tifu-test-03783,"i was scared to watch a movie, and scared myself out of the night by the night."
tifu-test-03784,i got a cold sore and made a cold joke about it.
tifu-test-03785,"i forgot my coffee to get coffee, and now i'm stuck in the middle of the road."
tifu-test-03786,"i said ""i'm a guy"" on my forearm."
tifu-test-03787,i was too lazy to drive my car and ended up being driven by a car.
tifu-test-03788,"i tried to rescue my girlfriend, but instead of it's a rabbit."
tifu-test-03789,i locked my dog out of the door and it was a cold outside of snow.
tifu-test-03790,i threw a bonfire in a friend's face and it blew up.
tifu-test-03791,i got a bloody penis and ended up with a bloody penis and a bloody penis.
tifu-test-03792,i got a football game and got a beating for a soccer game.
tifu-test-03793,i got drunk and told a white guy to use a $400 dollar to fix my face.
tifu-test-03794,i tried to clean up with a bucket full of my hands and ended up with a bucket full of shit.
tifu-test-03795,"i got drunk, and i got a bit of a girl, and i was not the only one of the girl i was going to the hospital."
tifu-test-03796,i'm an idiot who is trying to be funny to make a joke about it.
tifu-test-03797,i accidentally set a teacher a very loud alarm alarm and it was a very loudass.
tifu-test-03798,"i tried to have sex with my parents, and then my parents saw me."
tifu-test-03799,"i wore black nails polish polish polish and went to school, my mum thought i was a metal nikerish n."
tifu-test-03800,i am a dumbass who has a ticket ticket for a football ticket.
tifu-test-03801,"ate a factory, got high, ate too much, and had to shit myself out of my mouth, and had to pay a lot of my stomach."
tifu-test-03802,"i got too drunk and fell asleep on my penis, and then fell asleep in the morning."
tifu-test-03803,i deleted a server for a syson and deleted my job.
tifu-test-03804,i jerked off my mom's bed and i jerked off the next morning.
tifu-test-03805,i sent a surprise party to a surprise party and he couldn't even be able to go on facebook.
tifu-test-03806,i was invited to a party and my gf's girlfriend was in a very bad mood.
tifu-test-03807,i wore liquid liquid in my eye and it exploded in my eye.
tifu-test-03808,"i told a customer that i didn't know how to do. i was asked to help her with a new job, and it was not a good idea that i didn't know how to do."
tifu-test-03809,i fucked up by not realizing i was going to the car and it was a good idea.
tifu-test-03810,i accidentally spilled a rotisserie chicken in a row and it's probably a good deal.
tifu-test-03811,"i left my house on the morning, and now i have a new one."
tifu-test-03812,"i peed on my own phone, and it exploded in my face."
tifu-test-03813,"i was a prat party and told a guy that he was pregnant, he was pregnant and i was pregnant."
tifu-test-03814,"got drunk, went to a bar with gf, got drunk, walked home to the face, got kicked out of the face, got her face kicked by her face, she was drunk, and was now the bar."
tifu-test-03815,i cleaned the ceiling and now my parents have to clean up the ceiling and the ceiling was dirt.
tifu-test-03816,i was on a stupid mood with a friend and i got caught by a girl i was trying to eat and made a lot of people laugh about it.
tifu-test-03817,"got caught by a kid, got chased by a car, got chased by a cop."
tifu-test-03818,"got drunk, got drunk, got fucked up by a cop shop, got naked and now i'm fucked up with a dick."
tifu-test-03819,i fucked up by not knowing what i thought was doing and now i'm in love with her.
tifu-test-03820,i got a chair on an interview with a chair and a chair in the middle of a chair.
tifu-test-03821,got bored and played with my speakers speakers and now my parents are playing with me
tifu-test-03822,i put my contacts in the eye with a lense lens.
tifu-test-03823,"i tried to make a cake cake, ended up with a cake and a cake."
tifu-test-03824,"i hit a football ball at a football, got suspended for a baseball ball, and got suspended for a baseball ball."
tifu-test-03825,i tried to eat a cake cake and ended up with a cake full of my mouth.
tifu-test-03826,i swallowed an entire chocolate chocolate and it was so i was not a child.
tifu-test-03827,"i lost my binder in the rain, and it got me fired."
tifu-test-03828,i tried to get super glue and ended up with a broken finger
tifu-test-03829,"i was in a bad place with a neighbour, i'm a bit of shit and my girlfriend, i'm now in a bad place with a new neighbour."
tifu-test-03830,"** i was told my right tooth to get rid of my teeth, they will have to get them removed."
tifu-test-03831,"i was supposed to get laid, and lied to my boss about it.  i'm not sure i was going to find a new job."
tifu-test-03832,i'm a dumbass and i'm not going to take a dark spot.
tifu-test-03833,i went to a 10 mile and shit myself with a shitty.
tifu-test-03834,"i got a lot of games, got it stuck in the middle of the house and the host was taken with my parents."
tifu-test-03835,"i told my wife she had a date, she said she's mad and i'm now stuck in a date."
tifu-test-03836,"i tried to be a good kid, but i broke my computer and broke my computer."
tifu-test-03837,i told my friend that i was a surprise party and my friends that she was going to kill me.
tifu-test-03838,"i got drunk, and had to pay a friend's apartment."
tifu-test-03839,"got a date, got a date, got a date, and had to get the hospital in the hospital."
tifu-test-03840,"girlfriend finds out she's been a substitute, i'm now scared."
tifu-test-03841,i was late for my first class and i was left a very late class to find out my lunch.
tifu-test-03842,"i didn't realize the store was open, and i ended up being chased by the store."
tifu-test-03843,i tried to be cool and ended up with a broken nose and a broken nose
tifu-test-03844,i got a shower in my boyfriend's pocket and now i have to go to work with a shower.
tifu-test-03845,"asked my dick to my roommate, he turns out he was gay."
tifu-test-03846,i peed in a theater and got fired in the bathroom.
tifu-test-03847,i got fired for mcdonalds and ended up paying the whole thing to the mcdonalds.
tifu-test-03848,i was a cold cold and made a joke of my so that i was sitting in the morning.
tifu-test-03849,i left my cousin's house door open for work and now i have to go to work with my cousin.
tifu-test-03850,i got a gun from a nbay store store and now i can't get fired for it.
tifu-test-03851,i bought condoms in condoms for $1 dollar.
tifu-test-03852,"i was playing games games with my friend, and he told him to play games games, and now he's pissed off his xbox."
tifu-test-03853,i tried to clean up a glass shitting glass and ended up with a broken glass in my kitchen.
tifu-test-03854,i tried to help my dad with a blow up and ended up cutting my leg.
tifu-test-03855,i watched the wrong movie that was too early to watch and found out it was the movie.
tifu-test-03856,"i tried to jump on a trungee at the mungeee, ended up with a girl i had to get her to get her back."
tifu-test-03857,i'm an idiot who is not a dumbass and i'm not a dumbass.
tifu-test-03858,i broke a hookah and broke it.
tifu-test-03859,ate a whole brown mimmons and ate them with my husband.
tifu-test-03860,"i thought i was a fugitive, but i ended up getting arrested by a police."
tifu-test-03861,i was too loud and i was too busy to eat dinner and smashes into the kitchen.
tifu-test-03862,"i got drunk and tried to punch my friend up, then got caught by a hangover and then got a hangover."
tifu-test-03863,"went to the dock, got caught with a rockster, and now i'm probably dying."
tifu-test-03864,i was a niggas and i got kicked out of school.
tifu-test-03865,"i sent a new job interview to a friend who had a few weeks ago, and now i'm fucked up by sending it a big amount of bugs."
tifu-test-03866,i was banned for a presentation and my sister got banned from me for a week.
tifu-test-03867,"i got a cheating in a cheating class, and now i'm a cheating idiot."
tifu-test-03868,i made a holocaust joke about a holocaust in front of my class.
tifu-test-03869,"i tried to get a shower, ended up shampooing myself with a hot shampoo and a hot shower of shampoooo."
tifu-test-03870,i'm going to try to recover a laptop and now i'm stuck in a very corrupted video.
tifu-test-03871,i didn't sleep for the last two days and didn't realize i was sleeping with my sister.
tifu-test-03872,i was too excited about being a girl and i thought it was a dick. she was actually a dick.
tifu-test-03873,i accidentally sent my mom a picture of photos to a family.
tifu-test-03874,"i went to the gym, got shit on the ground and ran away."
tifu-test-03875,i got fucked up by a cow and got a shitty cock stuck in my ass.
tifu-test-03876,i was in a swamp mower and i was too busy to mower my mower. i was too busy and i got my foot kicked out of the swamp. i was too embarrassed and i had to walk the swamp. i was pissed.
tifu-test-03877,"i punched a bunch of a teacher by sending a teacher a flower to a teacher, and he got punched out of it."
tifu-test-03878,i gave my mum a kid a pretty good glimpse of a movie that was actually a creepy.
tifu-test-03879,"sent a girl a text to a girl i liked, got a text from it, didn't know it was a text."
tifu-test-03880,i drank water and drank too much.
tifu-test-03881,"got drunk, pissed on a guy, got pissed on the way."
tifu-test-03882,i accidentally insulted my lip and now i'm a moron.
tifu-test-03883,i accidentally insulted a guy's face and he said that i was going to the school. i said he was going to the lecture with a joke about his class. i ended up being yelled at him and i ended up being kicked out of the middle of the semester.
tifu-test-03884,i got a new phone stuck in bang of bangy phone and a huge phone broke the wrong phone.
tifu-test-03885,"sent arabicina a text message to my phone, lost my phone with a texticicic character."
tifu-test-03886,"i tried to take a picture of a white girl at a white house, got caught by a white girl."
tifu-test-03887,i told my mom i was going to a party and she got a heart attack.
tifu-test-03888,i made a cakecake and it was so bad.
tifu-test-03889,i got drunk and almost killed my family's family.
tifu-test-03890,i got fired for a friend and now i'm going to get fired.
tifu-test-03891,"i slept with a girl who was drunk and slept with her boss, and she slept with me."
tifu-test-03892,i was being a dumbass bag and got my first touchbag.
tifu-test-03893,i told a girl i'm a moron who's probably going to be the same thing.
tifu-test-03894,i accidentally killed a bag of chicken in my backyard and it exploded in the garbage.
tifu-test-03895,i got naked and jumped on the toilet and fell on the toilet.
tifu-test-03896,"i tried to have my biology teacher's ass, but i ended up getting a hot ass in the class."
tifu-test-03897,i accidentally sent an email to a gay guy who was invited to the whole office. i was invited to the whole meeting.
tifu-test-03898,i wrote a document for a document that was printed out of my school and got it out of the other side of the staff.
tifu-test-03899,i got a rash rash on my asshole and my mom saw it.
tifu-test-03900,i thought i was a bottle of balsamicamic vinegar in my car and it was a smell of vinegar.
tifu-test-03901,"i tried to help a co-worker to get some sleep, ended up getting stranded in the middle of the night."
tifu-test-03902,"i got drunk and puked in my pants, had to work with a hot bag of work, and had to work with a hot hot sock in the middle of the morning."
tifu-test-03903,"ate a beet in my colon, had to go to the hospital, had to go to the er, had to go to the er, but didn't eat anything so i had a blood in the toilet."
tifu-test-03904,accidentally made a joke about a terrorist ak ak bar.
tifu-test-03905,i got a shitty and got a shitty.
tifu-test-03906,"i went to work late, got caught, and got caught by the bathroom."
tifu-test-03907,tried to microwavecorn with microwave and ended up with a giant mess.
tifu-test-03908,"i ate a sink, got stoned, shit myself, and shit myself in the sink, and my girlfriend's friends saw me."
tifu-test-03909,i tried to make a feta cheese and ended up almost a feta with a cheese.
tifu-test-03910,"i went to work on my job, got locked out of my job, and got locked out of my job."
tifu-test-03911,"i bought a new laptop, lost my laptop, and lost my money, and lost my job."
tifu-test-03912,i got my friend's name to my friends house and my friends and my friends are gay.
tifu-test-03913,i accidentally opened a hot hole in a grocery store and it was covered in the bathroom.
tifu-test-03914,"i got a job offer, and lost two professors from my professors, and now i have a job as a result of college."
tifu-test-03915,i made a book for chicago kohns and it was a very awkward to a friend who had to walk back to the hospital.
tifu-test-03916,"i tried to throw a grape in the back of my mouth, and i threw it out."
tifu-test-03917,"i had a crush on a girl, but i didn't tell her about it, and now i'm too sure i'm a pervert."
tifu-test-03918,i'm a dumbass and i'm a dumbass who ever has ever been in a way to try and get a vape.
tifu-test-03919,"went camping, got into a cold house, got a concussion, and a nurse, i'm in trouble."
tifu-test-03920,i got a new computer and it was a very hotass.
tifu-test-03921,i dislocated my jaw and dislocated my jaw into a plastic jaw.
tifu-test-03922,"i was a little fuck-nitch, got a rash, and got a rash of ants."
tifu-test-03923,"ate a turkey sandwich, cheese, cheese, burnt it up, and burnt my hand and burnt my hand."
tifu-test-03924,i got a bus and she got hit on the train station.
tifu-test-03925,"i got drunk and lost my phone phone, and now i have to pay for a new one day."
tifu-test-03926,i fucked up by telling my ex i was cheating for her and she's been in a relationship with her.
tifu-test-03927,"i lied about my age on a year ago, lied to be a lie, lied to my girlfriend, she lied and now i'm lying for me."
tifu-test-03928,i was a bee and threw a bee in my room.
tifu-test-03929,i'm a stupid idiot and i'm not sure if i'm a dumbass.
tifu-test-03930,"i got a free day to go to a cinema store, and got caught in a theater with my girlfriend, and then proceeded to go to the cinema to get a movie."
tifu-test-03931,"i forgot to take a bag in my bag, and ended up with a huge mess in my bag."
tifu-test-03932,i was trying to make a vegetarian joke and now i have to lose my life.
tifu-test-03933,i got my first tattoo for my dad.
tifu-test-03934,"i was being a rude idiot and my dog scratched me up, i was told my dog to be my dog, and i'm going to have a formal day to talk to me."
tifu-test-03935,i was a little girl and ran into a car and ran away.
tifu-test-03936,i accidentally hit a pohnata's pringata's little girl's car and it was a little bit of a little child.
tifu-test-03937,i took a shit in the bathroom and the bathroom broke my bathroom.
tifu-test-03938,"i got a date with two guys on friday night, and one of them got the same date."
tifu-test-03939,"i was in a company, got a job, and i told the company i had a company car, and i told him i had a company, and i had to call the police to tell him that it was a big accident."
tifu-test-03940,i'm an idiot who doesn't know what to do.
tifu-test-03941,i'm a dumbass and i'm broke my car.
tifu-test-03942,i bought a nice lube for a christmas and a half-year-year-year-year-old brother.
tifu-test-03943,"i tried to make a fire extinguisher, ended up setting it with a fire fire in my parents's house."
tifu-test-03944,"i was an idiot and didn't work on a project, ended up with a very important assignment, and now i'm fucked up with a very lazy ass."
tifu-test-03945,"went to vegas for the night, got a ticket, got ticketed, and had to pay $10 for the night."
tifu-test-03946,i posted a joke about 7th grade on 7th grade.
tifu-test-03947,"i accidentally let a baby out of a baby that i thought was a baby, then proceeded to kill it, then proceeded to kill it, ended up getting a baby and a baby with a baby, a baby, and a baby shitties."
tifu-test-03948,"sent a picture of a guy's email to a friend who was trying to get his mail, and now i'm crazy."
tifu-test-03949,"i accidentally showed my phone to a school, my friends now thinks i'm a stalk"
tifu-test-03950,"i said ""that's a speaking thing"" and it was a lot of people who said ""i'm a dumbass"" and now i'm a dumbass."
tifu-test-03951,"i left my headphones in a class, ripped my jeans, and had to walk around a girl's face."
tifu-test-03952,"i used a bath wash, got a bad smell, and my friends thought i was shampoo."
tifu-test-03953,i tried to make a carton and ended up breaking a carton of eggs.
tifu-test-03954,i farted in a stall and got caught in a stall.
tifu-test-03955,i burped a helmet in a bw and almost died.
tifu-test-03956,"i got high, got too high, and ran into a gas station."
tifu-test-03957,got bored at the bathroom and now i'm sitting in the bathroom
tifu-test-03958,i accidentally ate an ovi butter butter because i thought i was a man. i was too nervous to do my son.
tifu-test-03959,i got a nasal spray spray on my nose and it exploded in my nose.
tifu-test-03960,i had a bad day with my best friend and i told her that i had a very awkward time and she cried and i cried at me.
tifu-test-03961,"i got a red ass, got a red ass, and got the shit out of the school."
tifu-test-03962,cut my hand with a paper and cut my hand with a razor blade.
tifu-test-03963,"i hit a ball in the balls, and got a shot in the nuts."
tifu-test-03964,i am a moron who is a moron and i am now a moron.
tifu-test-03965,i was a dead mother and i accidentally woke up in the morning.
tifu-test-03966,i got a shitty on my head and had to drive a huge spot.
tifu-test-03967,"i was in a family's life with my dad's dad, she broke up with her dad, and i'm now in a few weeks of cancer."
tifu-test-03968,"i made a joke about a man, he said no one of him, and now i have to get it to get it."
tifu-test-03969,i am a virgin and i feel like a virgin.
tifu-test-03970,"i left a homeless woman in the morning, left her with a homeless lady in the morning, and then got her dog kicked out of her."
tifu-test-03971,i was an ice bucket in my brothers’s house and i accidentally got stung by a bucket.
tifu-test-03972,i took three laxatives because i thought it was constipated.
tifu-test-03973,i'm a dumbass and i'm not paying attention to go to work.
tifu-test-03974,i tried to get a swim and ended up with a broken foot and a half of my foot.
tifu-test-03975,i tried to date a date with a date and ended up getting a date.
tifu-test-03976,i learned my german grandma was a dick and ended up being a dickty dick in the middle of my life.
tifu-test-03977,"got drunk, got caught by a bottle of piss in my dad's house and now i'm fucked up by the piss."
tifu-test-03978,my girlfriend has a nasty curling ironer.
tifu-test-03979,"i told my colleague that i was going to work on a new job, and now i'm going to get fired."
tifu-test-03980,i tried to get my gf and ended up smacking my own butt.
tifu-test-03981,"i set a microwave in the microwave, set the microwave in the microwave, and the microwave is now the fire is covered."
tifu-test-03982,i tried to get a jigigig and ended up almost breaking my own blade.
tifu-test-03983,i threw a lime lime to the lime and it got me a second time.
tifu-test-03984,i accidentally took a picture of a water to the water park and got a shitty.
tifu-test-03985,"asked a roommate for a room with his wife, turns out he was about it."
tifu-test-03986,"i tried to get a new phone, ended up breaking my phone and the lg."
tifu-test-03987,**
tifu-test-03988,"i tried to get a shitty, ended up getting a shitty in the face."
tifu-test-03989,"i got a rash, got a rash, and got a rash."
tifu-test-03990,"i ate a vegetarian food, got food poisoning, and the food was covered in the toilet, and i had to clean up the door."
tifu-test-03991,"went to a fight, got drunk, broke my arm, went to hospital, got a broken leg, broke my arm, and fucked up my arm."
tifu-test-03992,i got a job offer from a job that i was too busy and ended up being fired for it.
tifu-test-03993,i checked my privacy in the library and now i'm a dumbass.
tifu-test-03994,"drank too much, got drunk, woke up with my mom, and my mom, and my mom saw me."
tifu-test-03995,i broke up with my gf and i'm pretty sure i'm a dumbass.
tifu-test-03996,"i accidentally said ""the name"" on season"" and i am not a complete stranger."
tifu-test-03997,i got too high and vomited in my roommate’s roommate and had to clean up with her roommate. she then i’m a girl and i’m still scared to this story.
tifu-test-03998,"i sent my fiancé a necklace for valentine's day, but the delivery was too late."
tifu-test-03999,i pranked my wife by making a joke about being pranked by my wife and now i'm probably going to be able to eat dinner.
tifu-test-04000,i tried to jump over a bottle of whiskey and ended up breaking my head and breaking my head on the floor.
tifu-test-04001,i accidentally ate a beef jerky jerky for my wife.
tifu-test-04002,i smoked weed and it was a bad idea.
tifu-test-04003,i was a teenager and i didn't realize i was going to the police station.
tifu-test-04004,"i said ""blackes"" black people"" i said ""blackes"" as a black guy in front of the crosswalk."
tifu-test-04005,"took adderall pills, took adder, took a half of dsd, took a half of my pills, and ended up getting the night of my room."
tifu-test-04006,i got a toothbrush on my tooth and it turned out to be a toothbrush.
tifu-test-04007,i got drunk and locked myself out of the bathroom.
tifu-test-04008,"i pooped in a restaurant at a restaurant, broke it up, and then proceeded to clean it up."
tifu-test-04009,"i got wasted, paid $10,000 people to pay for a few d', and then got a shitty."
tifu-test-04010,i tried to get a penis and ended up tearing my penis and now i have to wear a bloody penis.
tifu-test-04011,"i tried to squat with a girl at the gym, ended up getting her back and now i'm a pervert."
tifu-test-04012,i hit a ball in the balls and hit a ball with a ball on the ground of the other side of the ball.
tifu-test-04013,"got drunk at a wedding, got kicked out of my friends, got kicked out of the reception, got kicked out of the reception, and got kicked out of the reception."
tifu-test-04014,i made a group of a group of a group of people that i was supposed to be a group of people.
tifu-test-04015,"i got my foot stuck in a pobo, and it broke my foot."
tifu-test-04016,i sent my sister a video about shia deys to a video about her and she's now known to me.
tifu-test-04017,i got super superfoot drunk and ate a bunch of pizza on the ground floor.
tifu-test-04018,"i got drunk, and i got a bit of drunk, and i got a vreeed in my face, and had to be a nice guy who was sleeping on the bed."
tifu-test-04019,"went for a shit, shit myself in the ass, shit myself and shit myself in the process."
tifu-test-04020,i got kicked out of my girlfriend's house and she thought i was going to have a frat party.
tifu-test-04021,"ate spicy sauce, got a spicy nose, used the shit, and ate the shit."
tifu-test-04022,"i used my xbox to masturbate my xbox, and my brother is masturbating."
tifu-test-04023,"i was in hospital, i told my girlfriend i was pregnant, she said i had an emergency surgery and now i'm in trouble with my girlfriend."
tifu-test-04024,i accidentally threw a bottle of a bottle of fbrezeze in the back seat.
tifu-test-04025,i was alone alone to my neighbor's neighbor.
tifu-test-04026,i sharted my pants and sharted myself in the bathroom with my own underwear.
tifu-test-04027,i tried to impress a girl and ended up being chased by a girl and i'm not a pervert.
tifu-test-04028,"i left my alarm alarm at 7:30am, and now i have to go to school."
tifu-test-04029,i bought a cheap air air with no money because i didn't know how to clean it.
tifu-test-04030,i fell down the stairs and fell down my nose and broke my nose.
tifu-test-04031,"sent my friend a text saying ""i'm a memo code"" and now i'm trying to fix it."
tifu-test-04032,"i forgot to go skiing class, and i missed the first day of the first day of the class."
tifu-test-04033,i accidentally stole $50 on the free of china and it was a week later.
tifu-test-04034,"i tried to be a nice man, ended up being a pedophile and a customer."
tifu-test-04035,"asked out a girl to ask her if she was in trouble, i was told her to ask if she was going to ask me to ask if she was in the end of the day."
tifu-test-04036,"i was tagged by a girl in the head of my head, and i accidentally punched her head."
tifu-test-04037,i left my work on my work and my work was full of the office.
tifu-test-04038,"i tried to be a prostitute by a prostitute, ended up getting a new job and a half-year-old man."
tifu-test-04039,i tried to make a rubber out of a rubber and ended up with a rubber in my ass.
tifu-test-04040,i accidentally sent a message to a political person who was a serial campaign from a media.
tifu-test-04041,i tried to open a friend's car and ended up getting a towp for it.
tifu-test-04042,i got stuck in the bus and got stuck in the bus.
tifu-test-04043,i tried to try to try and ended up making a shit out of my legs.
tifu-test-04044,"i got drunk and got really hot, got really hot, and now i'm feeling a bit of heat."
tifu-test-04045,i got caught watching chinese porn and now i'm a paranoid asshole.
tifu-test-04046,i told a chicken man about the chicken guy that he was talking about how to my advice was talking to me.
tifu-test-04047,i tried to spit water in the face with a girl and ended up with a waterwater.
tifu-test-04048,"i thought i was gonna be a good idea, i told my gf that i had been stolen, and i found out she was going to get rid of condoms."
tifu-test-04049,"got drunk, went to a gay man, got drunk, got caught, and was caught by a gay man."
tifu-test-04050,i spilled coffee on the front of a meeting.
tifu-test-04051,i wiped my pants in the bathroom and the principal saw me.
tifu-test-04052,"girlfriend gave me a banana, i gave her a banana, she breaks me a banana."
tifu-test-04053,**
tifu-test-04054,i got a fight kicker and i punched her in the face.
tifu-test-04055,i'm a fucking idiot.
tifu-test-04056,i got a bad snowstorm and got stuck in a snowstorm.
tifu-test-04057,i put a nest on my head and got a nest covered in my head.
tifu-test-04058,i got drunk and chipped out of a piggy.
tifu-test-04059,"i got a new email, got a shitty, and now i'm pissed."
tifu-test-04060,i tried to have a chinese sex with my wife and ended up having a shitty in her mouth.
tifu-test-04061,"went hiking, got lost in the woods, almost died."
tifu-test-04062,"i told my boss i was going to kill her, she said i was going to kill me, i told her that i was going to kill me."
tifu-test-04063,i got a copy of my mom and my mom saw it to be a dick.
tifu-test-04064,i tried to peel my boyfriend's finger and ended up with a finger.
tifu-test-04065,"i got drunk, got really hot, and then got a hot guy who was going to the gym."
tifu-test-04066,i left my candy on my finger and it burned my finger.
tifu-test-04067,"got high balls on balls, got covered on balls with my balls."
tifu-test-04068,i accidentally told my boyfriend that i was a fiancee but i thought i was being a fadoball.
tifu-test-04069,i accidentally got fired for a drug from a drug station and the other one was fired.
tifu-test-04070,i told my mom i was smoking and she was going to sell me something to my house.
tifu-test-04071,i spilled water all over my computer and now my computer is dying.
tifu-test-04072,"i tried to clean my boyfriend's house, instead i had a new one day before i had to go to the bathroom."
tifu-test-04073,"i got a huge hole in the process of my sister's box, and my sister got mad at me."
tifu-test-04074,i got drunk and punched a girl in the face with a couple of tinder.
tifu-test-04075,"i peed in a bottle, peed everywhere, and had to pee everywhere."
tifu-test-04076,i was walking in a high street with a stranger and got caught by a stranger.
tifu-test-04077,i got a little girl cheydia because i thought i was cheating.
tifu-test-04078,i'm jammed with a phone and i'm not sure what i'm jammed.
tifu-test-04079,i left a gift on a shelf for my wife and now i'm a gift.
tifu-test-04080,i got a flight to the airport and i had to stay there to the airport.
tifu-test-04081,i was a creepy and my girlfriend found out of my stuff. i'm a creepy asshole.
tifu-test-04082,"i went to a airport, got caught by a guy, had to go to the wrong airport, shitty shit all over the way."
tifu-test-04083,i lost my keys and lost my keys and lost my keys.
tifu-test-04084,"i got fired for two months and the kitchen in the kitchen, and the fire was fired."
tifu-test-04085,"i tried to make a spogo pasta, ended up making a mess full of my roommate and now i have to clean it up."
tifu-test-04086,i played a guitar band on my head and ripped my back in my neck.
tifu-test-04087,"took a pill to take my pill, drank too much and ended up with my pill."
tifu-test-04088,i burned a candle on my bed and burned my hair down.
tifu-test-04089,i sent a link to a link to a church and accidentally sent it to the wrong person.
tifu-test-04090,went to a restaurant with my parents and now i'm sitting in the middle of a restaurant with no money.
tifu-test-04091,"i got a dog, chased by a dog, ran into a trail, got chased by a cop, and got chased by a dog."
tifu-test-04092,i tried to be a smartass and ended up setting my alarm off the alarm.
tifu-test-04093,"i tried to save my wife's photos, i lost all my photos and now i'm in trouble with a new girl."
tifu-test-04094,"i got drunk, slipped and slipped on a creek, slipped and got wet, and got wet."
tifu-test-04095,"i got my first day off my phone, and my teacher found it on a paper, and i got a shitty, and now i have to pay for it to my exams tomorrow."
tifu-test-04096,"i was having sex with my housemate, and i have sex with her and i was in a few days."
tifu-test-04097,"i tried to get a new job, ended up being chased by my mom and almost got stuck in a store."
tifu-test-04098,"i forgot to scan my xbox, had a new one of my xbox, and now i have a job of my naked ass."
tifu-test-04099,i was a stupid idiot and sent a file to a file file that was a pedacy file to the server.
tifu-test-04100,i tried to pull a slide into a kitchen floor and ended up breaking my nose and breaking my nose.
tifu-test-04101,i pissed myself in the bathroom and pissed myself.
tifu-test-04102,"i left the door open with a maggots, and the door opened in my house, and i had to go to the bathroom to get rid of the mess."
tifu-test-04103,i ate a jerky and gave my food training to dry meat.
tifu-test-04104,i tried to stop a alarm alarm and ended up breaking my wife's alarm open.
tifu-test-04105,i let my dog out and she pooped in my bag.
tifu-test-04106,i fell on a book in front of my friend's ass.
tifu-test-04107,"i told a new lady i was making a new look at the same place, and i told her it was a new idea."
tifu-test-04108,"i left my dog in the face, i left the door, and now i'm a moron."
tifu-test-04109,"told my class that my class she was having cats, she said that she was a cat."
tifu-test-04110,"went to a party, got a concalice, got a concalice."
tifu-test-04111,i tried to make a spapping and it fell and i almost got a molten glass.
tifu-test-04112,"my dog ate my dog, and i spent all the time."
tifu-test-04113,i got my roommate's roommate and i'm now stuck in a crazy city.
tifu-test-04114,"went to a movie with my girlfriend, her family and her family saw me."
tifu-test-04115,"i tried to sneak a lady with an old lady, and she ended up being shatzed."
tifu-test-04116,i forgot to buy a grocery bag and ended up with a small man's daughter.
tifu-test-04117,"i asked my mom to go to prom to prom, she asked me to prom to prom and i end up getting her a ticket."
tifu-test-04118,"sent a picture of gf's to a friend, her gf's a couple of pictures, her gf's and her friends are still a fucking idiot."
tifu-test-04119,i got high and took a pimple in the face with my wife.
tifu-test-04120,i used my sister's toothbrushbrush with my toothbrush and got a blowjob.
tifu-test-04121,"i told a girl i like her in love with her, she said she's a girl."
tifu-test-04122,i made a sick joke about a stroke of my professor's father.
tifu-test-04123,i was trying to impress my friend's advice about my girlfriend.
tifu-test-04124,i got suspended for a car and lost my license.
tifu-test-04125,** i fucked up by telling my gf i'm a dick.
tifu-test-04126,i texted my dad's dild and now i have to go to the bathroom with my dad.
tifu-test-04127,i fucked up by not having sex with my penis and a half-girlfriend.
tifu-test-04128,i got a new beard and decided to shave my beard off.
tifu-test-04129,i shaved my beard with a hairbrush and it fell out of my mouth.
tifu-test-04130,i got my first friend's sister and now i have a crush on my life.
tifu-test-04131,i accidentally gave a picture of a dead man's face to a grocery store.
tifu-test-04132,"shaved my balls with a piece of balls, shaved it up, and now i'm not a piece of blood."
tifu-test-04133,"i was in a silent folder with my mom, my mom found out and i had to go to the movies with my new laptop."
tifu-test-04134,"i got high and smoked weed in my pocket, got a huge dab, and now i have to wait for 2 months."
tifu-test-04135,i left a display of chicken on my bf's store and now i have to pay a new one of my bf's work.
tifu-test-04136,"i got sick, puked on a hot roller and puked on a big rollerco, had to ride on the ride to the park, got a big orange dog, and had to go to the hospital to get it out of my own work."
tifu-test-04137,i got into a shitty and fell into a bluetooth and fell through a fire.
tifu-test-04138,i got a shitty and flooded my room with no water.
tifu-test-04139,i sat in a puddle and got high in my ass.
tifu-test-04140,i was in the university with a friend who i was making a joke about it. i was too late to write it and i got the wrong one day.
tifu-test-04141,"i got a text about hillary, but i didn't know how to vote for hillary."
tifu-test-04142,"shaved shower gel gel in my hands, now i'm getting shaved in the shower with a fresh shower."
tifu-test-04143,i ate marshmallows marshmallows for marshmallows marshmallows marshmallows.
tifu-test-04144,i used a joke about a bar in the bar and my coworker thinks i am a dick.
tifu-test-04145,"got drunk, got drunk, fell asleep, got caught, got a huge nose in the middle of the cold cold."
tifu-test-04146,i got drunk and pissed up by my dad's dad's house and now i have to clean up with a cup of his dad's house.
tifu-test-04147,"ate a girl in the beach, ate a shit, got shit all over the beach."
tifu-test-04148,"got drunk at a party, got caught by a random kid, got kicked out of the face, and got kicked out of the street."
tifu-test-04149,i got a new friend's wedding and now i'm a doctor.
tifu-test-04150,i'm a fucking idiot at the hospital.
tifu-test-04151,"i gave a homeless friend a homeless walk to a homeless shelter, and then i accidentally left it up with a homeless woman."
tifu-test-04152,i'm a dumbass.
tifu-test-04153,"i tried to make a nice bit of ants, but it didn't work."
tifu-test-04154,i got a nasty spray on my face and it burned my face with a hot face.
tifu-test-04155,"i was being a terrorist, got arrested by a mosque and now i'm afraid i'm going to kill my phone."
tifu-test-04156,i ate a hot sauce and got my dick stuck in the mouth.
tifu-test-04157,"i was playing with my little brother, and i accidentally called the kids a little boy in the middle of the house."
tifu-test-04158,"i'm an idiot who's not going to be a douler, and i'm not a douche."
tifu-test-04159,i got a text from work and texted my boss.
tifu-test-04160,"i tried to help a girl with a scam, ended up getting her money $500, and she's afraid i'm going to get her a new one."
tifu-test-04161,"i thought i was a ghost, and now i'm going to be a ghost and play with a ghost."
tifu-test-04162,i got a new nipple on my nippleles and it hurt.
tifu-test-04163,i was a badass party and a friend who had a bad idea.
tifu-test-04164,i'm an idiot and i'm not sure what i'm going to find out.
tifu-test-04165,"went on a date with a girl, got a date, got caught by a woman, and her family."
tifu-test-04166,i told my teacher that i was going to be a sex in front of a class.
tifu-test-04167,"i had a nice hair dye, and now i have to wait for a year."
tifu-test-04168,i fell on my boyfriend's ankle and broke my leg.
tifu-test-04169,"i got a shot of snee, i thought i was going to die and i was forced to be a drug."
tifu-test-04170,i gave a girl a coat that was a pervert and then gave it to the wrong girl.
tifu-test-04171,"was horny, went to a group of girls, got caught by my dad."
tifu-test-04172,"i asked a girl i like to go on a date with her, she ended up with me in her vagina and i'm still in the process."
tifu-test-04173,i was too drunk and made a joke about my age.
tifu-test-04174,"i bought a game on my own games, and now i'm a fucking idiot."
tifu-test-04175,**
tifu-test-04176,i got a bad ass stuck in my leg and my leg got a big toe stuck in my eye.
tifu-test-04177,i got a pissed off my dick and now my mum thinks i'm a creeper.
tifu-test-04178,i burnt a mic and burned my entire house
tifu-test-04179,i was in the wrong class and got caught by a gun for a class.
tifu-test-04180,"i told my uncle that i was getting high, he got high, and now i'm getting kicked out of the house."
tifu-test-04181,"i tried to get a jump to get my car stuck in the car, and i ended up getting a jump."
tifu-test-04182,i tried to help my son to get a new snowboard and ended up with a pond.
tifu-test-04183,i got a soccer game in the middle of a soccer game and got a knee in the face.
tifu-test-04184,"i got drunk, and told a guy i stole money, and now he is mad."
tifu-test-04185,"i was a little height in the middle of my parents' house, got stuck in a window, and got a window full of branches."
tifu-test-04186,i jumped on my mom's face and she jumped on me.
tifu-test-04187,"i was in the woods with my best friend, and i got shot in the eye."
tifu-test-04188,"i was in a conference with a friend i didn't know was there, and i got a half-up grade and had to go to the middle school."
tifu-test-04189,i got cocky and spilled my hair and spilled it in the shower.
tifu-test-04190,"i peed in a bowling alley, and got caught in a shitty, and had to clean up with a huge shitty."
tifu-test-04191,i tried to climb my knees down the stairs and ended up almost breaking my knees.
tifu-test-04192,i got a nosebleed on a plane and had to go to the hospital to work.
tifu-test-04193,"i gave a cookie of a cookie to a girl, and she gave it to her."
tifu-test-04194,i was listening to my sister and the one of my life that the one was a joke about the people.  i'm an asshole.
tifu-test-04195,"i got drunk, and then i lost my friends's car ticket."
tifu-test-04196,i pissed in a teacher and got a piss in the classroom.
tifu-test-04197,"ate weed brownies, got a new bongie, got a huge mess."
tifu-test-04198,"i got engaged, and told my gf that she was engaged to me."
tifu-test-04199,i scratched my arm with a piece of a week old washer and it hurt my arm.
tifu-test-04200,"got my passport, lost my passport and lost my passport."
tifu-test-04201,"i broke a soccer game, got a concussion, and now i'm not paying attention to the hospital."
tifu-test-04202,"i got suspended for a school that i thought was a student, got suspended for it."
tifu-test-04203,i threw my little little cousin a rock at a beach game and got him a scarch.
tifu-test-04204,"i got a great gopro from the beach, lost my gopro, and lost my head."
tifu-test-04205,i got drunk and decided to put it on my face.
tifu-test-04206,i accidentally sharted in a public bathroom and a woman in my office.
tifu-test-04207,i was too excited to my roommate and accidentally showed him a boner.
tifu-test-04208,i got sick and pissed myself and pissed all over myself.
tifu-test-04209,i was a badass and sliced a knife in my hand while trying to clean it up with a knife.
tifu-test-04210,i asked a hoodie out of my best friends that he's too gay.
tifu-test-04211,went to a plant and ended up with a plant pot.
tifu-test-04212,"i got my brother a new brother, and now i'm a jerk."
tifu-test-04213,**
tifu-test-04214,i sneezed in my test and got a nasty test.
tifu-test-04215,**
tifu-test-04216,"i tried to do a homework exam, didn't realize i was supposed to, and now i have to study for a half exam."
tifu-test-04217,"i sent my teacher a final file to a half-year-worker, he emailed it to the wrong lab and now i'm not sure i'm a complete idiot."
tifu-test-04218,i accidentally swallowed a dragon of my chicken and it exploded.
tifu-test-04219,i drank too much nicotine and threw up my anti.
tifu-test-04220,i showed a picture of my penis to a friend and he took a picture of it.
tifu-test-04221,i'm a stupid idiot and i'm not sure if i'm a dumbass.
tifu-test-04222,i cut my thumb open bumper into a bumper while trying to clean it up.
tifu-test-04223,"i texted a girl on a football game, she was already there, i was too busy to meet up with a girl i was supposed to have dinner.  i'm not sure about it."
tifu-test-04224,"i called a black-worker a ""no-worker"" and now i have to go to work."
tifu-test-04225,i was a dumbassler and almost burned my brother's house down fire.
tifu-test-04226,"i was a little girl who was a great girl and my girlfriend, he had a very awkward name and now i'm very embarrassed to leave."
tifu-test-04227,"i tried to fix a drain, ended up pouring it up and flooded the sink."
tifu-test-04228,"i got a car accident, paid $500,000k,000k,000k,000,000k,000k,000k,000k,000k,000,000k."
tifu-test-04229,"i tried to clean up a restaurant, ended up getting a shitty, and the whole restaurant was covered in the bathroom."
tifu-test-04230,i was being a creepy and accidentally made a creep out of myself in front of work with a coworker who i was being having a creepy coworker.
tifu-test-04231,"i was too excited to go to the beach, but i missed my first time, and i ended up getting a second time to the beach."
tifu-test-04232,i got a new phone and now i have no idea on my phone.
tifu-test-04233,"sent a snapchat to a snapchat, sent a picture of my friend's friend's friend, and now she thinks i'm a creep."
tifu-test-04234,i got into a fight with my girl and she ended up getting mad and i almost killed her.
tifu-test-04235,"i forgot to wash my noseer,  the nose was used to use my noseer."
tifu-test-04236,"i thought i was homeless and was homeless, i was homeless, and i ended up being homeless and i was probably kicking out of my wife."
tifu-test-04237,i tried to hold my professor's head and ended up making myself look like a dumbass
tifu-test-04238,"i watched the keta gundam in my parents' room, they are now in the kitchen."
tifu-test-04239,"i was visiting the police for a while i was trying to get my dad's name, and i ended up getting arrested by the police and the police called the police."
tifu-test-04240,i played a play game in a play game and the people were playing on the play game.
tifu-test-04241,"i tried to turn off the door, and my dad saw me naked."
tifu-test-04242,i forgot my keys keys and it went to the car to get keys.
tifu-test-04243,"i went to a doctor's college, got a doctor's ass, and missed my chances."
tifu-test-04244,i left my car door open for a long time and it was a total time to take it out.
tifu-test-04245,i thought i was a homeless woman and she was a more woman.  i am a more and i found out she was a more woman.
tifu-test-04246,"i put pepsi in the freezer for the first two days, and now i have to put it in the fridge."
tifu-test-04247,i was writing my land with a fountain and now i have to spend a fountain of ink and a half of ink.
tifu-test-04248,i am now a dumbass
tifu-test-04249,"i tried to walk up stairs, but i got kicked up by a really bad man."
tifu-test-04250,i shaved my head and got a hair hair.
tifu-test-04251,i wore a dress for my work in the middle of my work. i'm so i'm wearing a new man.
tifu-test-04252,i am a dumbass and my dad is looking for a job.
tifu-test-04253,"i got married, and my girlfriend and i didn't even be able to make it."
tifu-test-04254,i shit myself in a bush and my pants got stuck in the middle of my socks.
tifu-test-04255,i got kicked out of my girlfriend and she told me to go to bed with her and i get kicked out of the night.
tifu-test-04256,i shit myself in the toilet and the toilet got diarrhea.
tifu-test-04257,i fucked up by showing my grandfather porn porn.
tifu-test-04258,"i told my girl i was a pirate pirate, she told her to go to school and i accidentally called her a pirate pirate."
tifu-test-04259,"i told my teacher that i was a teacher, she told me to kill myself, and i told her to kill myself."
tifu-test-04260,"went to a fight, got two swords, got a sword, and now i'm not a dumbass."
tifu-test-04261,i'm an idiot who is breaking in the office.
tifu-test-04262,"got high and ate too high, ate too much shit, went to the mountains, got high, got stoned, went to the mountains, got high, had to wear a shit all over the mountains, got stoned and fell asleep."
tifu-test-04263,"ate a burger, vomited all over my husband's bed and had to vomit all over my bed."
tifu-test-04264,"i tried to impress my girlfriend's new swings, ended up breaking my right toe and having to walk around the ground."
tifu-test-04265,i accidentally downloaded a video of a really creepy hddi and accidentally accidentally sent it to a movie with my dad.
tifu-test-04266,i fucked up by telling my best friend i was cheating for a year and now i'm not ready to fuck her.
tifu-test-04267,i had a gassy day with my friends and it exploded in the bathroom.
tifu-test-04268,i tried to help a new technician with a hand and ended up breaking his hand.
tifu-test-04269,i made a joke about a joke about a joke about it.
tifu-test-04270,"i tried to help my boyfriend a wheelchair, he got a panic attack, and i'm now afraid of it."
tifu-test-04271,i tried to get my ass out of the water and ended up with a bunch of water.
tifu-test-04272,"i set off a fire alarm in my dorm, and got a fire fire in my dorm."
tifu-test-04273,"dog got me stuck in the kitchen, i tried to put it on the chair, and i got him stuck in the chair."
tifu-test-04274,i took a shit on my couch and my brother saw it
tifu-test-04275,"i took a dog out of a dog, it was a woman who had been in the face."
tifu-test-04276,"i tried to kill a squirrel, ended up with a squirrel and a half dead man"
tifu-test-04277,"i got drunk, and pissed in a gas station."
tifu-test-04278,i ran into a trail and got attacked by a predator.
tifu-test-04279,"went to a party, got cocky, got a boner, and a half fucked up my balls."
tifu-test-04280,i tried to throw a soup in my wrist and it exploded on my wrist.
tifu-test-04281,"i tried to give my friends a new order in the counter, ended up with a new customer."
tifu-test-04282,"went on a swim trip with a new friend, got fucked up by a cheap man."
tifu-test-04283,"i got a job roll in the middle of the next day, and now i have to pay for it."
tifu-test-04284,i made my girlfriend cry about her life and now she's going to have a cancer.
tifu-test-04285,i got a girl's hat and ran away to a girl.
tifu-test-04286,"i gave my husband a picture of my husband's father, he was a pedophile and now i'm a real."
tifu-test-04287,"i peed in a restaurant with a peeing on the way, and had to pee in the rest of my pee."
tifu-test-04288,i shot a arrow in an arrow and shot it with an arrow.
tifu-test-04289,i told my mom i was going to a party and i said that i was my mother.
tifu-test-04290,i tried to play a new comic comic comic and ended up with a hot hot hot hot hot hot hot.
tifu-test-04291,my grandma thinks i'm a ghost.
tifu-test-04292,"i tried to help a car to a cheap car, ended up costing $200 worth of $200 worth of $200."
tifu-test-04293,i was being drunk and i was trying to get a beer with my boyfriend.
tifu-test-04294,i got scammed out of money and lost my money account.
tifu-test-04295,"i gave my number number number to a girl, and i gave it to my number."
tifu-test-04296,"i tried to prove my pet chihua chits into a chihahuu by accident, and i ended up getting it on her own door."
tifu-test-04297,asked a coworker to a girl who wanted to ask her if she wanted to go home.
tifu-test-04298,i went to a bath and got a bloody dream in the bathtubububub and passed out of my teeth.
tifu-test-04299,i went out to my house and got my keys out of my pocket.
tifu-test-04300,"i was dating a girl who was dating me, and i told her that she was a dick and now i'm dating someone else."
tifu-test-04301,"i was being a bruister and fell on a bruise, fell off a bruise, and got a bruise."
tifu-test-04302,"i let my dog out of my dog in the bedroom, he left the door open and i had to look for it."
tifu-test-04303,"ate pork, got chili, and ate it."
tifu-test-04304,"i ate a fish fish for a fish, got a fish, and got a detention from my school."
tifu-test-04305,i got high and took a very serious drug to get into a military break. i was actually a soldier.
tifu-test-04306,"i thought i was a girl, i was actually flirting someone and i was actually a slut."
tifu-test-04307,**
tifu-test-04308,i put a coffee in my managers's coffee coffee and the coffee all over me and i'm now the coffee i'm going to be in a coffee store.
tifu-test-04309,"i took my mom meds medication, got sick, and now i'm on sick."
tifu-test-04310,"i tried to get my leg leg on a guy's leg, and now i'm stuck in a dick."
tifu-test-04311,i put my oil in the wrong way to fix it.
tifu-test-04312,i am an idiot and a dickty who probably didn't know what to be.
tifu-test-04313,"i got a car accident on my bike, got hit by a car, and got hit by a car."
tifu-test-04314,"i tried to play a hubcap with my brother, he got mad and broke his face."
tifu-test-04315,i got a hot heater and my pants got a cold bit of my penis.
tifu-test-04316,"i tried to bake bread, but instead i was too lazy to clean up my bread."
tifu-test-04317,i got a hickie on my neck and he told him to fuck off his neck.
tifu-test-04318,i tried to take a shower and ended up shampooing my throat.
tifu-test-04319,"got a cop accident, got arrested by a cop, got arrested by a cop."
tifu-test-04320,i got a fake bill from a black guy and got caught by a security guard.
tifu-test-04321,i told my gf that my gf's sister was gay and her family are gay.
tifu-test-04322,"i got a new cat, and my cat ate it."
tifu-test-04323,i was a badass and i accidentally played a plane in the sky.
tifu-test-04324,i burned a hot skillet and burned my hand.
tifu-test-04325,i got a blowjob and puked in bed.
tifu-test-04326,i forgot to do my car and ended up getting locked in the car.
tifu-test-04327,i was too embarrassed to take a girls a few girls and accidentally made a joke about it.
tifu-test-04328,"i was having a spider and my boyfriend was home alone, i'm scared of it."
tifu-test-04329,i crashed my vespa in front of the parking lot.
tifu-test-04330,my dad's dad is not a lazy.
tifu-test-04331,"i tried to hold a lift, ended up with a girl in the process, and had to go back to work."
tifu-test-04332,i ate a crockpotpot and then proceeded to clean it up my kitchen.
tifu-test-04333,"i got drunk, and had sex with my sister, and then i had to put my girl in my bed."
tifu-test-04334,i got high and my mom found out of being kidnapped.
tifu-test-04335,"i tried to make a nice turn up a lady's car, and ended up being a good man's car."
tifu-test-04336,"got drunk, got drunk, got kicked out of my best friend, got drunk, got kicked out of my new friends, got a lesbian, got punched by a lesbian, got a lesbian girl."
tifu-test-04337,i took my best friend pregnant and she is pregnant.
tifu-test-04338,i accidentally showed a porn of porn to a porn dunnlam and my kids.
tifu-test-04339,i was too excited to a girl who had sex with my foreskin and i had to get stitches.
tifu-test-04340,i hit a go-road track into the back of the parking lot of the people.
tifu-test-04341,"i left a warm blanket in a laundromat, forgot to wash it, and it ended up with a nice shower."
tifu-test-04342,accidentally showed my friend a bunch of nrench account and got caught by a whole school
tifu-test-04343,"i was in a bad day, i told my friend that i was a slut and she is mad, and i'm now stuck in trouble with a slut."
tifu-test-04344,i played a video of my ipod which led to my ipod to a school who was playing with me.
tifu-test-04345,i got a dick on my friend's car and my sister's sister saw it.
tifu-test-04346,i was in the middle of a football with a girl i met a football about a football game.
tifu-test-04347,"i bought two hundred pounds of a paper bag on the ground, and the bike fell down the ground."
tifu-test-04348,"i got a rash, thought i was going to sleep, ended up with a very sleepy pill that led to me to the hospital."
tifu-test-04349,i'm not a dumbass.
tifu-test-04350,"i watched my dog, and now i'm a dumbass"
tifu-test-04351,i was being a badass and my cat thought i was going to kill me.
tifu-test-04352,i put my desk in the door and it exploded on the door.
tifu-test-04353,"i got into a psychopath, and got a shitty, and the guy who i'm probably going to be there."
tifu-test-04354,"i got my boyfriend's birthday, then got pizza, then got asked to go to the beach with a pizza instead of pizza and a pizza."
tifu-test-04355,i got soaked in my pants and now i'm out of my pants.
tifu-test-04356,"i told my girlfriend i had a crush on her, she was a horrible idea of hic and she is now in love with me."
tifu-test-04357,"i was being murdered by a dog, and i made a joke about it."
tifu-test-04358,i shat in a crowded spot of a job interview and had to poop in a crowded spot of shitty.
tifu-test-04359,"i asked a waitress to a party, and i got caught by a young man."
tifu-test-04360,"i tried to get a drink, ended up with a girl and a half-year old girl."
tifu-test-04361,i got a boner and my girlfriend caught me in the process.
tifu-test-04362,i went to my boyfriends house and his brotherfriends dad and i had to go to the bathroom.
tifu-test-04363,"i told my mom that i had a crush, she told her that i was being a pedophist, and now i'm not the only one of my life."
tifu-test-04364,"i shouted at a friend and told the police i was going to eat a lot of ""fuck"""
tifu-test-04365,"i tried to get a ball stuck in my room, it was a little bit of my vagina."
tifu-test-04366,i got a drink on the bus and asked for my friend to get a drink.
tifu-test-04367,"tried to make a saucepan, ended up burning the oil down the kitchen."
tifu-test-04368,"i spilled a pen in the process, it exploded, and i got a new one."
tifu-test-04369,i got a bloody burn on my wrists and it burned my knuckles.
tifu-test-04370,i got drunk and told my best friend i was going to bed with a friend.
tifu-test-04371,"i got sick, got sick, had to go to the er, i got sick, he got sick, i got sick and he puked on my mouth."
tifu-test-04372,i tried to be a good guy and ended up getting attacked by a child.
tifu-test-04373,"i was watching tv show my grandma a ""grandma"" and now i'm getting a girlfriend."
tifu-test-04374,i got too drunk and puked in the back yard.
tifu-test-04375,i left my mom's cat in the chair and her mom was sitting in the chair.
tifu-test-04376,"i was playing golf ball ball with a friend, and i got a $20 degree of it."
tifu-test-04377,"i tried to get my first day off, broke my shoulder, and broke my shoulder, and broke my wrist, and got a bloody glass in my foot."
tifu-test-04378,"i was too lazy to get my date, and i ended up getting a bloody nose."
tifu-test-04379,i accidentally left a door door door with a garage door and a bunch of rubbish.
tifu-test-04380,"went to a concert with my friend, got a shitty train, and got caught by a train."
tifu-test-04381,i made a picture of gilly p.p.p.p.p.p.p.p.p.p.
tifu-test-04382,i got stuck in a really busy and now i'm stuck in the middle of the middle of the office.
tifu-test-04383,i bought a bunch of valan cigarettes and now i can't bring it back to the states.
tifu-test-04384,i got a soft ball and broke my ankle.
tifu-test-04385,i hit a tulu on my head and hit my head in the back seat.
tifu-test-04386,"i got a habit of my roommates, she freaked out and i had to do the same time."
tifu-test-04387,i ate too much food and ended up being too embarrassed to eat a lot of food.
tifu-test-04388,i wrote a poem about my mom's poetry on facebook and now i'm too lazy to write to the same time.
tifu-test-04389,i got a bloody car and a half-year old lady with my car.
tifu-test-04390,i fucked up by not knowing my ex i was going to the camp with her ex and she's pissed.
tifu-test-04391,i sent my boyfriend a picture of my vagina to my bf and my boyfriend.
tifu-test-04392,"i was riding a hill on a tree, and i got a bigass stuck on a tree."
tifu-test-04393,"i went to a party with my best friend, and she got drunk, and i had to go to school to school."
tifu-test-04394,"i tried to do weight in the gym, ended up almost breaking my seat and almost breaking my leg."
tifu-test-04395,i accidentally gave my mom a mason jar jar that was in the smoky jar.
tifu-test-04396,"i got high and told my teacher that i was gay, he told me to smoke weed and i was gay."
tifu-test-04397,i accidentally texted my brother's text and my brother in the wrong way.
tifu-test-04398,i told a girl i liked her and i liked her a dumbass and she got rejected.
tifu-test-04399,i lost my best friend's name and lost my life.
tifu-test-04400,"i got a soday, and the result of a rubber mess."
tifu-test-04401,i'm an idiot.
tifu-test-04402,"i tried to be a girl, but i said ""i'm a girl"" and i said she was going to her."
tifu-test-04403,"i made a little friend think i was a little girl, and now she's still in the hallway."
tifu-test-04404,i got locked out of my house and locked myself out of my keys.
tifu-test-04405,i was a dumbass and i accidentally made a naked ass of a kids show up with a white thumb in the middle of my school.
tifu-test-04406,"got high brownies, thought it was a weed, got caught by a treeie."
tifu-test-04407,i accidentally used a catheter catheter catheter in my penis and my wife had to help me with a catheter.
tifu-test-04408,i bought a lot of cheap and it exploded in my freezer.
tifu-test-04409,"i tried to fix a computer, ended up costing $300 worth of my computer and a half-up."
tifu-test-04410,i cut my beard with a hair trimming and now my hair is covered in my eyes.
tifu-test-04411,"i got a shitty shit on my ass, and i pissed off my pants and got fired."
tifu-test-04412,i texted my girlfriend a text and now i'm a dick.
tifu-test-04413,"i got super weighty and puked on my chest, and had to go to the gym for 3 days."
tifu-test-04414,"i liked my crush to get a good friend, she said i liked her, and i liked her."
tifu-test-04415,i got a horrible ass stuck on the subway and got a shitty stuck in the city.
tifu-test-04416,i texted a girl a girl i like to text her about her. she was not a good idea and i'm not sure i'm a dumbass.
tifu-test-04417,i took a piss on my tampon and it exploded all over my bathroom.
tifu-test-04418,"i threw pepper spray on my eye, it exploded and it exploded."
tifu-test-04419,"i wrote a note that i thought was working on my own office, and it was a bit of my coworkers."
tifu-test-04420,"i asked a girl out of me, she wants to ask me her number, and i am now afraid of her."
tifu-test-04421,"got drunk, got arrested by a bar, got arrested by a cop."
tifu-test-04422,"went to grocery store, got really high and had to pay for it back."
tifu-test-04423,"i told my so's she's not to have a problem with her, she's mad and now i'm in trouble with someone else."
tifu-test-04424,i took a shitty and my zippo took a shit out of my zippo
tifu-test-04425,i burned the oven down the oven and the oven is still burning.
tifu-test-04426,i got the wrong time to celebrate by my sister and i am now a christmas.
tifu-test-04427,i'm an idiot and i'm not going to the last week.
tifu-test-04428,"i had a shitty, got a shitty, and vomited everywhere."
tifu-test-04429,i got a water that was supposed to be water in the basement and the outlet was probably drowned.
tifu-test-04430,i am an idiot
tifu-test-04431,"i went to a public building, got caught by a naked officer, got caught by police guard, and got caught by a cop."
tifu-test-04432,"i tried to fix my car, ended up costing $15,000 in the process"
tifu-test-04433,i drank too much chemicals and got a really high dose of my life.  i drank a few hours later.
tifu-test-04434,i got stuck by a horse and got stuck in the face
tifu-test-04435,"went on a free road, got lost by a freeway."
tifu-test-04436,i wrote nazi nazi in a swazi language language and got a swastika for it.
tifu-test-04437,i took a picture of photos to take pictures of a school that was a creepy girl and now i'm a stupidassophile
tifu-test-04438,"i was watching porn porn, and my friend found out it was a porn video, and i had to leave it."
tifu-test-04439,"i locked my keys in my garage, and my sister got stuck in on the garage."
tifu-test-04440,i mistook water all over my work and got a chemical copy of my work.
tifu-test-04441,"i told my friend that his friend was autistic, he was not a good idea of autism."
tifu-test-04442,"i tried to help a old lady with an old lady, ended up getting attacked by a man and almost got attacked by a man."
tifu-test-04443,i tried to help my english language with a classmate and ended up with a very awkward amount of myself.
tifu-test-04444,"i accidentally sent a picture of $2,000 in the wrong way to the wrong state."
tifu-test-04445,"my girlfriend ate a toy mouse that he got the one of his cat, and he got it stuck in the middle of my cat."
tifu-test-04446,"went to a music show, got tickets, and had sex with a black lady."
tifu-test-04447,i accidentally threw a pumpkin gift for a friend and a half-year-old gift.
tifu-test-04448,"got drunk, got kicked up with my ex, ex-girlfriend, i am a dick."
tifu-test-04449,i accidentally sent a wax to a waxing lady who was having a wax waxing at work.
tifu-test-04450,"i got drunk and took a snapchat from my gf and my gf, i was too drunk."
tifu-test-04451,i tried to get caught by my own own garden and ended up getting a garden in the shower.
tifu-test-04452,"i was supposed to be a good time, i ended up being a huge mess of the world and i can't be able to die."
tifu-test-04453,"got drunk, got drunk, got a new night full night, got caught by a cop guard."
tifu-test-04454,i got a ticket ticket in my pocket and got stuck in the train for a few hours.
tifu-test-04455,i threw a frisbee into a frisbee with a kid and it was a little kid.
tifu-test-04456,"i tried to get a shitty, ended up with poop on my own bathroom and now i have to go to the shower."
tifu-test-04457,i woke up by not knowing my girlfriend and i'm an idiot.
tifu-test-04458,"i tried to make a concert with a girl, but ended up getting a shitty and a half of people."
tifu-test-04459,i was a religious christian and got called by a religious christian christian.
tifu-test-04460,"went to a hotel club with friends, got caught, and got banned for it."
tifu-test-04461,i bought a new plant with a plant plant and got a new one of my dick.
tifu-test-04462,i ate too much brown and threw up on a bus.
tifu-test-04463,i was drinking coffee and my co-workers drank coffee.
tifu-test-04464,i was a teacher and i got a detention and got a detention.
tifu-test-04465,i got shot by a guy who was a gun-year-year-be-terrorized by a group of town.
tifu-test-04466,i got caught by my parents and my parents found it on the house.
tifu-test-04467,i ordered a bag of bed for my girlfriend's address.
tifu-test-04468,i made my brother think i'm a quesadilla.
tifu-test-04469,i burned my balls into a can of water cans and it exploded my balls.
tifu-test-04470,"i made a dead pig, and it died."
tifu-test-04471,"got high, got high, got caught in the face, got caught by the military."
tifu-test-04472,"went to school, got a shitty, footy, foot hurts."
tifu-test-04473,i thought i was doing a bottle of water and ended up with a bottle of my shoe.
tifu-test-04474,"i got a free day playing with a fruit, he asked me to get him a free time, i had to give him his apple, he told him he was hungry."
tifu-test-04475,"got a tooth tooth, left my tooth with a tooth, and now have to go to the doctor for a few days."
tifu-test-04476,i was too lazy to clean up my phone and i ended up with a new one of my friends.
tifu-test-04477,i pooped on a toilet and then had to poop my legs.
tifu-test-04478,i got a special tato and accidentally made a massive mess of myself in the wrong place.
tifu-test-04479,i got drunk and spilled my shoes and got my shoes.
tifu-test-04480,i accidentally left a parking lot of a parking lot of a parking lot.
tifu-test-04481,i hit a football ball with my cousin in front of the head and he hit me with a football game.
tifu-test-04482,i'm a dumbass.
tifu-test-04483,"i tried to get a metal band, ended up getting a metal metal from the wrong band."
tifu-test-04484,"i forgot to hand in my assignment, and now i have to submit it to graduate."
tifu-test-04485,i was fired by a company and lied about it and now i have to deal with a new company.
tifu-test-04486,i accidentally left a sick kid in the office because he was sitting in the office for a year.
tifu-test-04487,"i tried to re-late glasses, ended up with a super outdated pair of glasses, and now i'm waiting for a half-year-year-year-old man."
tifu-test-04488,i ate a carrot and now i'm not a fucking fucking.
tifu-test-04489,i hit a basketball line with a basketball line and it got hit.
tifu-test-04490,i took a heavy body and ended up with a heavy body.
tifu-test-04491,"i got a job call from a call from a college, got a call from a call from the phone, and got a call from the phone."
tifu-test-04492,i ate my breakfast plate and threw it out on my breakfast table.
tifu-test-04493,i tried to cross my shit and ended up with a broken ass.
tifu-test-04494,my crush sent me a screenshot of snapchat to my snapchat.
tifu-test-04495,i ran down a rock in front of a rock while running down a mountain and ran over the mountain.
tifu-test-04496,"i thought my new sd card was a new one, but i didn't realize it was the one day."
tifu-test-04497,called a credit card at the bank and got a credit card.
tifu-test-04498,"got drunk, went to a friend house, got drunk, and had to get a shitty tree."
tifu-test-04499,"i was in a date with a girl i met, and i told her i was in love with her. she told me i was in trouble and i was too excited about it. i’m now i’m a bad mood."
tifu-test-04500,i fell on a tree and fell on a tree with a squirrel and fell on the face.
tifu-test-04501,"i made a joke about my work and made a joke about it, and then got caught by a woman and then made it look like i was trying to be a joke about it."
tifu-test-04502,i tried to save my daughter's car and ended up causing her to get a ride.
tifu-test-04503,i ripped my own ass with a wet-p-porn.
tifu-test-04504,"i thought i was going to a car and ended up paying $100,000k.00k."
tifu-test-04505,i fucked up by using a screwdriver and it ended up with a screwdriver.
tifu-test-04506,"got drunk, broke my nose, broke my nose, broke my nose, had to pay a new nose."
tifu-test-04507,"i tried to bake brownies with my co-workers, and now i'm going to work."
tifu-test-04508,"went to gym, got punched out of the door, ran into the middle of the screen and got a message to get a message from the screen."
tifu-test-04509,"i took a drunk, got caught with a drunk girl, and my mom found out she was a virgin."
tifu-test-04510,"had sex with girlfriend, girlfriend walks in on me, i was caught, and now i'm pissed."
tifu-test-04511,i accidentally set a dynamite in a hotel with a dynamite-worker in the middle of a small lady's garden.
tifu-test-04512,i was about to spend the money and i ended up being arrested by a gun and i was arrested for a lot of drugs.
tifu-test-04513,i was being a dick and my girlfriend and i accidentally stabbed a cow.
tifu-test-04514,i made a joke about a jar of glass of glass and ended up ruining my parents's bathroom.
tifu-test-04515,i accidentally opened the address to my roommate who was living on the house and now i'm a stalker.
tifu-test-04516,: i told a naked man that i could have a naked penis.
tifu-test-04517,"i shit my boxers in my friend's face, and then i got a shitty on my hand."
tifu-test-04518,my bros car is dead and i have to drive a car to get it back in a river. i get a car full of nowhere and it ended up with a car in the process.
tifu-test-04519,i have a crush on my crush and now i'm a crush and i'm a dumbass.
tifu-test-04520,"i got drunk and told my mom i was a psychotic, she was in the face with a drunk addict, and i'm now in trouble with a new friend."
tifu-test-04521,"went for a run, ran for a run, ran over a run, ran away, got hit by a cop."
tifu-test-04522,"got drunk, told my father i like a drunk ass."
tifu-test-04523,i accidentally texted my gf and my friends account on facebook account.
tifu-test-04524,"i said my cousin's cousin was playing games and he said ""i'm a nazi"" when he said ""i was a nazi"" and he said ""i was just a nazi"" and now i can't say what to say what i can do."
tifu-test-04525,"i tried to save a sd card, but it broke my card and i got stuck in the process."
tifu-test-04526,went to a deer and got kicked out of a deer. got kicked out of the deer and got kicked out.
tifu-test-04527,i'm an idiot and i'm not sure what to play with me.
tifu-test-04528,i got caught in the attic and my friends got caught by a huge hole.
tifu-test-04529,i sent a new phone number to my new phone number and accidentally sent them to the wrong person and then sent them to her new new number.
tifu-test-04530,"girlfriend and i had sex with her girlfriend, i got her period, and she threw up on her face, and she threw her into the shower."
tifu-test-04531,"ate a pepper pepper, got a shitty, got a shitty, and ate the whole day."
tifu-test-04532,"i told my teacher that the fiance was a demon, and i said ""i'm the only thing"" and then i'm going to hell."
tifu-test-04533,i accidentally ate a laxa enema and got a shitty.
tifu-test-04534,i accidentally burned a candle to a birthday party and now my wife's wife is a dick.
tifu-test-04535,i threw a dodge ballball at a kid's face and it was the most likely the most awkward.
tifu-test-04536,i got scammed for a free paycheck and got scammed.
tifu-test-04537,"i was in love with my girlfriend, i told her i was going to be cheated on her now, but she's not happy about it."
tifu-test-04538,i told a female employee that i'm going to work on a day at work.
tifu-test-04539,i got drunk and pissed on my girlfriend's face.
tifu-test-04540,i vomited a birthday party that had a very bad idea to vomit.
tifu-test-04541,i sent a gw link to a gw and accidentally accidentally accidentally sent her a message to a gw.
tifu-test-04542,"left my dorm open, flooded the water, flooded the shit out of my dorm, and had to go to work."
tifu-test-04543,"i tried to make a japanese joke in japanese, and ended up being sent a very awkward language for the class."
tifu-test-04544,i went to kapanese and got locked in the middle of the night.
tifu-test-04545,i got chewed by a business company and got chewed out of the company.
tifu-test-04546,i slept up to my dad and slept in bed after a job.
tifu-test-04547,i accidentally asked my friend to take a picture of a knife to take the dogs out of my dog.
tifu-test-04548,"i bought $50 worth of jewelry for my wife's birthday present, and she found out she was really excited."
tifu-test-04549,"i texted a girl on a long date, she said i was going to get some random girl, i ended up getting her back home on the cheek."
tifu-test-04550,"i was too lazy to get rid of bugs in my office, and then i accidentally threw it out of my boss's office."
tifu-test-04551,"drank vodka bottle, drank alcohol, drank too much, got drunk, and now i'm a dumbass."
tifu-test-04552,"i cut my hand open with a cut cut on my hand, and it was a bit cut in my hand."
tifu-test-04553,"i took a new mattress, took a nap, and my girlfriend found out it was the bed."
tifu-test-04554,"i broke a cord and broke my friends, and it broke it."
tifu-test-04555,i was writing a sharpie pen and a pencil on my hand.
tifu-test-04556,"i broke my laptop, broke it, and now i'm going to fix it."
tifu-test-04557,i threw a kid in the bathroom and he was scared to be funny.
tifu-test-04558,"left my roommate's laptop in the living room, and now i'm probably sleeping."
tifu-test-04559,"i got a bottle of my hand open with a hand knife, and got a hand in my hand."
tifu-test-04560,i told a japanese girl she was buying her food and she was actually flipsed.
tifu-test-04561,"ate a cheet, got a cheet, ate the whole cheet, and ate the whole day."
tifu-test-04562,"i swallowed a pillrofen pill pill, and now i'm stuck in my throat."
tifu-test-04563,"i tried to help a friend out of my car, got caught by a car, and got caught by a car."
tifu-test-04564,"got a drunk, got hit by a hot chick, got a booer."
tifu-test-04565,i accidentally threw a hair out of my hair because i was too lazy to fix my hair.
tifu-test-04566,"went to the doctor, went to the doctor's office, was too hot, walked back home, walked back to the room, walked back home, had to be a long scarred and was told me to be a long scarred."
tifu-test-04567,"put camera in microwave, camera set it in microwave, camera caught it, camera was on fire, camera, camera smells like shit."
tifu-test-04568,"locked myself out of the house, locked myself out of my hand, had to catch a door, had to catch the keys, and had to catch the keys in my hand."
tifu-test-04569,"i took a shit in a stall, and shit myself in the stall."
tifu-test-04570,i was a dumbass and my cell is not a fanman.
tifu-test-04571,"i got high, had sex, and got a burning hole on my ass, and had to wash it up my ass."
tifu-test-04572,"i was too lazy to pull a fork in the middle of my hand, and i was too embarrassed to my ring."
tifu-test-04573,"i was too lazy to work, and i got my co-worker chewed out of the upper-workers."
tifu-test-04574,*
tifu-test-04575,"i tried to get a button button, it exploded and i was a very busy button."
tifu-test-04576,i subscribed to reddit and now i'm an idiot.
tifu-test-04577,i was caught in my roommates and i was caught in the bathroom.
tifu-test-04578,shiped my nipple with a razor nipple
tifu-test-04579,"got drunk, slept in the bathroom and slept in the bathroom."
tifu-test-04580,i got a fucking floss and stuck in my teeth.
tifu-test-04581,"i bought a new laptop, and now i'm stuck in the middle of the next month."
tifu-test-04582,i got super hot and didn't have a boner.
tifu-test-04583,"tried to be a homeless man, ended up being a man's hat."
tifu-test-04584,"i tried to make a small wheelie, ended up with a small small bike and a half-year old girl."
tifu-test-04585,"sent my wife a letter to the wrong address, now i'm fucked up by my ex."
tifu-test-04586,i was drunk and swiped on my sister's sister.
tifu-test-04587,i farted in my gf's house and now i'm in the vacuum.
tifu-test-04588,i got a bad stomachburn and now i'm tired.
tifu-test-04589,"girlfriend and i tried to kiss my mouth, i end up having sex with her parents."
tifu-test-04590,i was driving on my car and my car was hit by a speeding lot of my car.
tifu-test-04591,"i went to pick up a friend, she was supposed to pick me up, i was too nervous to pick up the office."
tifu-test-04592,i was dying and made a terrible joke about a bitch.
tifu-test-04593,i tried to pull my dog off my belly and ended up getting a huge belly.
tifu-test-04594,"i forgot to put my contacts lenses in my eye, and now i'm an idiot."
tifu-test-04595,i'm a dumbass and my roommate is really sick.
tifu-test-04596,girlfriend's mom is a gift and i'm a gift.
tifu-test-04597,i accidentally stepped on a guy's toe and told my boyfriend about it.
tifu-test-04598,i fucked up by not paying a donkey to a donkey
tifu-test-04599,"i told a kid that i was dead, i told him that he was dead."
tifu-test-04600,i got shot by a motorcycle riker and got caught by a very embarrassed person.
tifu-test-04601,"dad's dad is a dick, i'm a dick, i'm not a dick."
tifu-test-04602,i tried to be a good teammate and ended up getting a new shot of the ball and a half of my new teammates.
tifu-test-04603,"i used to brush my teeth with a blue toothbrush, and ended up with a blue mess on my bed."
tifu-test-04604,"i tried to spray a band with a friend, but instead i was being a good idea."
tifu-test-04605,i'm a dumbass and i'm not a smart person.
tifu-test-04606,i fucked up by not knowing what i was doing a coconut coconut oil and ended up slicing my penis.
tifu-test-04607,i was in a restaurant and i accidentally called a man a man who was a free man.
tifu-test-04608,i accidentally hit a dead dog and it was a dead dog.
tifu-test-04609,i accidentally made a loud joke about a class full of class and my headphones heard it.
tifu-test-04610,"i had sex with a friend, and then had sex with a guy who was about to have sex with me."
tifu-test-04611,"i got a text from a girl who was married, i accidentally texted her, and i accidentally texted her again."
tifu-test-04612,i accidentally sent a message to a stranger who was supposed to be funny and then got caught.
tifu-test-04613,i lost my job and lost my job by a new job.
tifu-test-04614,i tried to get a nice sweater and ended up with a penicle.
tifu-test-04615,i got arrested for a fire and a few days later i was called to a police police.
tifu-test-04616,i was being a shadyl and i accidentally threw a glass in my house.
tifu-test-04617,"i left a hot stove on my cousin's apartment, and now i have a hot kettle."
tifu-test-04618,"i got drunk, got stuck in a heater, got stuck in the middle of my shoes, and got my shoes stuck in the middle of the heater."
tifu-test-04619,i hit my friend's head with a chair and it got stuck.
tifu-test-04620,"** i was too lazy to have a crush on my crush, but i thought she was a crush. i'm not a good person."
tifu-test-04621,"i tried to do a good time, ended up with a man, and i had to walk in the ice."
tifu-test-04622,i fell in love with a girl i liked her and now i have a crush.
tifu-test-04623,i drank a bottle of my school and it exploded in the school.
tifu-test-04624,"i tried to help a friend with my car, got caught by a cop, and got caught by a cop."
tifu-test-04625,"i cut a coke bottle in a supermarket, and the bottle fell on the floor, i'm probably going to be fired."
tifu-test-04626,"i tried to get a spider, but instead i got stuck in my underwear."
tifu-test-04627,"went to study, got stupid and didn't study."
tifu-test-04628,i tried to prank my girlfriend's ass and ended up being a pranking asshole.
tifu-test-04629,i got high and puked in my dorm because i was too drunk and i was too drunk.
tifu-test-04630,"i ate a preebebe, and it got a shitty, and i had to go to the hospital to get it back."
tifu-test-04631,"i ate my own puss on a train seat, and then proceeded to eat it up."
tifu-test-04632,i got scroted by scrotum.
tifu-test-04633,i left a skunk water water and it flooded the house.
tifu-test-04634,"i missed my class early for a half an hour early, and now i have to study for a week."
tifu-test-04635,i threw a ball of balls and threw it into the face.
tifu-test-04636,i tried to help my laptop to my computer and ended up breaking my laptop in the process.
tifu-test-04637,i kicked a kid in mcdonalds and got kicked out of the slide.
tifu-test-04638,"i tried to be a goodass, ended up ruining a cat in the process."
tifu-test-04639,"i got into the wrong place, and the old lady and i had to take care of it."
tifu-test-04640,i got drunk and pissed myself in the face.
tifu-test-04641,i was being a dumbass and i accidentally saw my boobs.
tifu-test-04642,i got a scudi scudi show and fucked up my phone and now i'm too fucking fucked up.
tifu-test-04643,"i spilled a pallet, spilled it all over the floor, and now i'm a fucking idiot."
tifu-test-04644,i accidentally stabbed a disabled lady in the wheelchair.
tifu-test-04645,**
tifu-test-04646,stuck a wasp nest in the bushes.
tifu-test-04647,i bought a ramboard and it was no ram to my pc.
tifu-test-04648,i'm a dumbass and i'm in a fight with a girl.
tifu-test-04649,i accidentally gave a granola bar and i accidentally gave a sweet lady a sweet bar.
tifu-test-04650,"i tried to do a jump, slipped and smashed my face and sprained my jaw and sprained my jaw."
tifu-test-04651,"my boyfriend and i ate some bread, and i found out that i had a shitty that was eating some bread."
tifu-test-04652,"i was too lazy and i decided to buy a coffee, but i was too lazy to get it."
tifu-test-04653,"burned my balls on fire, burned it, burned my balls and burned my balls."
tifu-test-04654,"i got a boner in my pants, and my shorts were in the middle of the game."
tifu-test-04655,i was in a friend's car and i'm not sure if i was going to get to the car.
tifu-test-04656,i shit myself in the toilet and i had to shit all over the toilet.
tifu-test-04657,"i got caught with my school, and now i'm a morg"
tifu-test-04658,i tried to bake my penis and ended up with a burning burn
tifu-test-04659,"i tried to make a cookie, but i'm not a good idea."
tifu-test-04660,i tried to make a frozen dumle and ended up with a frozen mess of my hand and a half-degree of my hand.
tifu-test-04661,ate a test test for my test and didn't pass out the test.
tifu-test-04662,i was looking for a girl to cheer a bunch of a bunch of his high school team.
tifu-test-04663,i went to work and now my team is going to work.
tifu-test-04664,"i was too lazy to pull up my car wash, and ended up paying $10 for the first time."
tifu-test-04665,**
tifu-test-04666,"i didn't know how i was doing, and ended up with the company i was going to my boss."
tifu-test-04667,"i lost my first plane, lost my pocket, and lost my pocket, and lost my pocket, and lost all my money."
tifu-test-04668,i bought a cookie for a cookie and the teacher asked me to buy it.
tifu-test-04669,i tried to brush my teeth with a toothbrush and ended up with a toothbrush.
tifu-test-04670,i was being a sociopathic and told my friend that my mother was abused for months.
tifu-test-04671,tried to break my dad's jeep.
tifu-test-04672,i got a dildo and got my ass stuck in my ass.
tifu-test-04673,"i told my mom that i was going to check her, she thought i was a boner."
tifu-test-04674,i'm a highass and my girlfriend is a high-ass.
tifu-test-04675,i let my wife take a poop on the floor and she pooped it in the kitchen.
tifu-test-04676,"sent nudes to my boyfriend, she sent me a picture of nudes, she thought i was wearing nudes."
tifu-test-04677,i turned on a computer station and it was not working.
tifu-test-04678,i tried to scare my cousin with a knife and ended up getting arrested.
tifu-test-04679,"i took a shitty toilet, and my new new new one was covered in the toilet."
tifu-test-04680,i accidentally gave a sick of my sick's fingers to the wrong one day.
tifu-test-04681,i kicked a kid and he was walking around the ground.
tifu-test-04682,i had a shitty day and got a shitty covered in my life.
tifu-test-04683,i am an asshole and i am not a racist asshole
tifu-test-04684,i accidentally shaved a piece of people who was not a bit of people.
tifu-test-04685,i accidentally stole some condons on my phone and it was a redass.
tifu-test-04686,i wrote a note of a note and got caught.
tifu-test-04687,i thought i was being a good idea to get frosted.
tifu-test-04688,i threw my boxers out of my boxers and my boxers found it in my entire class.
tifu-test-04689,i hid my wife's gift for a tiffany present and she hid it in the same day.
tifu-test-04690,i got a keyringring and got caught by a keyring because i was too nervous to call the police.
tifu-test-04691,"got drunk, fucked up with my girl, now i'm a dick"
tifu-test-04692,i left the door open for my dad's dtsd and now i have to go to the bathroom to see my dad's dtsd.
tifu-test-04693,"i tried to hold a broken plate on my hand, and it broke my hand."
tifu-test-04694,"went to get a picture of snow, got naked, ran out of the cold, ran into the cold, got naked in the cold, and ran home to get a walk of the cold."
tifu-test-04695,"i tried to pick up a girl a package, but instead i was a gift with a girl."
tifu-test-04696,"i was having a girl, but i tried to get her a condom, but ended up with a girl i had a crush on her dick."
tifu-test-04697,i farted in my chair and farted my pants.
tifu-test-04698,"tried to cook a tortelloni, ended up burning the house down the house."
tifu-test-04699,i was too excited to a party and i was too embarrassed to scream at home and screamed at my parents and screamed like i was going to home.
tifu-test-04700,i tried to wash my ipod and ended up with a new one of my house.
tifu-test-04701,i made a code on a code that was a bitch and made it look like a bitch.
tifu-test-04702,i tried to make my teacher think i was a teacher and ended up being a total% grade.
tifu-test-04703,"i made a joke about how i thought was a monster, ended up making a joke of myself and made myself look like a stalky"
tifu-test-04704,"i was singing for a foreign speaker in the middle of a foreign town, but was too embarrassed to the fact that he was just a proan."
tifu-test-04705,i'm a fucking idiot and my family think i'm a jewmas.
tifu-test-04706,i was being a bad dream and i accidentally punched myself in the balls.
tifu-test-04707,i peed in the bathroom and had to pee in my pants while i was too busy.
tifu-test-04708,i got high and fell asleep in a park and broke my parents's bong.
tifu-test-04709,i accidentally insulted a man with a hairdass who was wearing his honor in the hospital.
tifu-test-04710,i accidentally sent a picture of my gf's dick to a girl's house.
tifu-test-04711,i flashed a guy in the car and he was almost hit by a car.
tifu-test-04712,i was a dumbass and i accidentally called a baby that was a baby.
tifu-test-04713,i was asked to help a guy to help me move out of my truck.  i got a truck and the truck was taken by the truck.  i got my truck pulled out of the truck and the truck was stolen.  i'm waiting to the truck.  i'm waiting to the truck.
tifu-test-04714,"i went to the store with my girlfriend, she got a semen on my girlfriend and i had to go to the store."
tifu-test-04715,i fucked up by telling my gf was the real dad and i was supposed to be there.
tifu-test-04716,i tried to fix a diy tank and ended up flooding the ceiling.
tifu-test-04717,i left my car in a gas station and it blew up my car.
tifu-test-04718,"got drunk at a party, got kicked out of the police, got arrested for the night and got kicked out of the police."
tifu-test-04719,i'm an idiot who has a terrible illness.
tifu-test-04720,"i wore soap in my shoes, it got soaked in the rain, and i didn't notice the smell of the smell of detergent."
tifu-test-04721,"i tried to go on a table with a friend, and ended up being a good idea of being a good idea."
tifu-test-04722,i got a mouth stuck in the face and my coworker thought i was talking to me.
tifu-test-04723,"i applied for a presentation with a couple of people who had a presentation, and now i have a meeting with the interview."
tifu-test-04724,i drank too much and poo on my pants.
tifu-test-04725,"i watched reddit, got caught by my mum watching porn."
tifu-test-04726,"i got a blowjob, and i got caught by a slut."
tifu-test-04727,i tried to get my wick off of the kitchen and ended up with a half-year-old mother.
tifu-test-04728,"i fucked up by not knowing what i was going to meet, but i was not getting laid up."
tifu-test-04729,"i was in a relationship with my ex-boyfriend, i'm not sure about it."
tifu-test-04730,i got my sack stuck in my jeans and my balls were in a drawer of a pen for a while i was trying to get to the er.
tifu-test-04731,"i was too lazy to get high, fell off a roof and ended up with a broken glass in my roof."
tifu-test-04732,i was stupid and i accidentally used a cheap mess to solder it up my hand.
tifu-test-04733,got a work job and got a beer from a work i work with a beer and a result of humour.
tifu-test-04734,"drank too much protein, drank too much, went to gym, shat myself, got shat in the gym, then went back home with a bruche."
tifu-test-04735,"got drunk, sent a girl a message to my mom, she found out, and now i'm probably a stalker."
tifu-test-04736,i used a hot connection to fix it.  it was not working.
tifu-test-04737,i made a joke about my best friends in a trailer park and made a joke about it.
tifu-test-04738,i tried to make a paperclip and ended up getting a huge hole in the wrong room.
tifu-test-04739,"i made a cake of my mom’s birthday birthday, and i ended up being a new school birthday."
tifu-test-04740,"cat was sitting in the couch, i'm a bitch."
tifu-test-04741,i was lazy and dropped a course on a course i was not paying for it.
tifu-test-04742,"went for a long time, got a wet swim in the dark, almost drowned my face."
tifu-test-04743,"got drunk with my friends, got drunk, got drunk, and left it on her ipad."
tifu-test-04744,i cloned a magicap as a magarkarp.
tifu-test-04745,i was too nice to ask a girl to get a dance dance from her and she ended up getting a dance from another one.
tifu-test-04746,"i was offered to change an offer offer to my college, i ended up being the wrong answer and the wrong one of the offer was taken."
tifu-test-04747,i was too young to take a shot for my parents and ended up giving myself a shot of my parents and my parents think i was a teenage teenager.
tifu-test-04748,i made a joke about an ice cream and got caught by a student who was trying to clean it up.
tifu-test-04749,i tried to save money from the machine and ended up getting my money out of my money.
tifu-test-04750,"ate my sister's advice, got some digestiveipation, and now i'm not the same."
tifu-test-04751,i got a shitty towel and pissed off my shirt.
tifu-test-04752,i was being a kid and i'm not a kid.
tifu-test-04753,"got drunk, got drunk, got raped by a girl, got raped, and then got a girl's pissed off."
tifu-test-04754,"tried to help a guy with a car, ended up breaking my car off the front of the car."
tifu-test-04755,"i got drunk, and my sister is not interested."
tifu-test-04756,"i spilled my car down, and it exploded in my car."
tifu-test-04757,i lost my virginity and had to pee in my car.
tifu-test-04758,i tried to unplug my truck and ended up with a half of oil oil and a half of oil.
tifu-test-04759,i accidentally jumped on my dog and it fell on my face.
tifu-test-04760,i accidentally threw my finger and had 3 pizzas on my finger and had to work all over my finger.
tifu-test-04761,i didn't know how to do anything at the theatre and ended up ruining my foot in front of a car.
tifu-test-04762,"i got food poisoning, and now i can't drive to the dmv."
tifu-test-04763,"i threw a dump in a garbage, and the guy found it was a dick."
tifu-test-04764,"i thought my phone was watching reddit, got a shirt on the train, he saw me and now i am a pervert"
tifu-test-04765,"got drunk, got drunk, lost my phone, and lost my phone."
tifu-test-04766,i tried to fix my phone and ended up breaking it up with a new water and a half of dollars.
tifu-test-04767,i made fun of my brother's house and my brother's brother and i'm a pedper.
tifu-test-04768,"tried to be a light, ended up with a lamp paper and a lamp of burnt my lamp."
tifu-test-04769,i tried to open a burn with a burn arm and ended up with a hot arm.
tifu-test-04770,i tried to hide my old brother's needles kit and ended up cutting them with a needle and a half of needles.
tifu-test-04771,"i ate a chicken sandwich, shit myself in the bathroom, and my dad saw it."
tifu-test-04772,i fucked up by squeezing my nose with vinegar and now my eyes are a dumbass.
tifu-test-04773,i was supposed to have a adoption with my dad and i was told him to fuck up.
tifu-test-04774,"sent a fax to a customer, got a fax, and got a very rude customer."
tifu-test-04775,"i bought a new bike, it was a good idea to be a good deal, and i ended up with a very expensive deal that i'm not a good deal to help."
tifu-test-04776,"i was having sex with my ex, but i told my parents about it and now i'm fucked up by my parents."
tifu-test-04777,"i went to university, got locked out of my car, and had to call the police."
tifu-test-04778,"i went out with my gf's, and my gf, and i'm now scared."
tifu-test-04779,"i had sex with my girlfriend, and my girlfriend and i had sex."
tifu-test-04780,"i got drunk, and made a lot of people."
tifu-test-04781,i told my fiance she was going to the urologist and she's pissed off.
tifu-test-04782,i left my laptop in my school because i was lazy and now i need to get kicked out of my laptop.
tifu-test-04783,i fucked up by not knowing how to be so i was doing and now i have to pay for a new one year.
tifu-test-04784,"i was in a hurry car, i got a new one night, and i accidentally ripped it up the roof."
tifu-test-04785,i accidentally left a door in the library and i'm now waiting for a while i'm a dumbass.
tifu-test-04786,i went to a water park and got my ass kicked out of my friends.
tifu-test-04787,i was mowed by a deer and it was a deer.  i was not a good idea.
tifu-test-04788,"i ate salts and got sick, and ate too much water."
tifu-test-04789,"i went to a meeting with a kid who was trying to talk to a college, but he got me fired."
tifu-test-04790,"i thought my little sister was dying, but she died in the hospital."
tifu-test-04791,"i got sick, and had to work with a cold, and got sick."
tifu-test-04792,"locked myself out of my car, locked myself out of my car, and now i'm stuck in a car."
tifu-test-04793,"i was in the bathroom, i accidentally locked my pants in the shower, and the teacher saw me a black mess."
tifu-test-04794,i made a text message to a group chat and got caught out of my mom.
tifu-test-04795,"i tried to get a vibrator from the shower, and ended up breaking my head on the shower."
tifu-test-04796,"got drunk, got wasted, got a fight, got kicked out of the night, got a cop, and got a new one night."
tifu-test-04797,"i left the window in my car, and my mom got soaked in the car."
tifu-test-04798,i got angry at work and got angry.
tifu-test-04799,"i put my favourite underwear with a hole, and it got a hole."
tifu-test-04800,i tried to take a friend's car and ended up getting my car locked out of the car.
tifu-test-04801,i'm an idiot who can't even be able to spend time for a family present.
tifu-test-04802,i'm an idiot.
tifu-test-04803,i tried to jump a scooter and ended up with a scooter
tifu-test-04804,"i got a bsf from my girlfriend's computer, and now i have a white screen in my laptop."
tifu-test-04805,"i tried to give a knife knife to a knife knife, ended up slicing a knife and a knife."
tifu-test-04806,i forgot to take a shower and it exploded in the oven.
tifu-test-04807,"went to a barroom with my gf, got caught by the ladies."
tifu-test-04808,i hid my porn book to a porn-wall from my mother and she got caught.
tifu-test-04809,"i tried to get my contacts, but it got a red eye in my eye, and now i'm probably going to the hospital."
tifu-test-04810,i went to a restaurant and ended up making a dick.
tifu-test-04811,i didn't know i was going to the wrong league and ended up getting a shit in my head.
tifu-test-04812,"i tried to play a treadmill, got my arm stuck in the wall, and got a concussion."
tifu-test-04813,"i told my crush i was going to a party, but i told her that i had a crush on my crush."
tifu-test-04814,i ate too much sugar and now i'm an idiot.
tifu-test-04815,"i made my grandma cry at the same time, and my grandmother found out i was sitting in the middle of my grandma's family."
tifu-test-04816,i tried to be a good idea and ended up tearing my balls on my head.
tifu-test-04817,"i got a car accident, got a towger, and had to pay for it towed up the other car, and got a towger, and now i'm stuck in the car."
tifu-test-04818,"played league, got bored, played league, played it out of my phone."
tifu-test-04819,i bought coke for a coke and it was really nice.
tifu-test-04820,i borrowed a usb laptop and the teacher was still stuck.
tifu-test-04821,"was walking in the wrong way, got yelled at by a kid, and now i'm a dumbass."
tifu-test-04822,i got a hot ass stuck in my legs and it burned my dick.
tifu-test-04823,i sprayed my friend with liquid sauce on the class and now i'm going to be fired.
tifu-test-04824,"i tried to save my friends, ended up vomiting and vomited all over myself."
tifu-test-04825,i got high and made a terrible smell of white castle.
tifu-test-04826,i let my boyfriend drink beer and he smells like a beer.
tifu-test-04827,"i went to the university, didn't go to the university, and now i have a meeting with a lecture about 50 minutes."
tifu-test-04828,i tried to see a group of a group of people and ended up making myself look like a moron.
tifu-test-04829,"i hit my first car in a car accident, and she was almost a good idea."
tifu-test-04830,"i got a new job, and my computer is probably going to see my office, i'm an idiot."
tifu-test-04831,i'm a dumbass who is not a smart idea to drive.
tifu-test-04832,"i tried to get an ear infection, ended up with an ear infection and a half-filled ear."
tifu-test-04833,**
tifu-test-04834,"went to the pier for the day, got sick, had to drive home, shit myself out of the way home."
tifu-test-04835,i was a stupid idiot and the law that the rules is a stupid idea of mine.
tifu-test-04836,"i tried to stop a transformer in the hot, it broke the transformer and the ceiling."
tifu-test-04837,i got my first boyfriend a year ago.
tifu-test-04838,i got stabbed by a ball and threw a water in the ocean.
tifu-test-04839,"got drunk and slept on my brothersfriends bed, slept in the middle of my sleep and slept asleep with my whole friends."
tifu-test-04840,"i got into a girl's name, and now i'm a girl."
tifu-test-04841,"got blackout with friends, went to party, got blackmail, guy thought i was a friend, he was black."
tifu-test-04842,i tried to get a rubber band and ended up with my dick.
tifu-test-04843,"i tried to get a dog, but instead i didn't have a dog."
tifu-test-04844,"got a shitty, got a shitty, had to shit myself up."
tifu-test-04845,"i tried to move my motorcycle into a shed, but it didn't move into the shed, i took it to the shed, and i ended up costing my brother's motorcycle."
tifu-test-04846,sent a picture of a girl that was actually flirtyting with her.  she was upset and i was upset.
tifu-test-04847,i tried to clean my cat litter with bleach and ended up making a huge mess of bleach.
tifu-test-04848,i accidentally made a cake at a birthday chef that was a great employee's birthday.
tifu-test-04849,i tried to get my eye and ended up with my gf in the eye
tifu-test-04850,"i put a new sauce of hot sauce sauce on my finger, it burned my finger off."
tifu-test-04851,got a mcdonalonalo and made a mcdonalds.
tifu-test-04852,"tried to be a goodass, ended up with a brokenass in my leg and a broken leg."
tifu-test-04853,"got drunk, went to a party, got caught, got caught by a guy, and now i'm not a pervert."
tifu-test-04854,"i was in the wrong way to see a movie that i was not watching, and i was too nervous to see the movie.  i'm not a black."
tifu-test-04855,i used kleen's tifu on my shorts and it was a good idea.
tifu-test-04856,i gave a burrito for $100$ worth of food because i didn't want to give her food to a family.
tifu-test-04857,"i bought a snail-ail-filled piss in my foot, and it fell in my foot."
tifu-test-04858,i was in a bad computer and my entire family found out of a month.
tifu-test-04859,i was being a dick and i'm probably a moron.
tifu-test-04860,i accidentally switched a book for my class's book for a class.
tifu-test-04861,"i broke my brother's windshield, and i hit my windshield."
tifu-test-04862,"sent nudes to a girl i like to do, got nudes by myself."
tifu-test-04863,"got a crush on high school, didn't get her number number, she left the girl's number."
tifu-test-04864,i was staring at a woman's face and i was staring at her face.
tifu-test-04865,i asked my crush to have a crush.
tifu-test-04866,"i bought a new shirt that looked like a racist shirt, and i was really offended by the person."
tifu-test-04867,i jumped in the elevator and got a joned from the university.
tifu-test-04868,"took medication to take medication, took medication, took medication, took 2 hours to take it up."
tifu-test-04869,"i got drunk, blacked out of my friends's party, and had to wear a party."
tifu-test-04870,i was digging a hole in the yard and my brother had to dig it out.
tifu-test-04871,"i tried to fix a pipe, ended up with a broken pipe."
tifu-test-04872,i texted my boyfriend a dick message to my boyfriend and now i'm getting a dick.
tifu-test-04873,fucked up by showing my gf a gf and she's not aware.
tifu-test-04874,"i got a shower in my shower, and my wife and i'm now in the shower."
tifu-test-04875,"i got into a girl's house, and she locked myself out of my house and i had to leave her bed."
tifu-test-04876,"i went to the gym with a girl i met, ended up being a man and a half-year-year-horry."
tifu-test-04877,i accidentally put my cat into the bowl and it fell off the fan.
tifu-test-04878,"i got drunk and told a girl i was playing a game with a girl i was playing with her, she told her i was playing the table and now i'm probably going to play the table."
tifu-test-04879,drove a bowl in the waiting room and got pulled over for the whole time.
tifu-test-04880,"** i was a slut, i got raped, and now i have a shitty."
tifu-test-04881,"i was riding a bike and hit my face, and i missed a bike."
tifu-test-04882,"i got stuck in mud after a long time, and got stuck in mud."
tifu-test-04883,"i got a flat flat on a curb, and had to pay $300 to fix it."
tifu-test-04884,"i got cat attacked by a cat, and i ran out of my car to a cat."
tifu-test-04885,"i tried to eat habanero, ended up with a very hot song powder powder, and then got a very bad day later."
tifu-test-04886,"i tried to fix my lawn, but instead it's not the problem of the garden."
tifu-test-04887,"i put ice cream on my hand, and it burned my hand."
tifu-test-04888,"i got a league of legends, and now i have no one of my life."
tifu-test-04889,i tried to kiss my so i ended up having a facial face.
tifu-test-04890,"sent a sign in class, forgot to sign in class, accidentally sent it to class."
tifu-test-04891,"i tried to change my oil, but it didn't change the oil."
tifu-test-04892,i dropped my phone and now i'm too lazy to buy a new phone.
tifu-test-04893,"i tried to move a drum, and instead i'm a hugeass"
tifu-test-04894,i accidentally set a fire hole on fire and got a fire fire.
tifu-test-04895,"i went to a walk in yose mose mosemite, got lost by a walk, got lost by a walk, got stuck in the woods, and almost got lost by a dog."
tifu-test-04896,"i booked flight from julya, now i'm sitting in the middle of the next 5."
tifu-test-04897,"got caught in school for a week, got caught by a 3nd grade and got kicked out of school."
tifu-test-04898,"i was too lazy to get a job, and i ended up setting up with a small guy that was too far to find out that we were supposed to be a job."
tifu-test-04899,i punched a bat in the eye with a knife.
tifu-test-04900,"went to a concert concert with a free goo dolls, got really drunk and went to the concert of the concert."
tifu-test-04901,i broke a ceiling and broke my head.
tifu-test-04902,i missed the wrong course and missed the course i missed the course for a week before i missed the course i missed.
tifu-test-04903,"left fudge in the kitchen, left the fudge, left the fudge, left the fudge."
tifu-test-04904,i tried to be funny and ended up with my grandmother and my grandmother.
tifu-test-04905,i tried to get a nice ear in my ear and ended up with a waterbud in my ear.
tifu-test-04906,i got a big pack of oreos in my mouth and it got a guy who thought i was gagging it.
tifu-test-04907,i wore a shit out of a t-workers and then i didn't know what i was wearing in front of the gym.
tifu-test-04908,i was going to fight some bad samar and got arrested.
tifu-test-04909,"i opened a door open in a haunted house, and the whole house was scared by a horror, and the whole thing was on the way to get off."
tifu-test-04910,i got a nose stuck in my nose and my nose got a nose stuck in my nose and i had to have a nose.
tifu-test-04911,i deleted my phone history history and my girlfriend found out she's a porn website.
tifu-test-04912,i asked a girl out of me for a girl i liked her and she was in love with me.
tifu-test-04913,i threw a homeless man out of the store and threw him up.
tifu-test-04914,"sent a picture of a girl to poopchch at the stall, got a boner."
tifu-test-04915,my wife and i'm pissed at my wife.
tifu-test-04916,i left my laptop on my apartment and got locked in the back of my apartment.
tifu-test-04917,i shot my bow with a rifle and it exploded in the throq.
tifu-test-04918,"tried to hide a naked drum drum, ended up showing my wife a scalp dild."
tifu-test-04919,i took a shower shower and got a shitty soap in the shower.
tifu-test-04920,i was drunk and my phone and my friends saw a picture of my phone.  i'm an idiot.
tifu-test-04921,"i let my dog out of my dog, she slept in the park, and now i’m now have to call her dog out of the night."
tifu-test-04922,"i was in a rush to a friend's car, and i ended up costing my car."
tifu-test-04923,i fucked up by sending my hand to a friend's face on my face and now i'm a fucking idiot.
tifu-test-04924,"i took a lunch, got a sandwich, and my sister thought i was going to get lunch."
tifu-test-04925,"i tried to make a dog cry for my first step, ended up getting it out of the house and the dog ate it."
tifu-test-04926,"i tried to help a woman i liked her, ended up getting a doublevert."
tifu-test-04927,i left a man's sweat in my shower and it was soaked in the shower.
tifu-test-04928,i tried to do a nice fire and ended up with a fire fire fire.
tifu-test-04929,i accidentally texted my gf's face and now she thinks i'm stalked.
tifu-test-04930,i went to a brothel and ended up getting my ear stuck in the middle of the morning.
tifu-test-04931,i burned a tree in the wrong house with my brother and burned my hand.
tifu-test-04932,"i got a bad ass, and i got a shitty, and i got a shitty, and i'm now in a bad mood with a while i can't tell him i'm going to the doctor."
tifu-test-04933,i shat myself and my mate and i shat myself in the toilet.
tifu-test-04934,"i tried to sing on my phone, but instead i'm too lazy to get my phone on the street."
tifu-test-04935,i was depressed about my girlfriend and i lost my relationship.
tifu-test-04936,i accidentally flashed my screen and got a shitty.
tifu-test-04937,"tried to impress my boyfriend's hair style, ended up burning my hair and burning my hair on fire."
tifu-test-04938,"i got sunburned in the hot shower, and got a hot sunburned in my hand."
tifu-test-04939,i got pissed up by a football game and i got pissed off by a guy
tifu-test-04940,"i made a fart joke about a fart, made a joke about it, and my brother heard it."
tifu-test-04941,my cat and i tried to bathe my cat and i ended up with a broken cat.
tifu-test-04942,** i accidentally left my door open with my neighbours and my neighbours heard it to my neighbours.
tifu-test-04943,"i got a nose bleed, and i laughed at my nose, and i laughed at the doctor's."
tifu-test-04944,i showed my girlfriend a dress and now i'm mad.
tifu-test-04945,"i got high, got high, and had a huge shower and broke my forehead."
tifu-test-04946,"i thought i was going to drive my car, and ended up costing $30 miles of fuel."
tifu-test-04947,"got drunk, slept in the face, woke up with my boyfriend, and now i have to sleep."
tifu-test-04948,"took a lax pill, took a shit out of mid-day, had to take a shit."
tifu-test-04949,"i tried to save my mom's nest, but instead i'm a bird and i'm not sure how to be."
tifu-test-04950,i gave my mother a birthday card and she got a giftcard for a birthday card.
tifu-test-04951,"i didn't know what i was going to the date with my best friend, and i ended up being a baby."
tifu-test-04952,i called a church and told him he was going to get a message from it. he called him a message about it. he called him to be there. i'm going to hear him.
tifu-test-04953,i told my uncle he had already had invested in one of one of one of his own business.
tifu-test-04954,i made my girlfriend think i'm a pot of saaroni.
tifu-test-04955,i accidentally set my school wifi's internet network and now i'm probably going to get a new one day.
tifu-test-04956,"i forgot to lock my wallet in the bathroom, and i got a wallet full of money."
tifu-test-04957,i was doing the fally and ended up cutting my arm open with a glass in the kitchen.
tifu-test-04958,i slept in the cold and woke up in the cold weather.
tifu-test-04959,i got burned by a pie plate and burned my foot on my kitchen.
tifu-test-04960,"told my friend that his son died, i have a cerebral breakdown, and the kid is probably dead."
tifu-test-04961,"i got a prank in front of my friend's ass, and he thought i was a pervert."
tifu-test-04962,"went to get pearra, got hammered by my family."
tifu-test-04963,i jumped in the basement and got my dick stuck in the ceiling.
tifu-test-04964,"went to the store, got some churzed on the floor, ate some churroro, ate a churrororo, and got a nice chunk on my face."
tifu-test-04965,i accidentally called a customer and got fired.
tifu-test-04966,"went to brush my teeth, forgot to brushpaste, got covered in my mouth with a few friends."
tifu-test-04967,"i got drunk and my roommate got caught on me, i had to sleep with her, she got her date and i got her date, and she got mad and i'm now stranded."
tifu-test-04968,"i got a free car, and i almost got a total cut in my car."
tifu-test-04969,"i played a game of a game that was a game, and then got kicked out of a game of a game."
tifu-test-04970,"i got a hot pizza with a hot sauce, made a hot sauce, and got a nice eye."
tifu-test-04971,"went to a house with my dad, she took a cigarette, we all got high and my friends now thinks i'm gay."
tifu-test-04972,i fucked up by not knowing what i was in my ex and now i feel like an asshole.
tifu-test-04973,"went to the beach, got a glass canal, cut my teeth open, and had to go to the hospital to get a glass of my head."
tifu-test-04974,"i tried to get a shitty, and instead of my dog."
tifu-test-04975,"i asked a customer to buy his phone phone, he asked me to look at him."
tifu-test-04976,"i told a girl i liked her, she was flirting with me, i told her i was a flirty, she told her that i was going to her, she told me she was a ff, and now i'm a flirting with a flirty, and i'm pretty embarrassed by trying to talk to her about it."
tifu-test-04977,"i left a bunch of plastic plasticty on my friends's car, and got it stuck in the middle of the middle of the summer."
tifu-test-04978,"i let my mom out of a baby's house, she got caught, and i thought i was going to get him out."
tifu-test-04979,i ate a cookie of a girl who was in trouble with a coma and i accidentally ate a lot of people.
tifu-test-04980,got high and smoked a bowl in my friends apartment.
tifu-test-04981,i played trumpet at a school and it was a lot of people.
tifu-test-04982,i got a new university and now i have no idea of my university.
tifu-test-04983,i got a bloody nose stuck in my nose and it exploded in my nose.
tifu-test-04984,"i bought a phone of a phone that was supposed to give it back to my daughter, and now i have to pay a new phone with a phone."
tifu-test-04985,i took a bad day of work to show up my arm and got a shitty that caused me to stay home.
tifu-test-04986,i broke a door door and broke my foot.
tifu-test-04987,i got a boner and got a boner for my friends and then found out it was a girl i got a boner
tifu-test-04988,i got engaged for a year old girl and now i'm a pervert
tifu-test-04989,i was at a party and i had a girl i liked to fuck off my other girl.
tifu-test-04990,i drove into a super spot on my car and got a nice idea of my car.
tifu-test-04991,"friend asked me to help a friend his friend to help him his test, he got drunk and told him to fuck him off."
tifu-test-04992,i got my step-year-year old and now i feel like shit.
tifu-test-04993,i ate my sister's birthday and now i have a cake.
tifu-test-04994,i deleted my girlfriend's nudes and now i'm in a very awkward situation with her.
tifu-test-04995,"i was too busy to work, i was too embarrassed to the wrong time and i ended up being in the toilet with a wet toilet."
tifu-test-04996,i was on a rude lady and made an old lady think i was a woman and i am a pervert.
tifu-test-04997,i was watching watching the video of my laptop and i accidentally opened it up.
tifu-test-04998,"i deleted a piece of the fif's pizza page, and it was actually recovered."
tifu-test-04999,i got arrested for a week and now i'm a dumbass
tifu-test-05000,i tried to make a fire at a fire and ended up burning the fire and almost burnt my parents's house.
tifu-test-05001,"went on a canoe trip, got soaked by a spider, and got a spider of spiders."
tifu-test-05002,"i was in the shower, got caught by a demon, and my cousin saw me naked."
tifu-test-05003,i am a dumbass and my friends and i am not a dick.
tifu-test-05004,"i got into a hurry car, got caught with a guy, and i was in trouble with a friend."
tifu-test-05005,"i tried to flick a spider out of my car, and now i'm afraid of my car."
tifu-test-05006,i told my day i'm a douche who didn't have a good day.
tifu-test-05007,"i was drunk, broke my foot with a vase and a vase in my room, and i got a shit all over the carpet and a glass of my room."
tifu-test-05008,i fell down a hill and fell on a hill and fell off my shoulder and fell in the hospital.
tifu-test-05009,"i thought my boss was a good idea of a business security security, turns out he was a felony and got a look at the school's office."
tifu-test-05010,"i tried to make pop pop pop pop, ended up getting a memistic cum on the way."
tifu-test-05011,"i left my room open in the middle of a night, and now i'm a morvarian."
tifu-test-05012,"i went out for a walk, got bored, and now i'm pissed at by a while."
tifu-test-05013,"i went to the wrong place, came to the toilet, and had to clean the door."
tifu-test-05014,i accidentally spilled my dress and ruined my dress with a wedding and now i'm not sure i'm going to be able to sign the wedding.
tifu-test-05015,"went to the toilet, got shit in the toilet, got a shitty mess in the toilet, and had to clean it up with a hand full of the toilet."
tifu-test-05016,"i tried to fry a turkey, ended up burning my skin and burning my skin."
tifu-test-05017,i went to a restaurant with a friend and got a shitty in my mouth
tifu-test-05018,"got drunk, got cocky, got banged, and got caught by a girl."
tifu-test-05019,i was a shitty couch and i broke my hand with a blanket of my sleeping couch.
tifu-test-05020,i kicked my shoe and kicked her nose and punched her nose.
tifu-test-05021,"i was bored by a cute girl who was taking pictures of my mom, and now i'm a pervertile."
tifu-test-05022,"i farted my friends face with a fart, and my friends and i had to shit in my face."
tifu-test-05023,i'm an idiot and i'm not sure to buy coffee.
tifu-test-05024,i made my kids cry like a football game.
tifu-test-05025,"i tried to fix my tv, but instead of a $600 star bar bar on the top of my apartment."
tifu-test-05026,"i tried to be a hero, ended up with a broken arm and a broken arm."
tifu-test-05027,i used a nintendo cart to a nintendo store and it ended up costing me $400 for a while.
tifu-test-05028,"i was playing with my friends, i told her she was gay, and i ended up being playing with her mom, and i'm now being a dumbass."
tifu-test-05029,i was a big man who was a big-worker.
tifu-test-05030,i accidentally made a joke about my girlfriend's mom's mom.
tifu-test-05031,i accidentally made a delivery delivery delivery to a delivery delivery and a half-man.
tifu-test-05032,i tried to clean my hands with chili and ended up with a hot mess.
tifu-test-05033,"i ate a schnitzel, got a shitty, and had to go to sleep with a new snotxedelel in the middle of the desert."
tifu-test-05034,i peed on a gas station and had to pee on a small parking lot.
tifu-test-05035,"i got stabbed by a friend, got stabbed by a pencil, and got caught by a school."
tifu-test-05036,i hit a bike on a bike and hit my bike.
tifu-test-05037,i tried to wake up my mom and i ended up waking up my bed by accident.
tifu-test-05038,"i tried to prank my neighbor by turning off a hotel, he got grounded from a hotel, and now i'm probably getting a new friend's friend."
tifu-test-05039,i got a nice shirt for a joggy and a girl who was wearing me for me.
tifu-test-05040,"i traded a knife to a trade, got a knife, and now i'm not a good idea."
tifu-test-05041,"i was a man and choked on a man while i was drunk, ended up getting a bloody ass attack and almost got caught by a man and a half hours later."
tifu-test-05042,i threw out the garbage cards and threw it out.
tifu-test-05043,"met a girl, she said i was a bit, i'm not interested to see her again."
tifu-test-05044,"i ate a lot of shit, got a shitty paper, and had to wait for it."
tifu-test-05045,i ran over a deer and almost got chased by a dog.
tifu-test-05046,i'm a dumbass.
tifu-test-05047,i got a concussion and broke my head.
tifu-test-05048,i accidentally threw a dumpster into a dumpster and then my neighbor was pissed off by letting her know how it was a dumpster.
tifu-test-05049,"i got a job in my pocket, fell on a hole, and got a hole in my arm, and a hole in my arm."
tifu-test-05050,i posted a comment on reddit and got a very motivational comment.
tifu-test-05051,i got stuck in the bathroom and got stuck in the bathroom.
tifu-test-05052,i accidentally sent a picture of a gift that was delivered in my office and it was a gift of my office.
tifu-test-05053,"got drunk, got stoned, and threw up in a car."
tifu-test-05054,"i was forced to cut a window with a window, and i accidentally opened a window window open with a window of grass."
tifu-test-05055,i got super glue on my bong bong and it exploded in the eye.
tifu-test-05056,i drank too much coffee and now i'm not sure to be a little person who can't be able to drink.
tifu-test-05057,"i left my friend's truck in the parking lot of my friend's truck, and she left her keys in the parking lot of the night.  she then left the truck and i'm leaving the night.  she got drunk and i'm a bit of the night."
tifu-test-05058,i tried to help a guy with his car and ended up getting kicked out of the road.
tifu-test-05059,i left my keys in my car and now i'm too lazy to get to work.
tifu-test-05060,i tried to help a backup service and ended up sending it to the wrong place to the middle of my work.
tifu-test-05061,"i played pokemon on my birthday, it was a bad idea and i'm now stuck in the toilet."
tifu-test-05062,"i was too naive to shoot a nerche gun in school, and got caught by a teacher."
tifu-test-05063,"i was at the gym, i tried to get a date, ended up with a broken dick and a bloody nipple."
tifu-test-05064,"i got into a fight with my fiancé, and he got mad, and i got mad."
tifu-test-05065,i accidentally saved a guy a letter on the phone.
tifu-test-05066,"i tried to have a swing, ended up with my girlfriend."
tifu-test-05067,"went on holiday, crashed down a hill, broke my head, and had to have to walk on a hill."
tifu-test-05068,"i tried to clean a small tub, ended up with a small shower and a small mess of my mom."
tifu-test-05069,i'm a genius and i'm a genius of shitty.
tifu-test-05070,i was sitting in class with a pen and my friend in front of a pen.
tifu-test-05071,"i was wearing jeans in class, and my pants got a hole in the pants."
tifu-test-05072,i was lazy to get my job off a big spot and it broke my toe.
tifu-test-05073,i told my girlfriend i liked her to listen to my mom's place and now she's going to give me the song.
tifu-test-05074,i bought tickets for $200 worth of tickets and now i'm probably going to buy them
tifu-test-05075,i took a shitty in the bathroom and it ended up being a horrible idea of people.
tifu-test-05076,"i was too nervous to fap, and i decided to go to the bathroom with my family."
tifu-test-05077,"tried to be a water balloon, ended up with a water balloon."
tifu-test-05078,i left a wrong idad at school and it was a good idea.
tifu-test-05079,i got a cold shower and got my 3nd degree burns.
tifu-test-05080,i accidentally burned a deer steak in my fridge and it exploded in my fridge.
tifu-test-05081,i left my room key in japan because i was too lazy to go on the local room.
tifu-test-05082,"i tried to make a look of a game, ended up getting a butt and a thumb of my girlfriend."
tifu-test-05083,i was supposed to take a coffee and ended up getting a shitty.
tifu-test-05084,i was invited to a party party with a bottle of soda and a kid-conscious-be-old kid.
tifu-test-05085,i was in the bathroom and i got kicked in the shower.
tifu-test-05086,i got pulled over for a license and got pulled over by a cop.
tifu-test-05087,i tried to wax my face off and ended up with a candle
tifu-test-05088,i threw a knife at a knife and it fell off the back of my hand.
tifu-test-05089,"i tried to help a cat to get cat in the box of her cat, she dumped me and i ended up getting dumped by a cat."
tifu-test-05090,"i tried to throw my girlfriend up on a bed, it ended up falling on the bed."
tifu-test-05091,i met a girl on a party and now i'm going to meet her mom and i'm going to fuck her up.
tifu-test-05092,"met up with my ex, now i'm going to meet up with someone."
tifu-test-05093,i shit myself in the wrong way.
tifu-test-05094,i was playing with my friend's fence and she fell and broke her fence.
tifu-test-05095,i jumped over my girlfriend's house and she threw her stuff. i was scared.
tifu-test-05096,i accidentally ate a funnel cake and now i'm not a good idea.
tifu-test-05097,mom told me she was sleeping in the middle of the night. i slept in the night. i slept in the night.
tifu-test-05098,i got sunburned and burned my legs on my legs.
tifu-test-05099,"i spent $50 on the last line of the most of the most of the most of the most important thing i was supposed to make a mistake of the winner and made a $50k of the winner of the winner of the winner, which was only $50 for the first time."
tifu-test-05100,"i got busted by a girl i was riding in the middle of nowhere, and i ended up getting a shitty car."
tifu-test-05101,"i got into a car with a driver, and i got caught by a cop."
tifu-test-05102,i tried to shit myself and shit myself in my pants.
tifu-test-05103,i accidentally threw away the floor and it exploded all over the floor.
tifu-test-05104,i was sitting in a parking lot and i was dislocated by a crippled car.
tifu-test-05105,i left cigarettes in my pocket and left it in the trash.
tifu-test-05106,"i tried to test a new taser, ended up breaking my family's tifu."
tifu-test-05107,"i forgot to put a pen in front of my dad's car, and now i'm not a fan."
tifu-test-05108,"i tried to make a cool video with my computer, but it turned out to be a good idea that i'm really a genius."
tifu-test-05109,i got caught by a school and my parents got caught by a police and i had to pay for it to my high school.
tifu-test-05110,**
tifu-test-05111,"i got a very drunk and told a girl that i was going to die on a plane with her last year old friends, and she told me she was on vacation and i'm now scared to die."
tifu-test-05112,i tried to prove my friend to get a water bottle and ended up with a broken arm.
tifu-test-05113,i left the door open for my brother to pick up the door open and a half of a diaper.
tifu-test-05114,"i told my son i like the son i love, he said ""i love"" and now i'm not a good thing."
tifu-test-05115,"i spilled soda in my car, and it exploded in the car."
tifu-test-05116,i booked a flight for a week and now i can't get a day to the wrong date.
tifu-test-05117,i'm an idiot and i'm not paying for it.
tifu-test-05118,i ate a bunch of my dog out of a chocolate and now i can't eat it.
tifu-test-05119,i got into a date with a girl i liked and now i'm fucked up by being raped by the other girl who i'm in love with.
tifu-test-05120,"got drunk, went to a pub with a girl, got drunk, got punched out of her, got kicked out of the face, and had to have a meeting with a friend."
tifu-test-05121,i pooped in my shorts and it was full in the beach.
tifu-test-05122,i made my mom a cup and i'm not sure to close it.
tifu-test-05123,"i tried to make a joke out of my roommate, ended up making a really weird thing out of my room."
tifu-test-05124,"i am an asshole who i thought was a bag, but i am a bitch."
tifu-test-05125,i accidentally blammed my music by pretending to be a woman.
tifu-test-05126,"i got a new laptop on my car, and it was a big deal."
tifu-test-05127,i cut my hand while cutting my ear and got a mild cut cut in my room.
tifu-test-05128,i was too lazy to cook a pot and it fell off the stove.  i broke the glass and broke my wife's wedding.
tifu-test-05129,"i got a bottle of water peroxide in my eye, and now i'm sitting in the eye with a bottle of hell."
tifu-test-05130,i took a shit out of my family and my family had to poop in the toilet.
tifu-test-05131,i went to a coffee with a girl i liked and ended up with a girl in front of a small area.
tifu-test-05132,my dad thinks i'm a dick
tifu-test-05133,i was trying to be a good job with a 2 liter of beer on a tv floor.
tifu-test-05134,i pressed my witten on my forehead and it ended up with a new fan.
tifu-test-05135,"i left my keys in a silent station, and the other guy saw me in the wrong direction."
tifu-test-05136,i broke a paper with a paper and it broke it.
tifu-test-05137,i was sitting next to my dad and i had a seat of my dad.
tifu-test-05138,i was in a windshield and hit a rockshield.
tifu-test-05139,"i got high and smoked weed in my neighbors yard, got caught by a police and my moms house."
tifu-test-05140,i made a girl laugh at the same time.
tifu-test-05141,i grabbed a taco dip and it was a half daco dip
tifu-test-05142,"shaved my nose too hard, it was a massive nose."
tifu-test-05143,"i ate brownie for a flight, got a shitty, and had to go to the hospital to eat it, and got a shitty."
tifu-test-05144,i lost my wedding ring and it went to the jewmart and i lost my wedding ring and it was a half of my wife's wedding.
tifu-test-05145,i made a stupid joke about a friend and my professor is mad at me.
tifu-test-05146,i was asked to show off a French-sex-sex joke in front of a French people and got laughed at by french.
tifu-test-05147,**
tifu-test-05148,i got a military and got a busted through a plane.
tifu-test-05149,i threw up a bunch of my car and then threw up in a parking lot of my own car.
tifu-test-05150,i am a dumbass idiot.
tifu-test-05151,i was at work and i drank too much water and passed out of my mouth.
tifu-test-05152,i told my son i had a vagina and i like a vagina.
tifu-test-05153,ate a couple of candy chilies and almost died.
tifu-test-05154,i used the burrito to wash my car and it exploded in my car.
tifu-test-05155,"i tried to clean polish polish polish onto my jeans, ended up with a black polish polish on my jeans and ruining my jeans and now i have to clean it up with a half of polish polish polish."
tifu-test-05156,"i tried to shower my dad, ended up with a shower full of shampoo."
tifu-test-05157,i told a girl i didn't have sex with her and her parents.
tifu-test-05158,"i was late for the first time in the back seat of my car, and i had to clean up my face."
tifu-test-05159,"i tried to get my phone, ended up being a shitty phone, and now i'm probably a dumbass."
tifu-test-05160,i got a bloody infection on my finger and it burned my finger.
tifu-test-05161,left my phone in a rain and got soaked by a rain.
tifu-test-05162,i accidentally burned my coffee and it exploded in the kitchen.
tifu-test-05163,"i accidentally told a customer that was too cheap to help her with a bag of bag, and she didn't tell me to go back to her office."
tifu-test-05164,took a shit out of cold medicine and got a nasty morning.  i took a shitty and took a half of my life to take it.
tifu-test-05165,"i got high and ate a hot sauce, and my mouth burnt my mouth."
tifu-test-05166,i got a new booty and he chased him into a shoe.
tifu-test-05167,"i got a bath towel on my dick, and my cousin heard me."
tifu-test-05168,i was having an anxiety attack attack and i was forced to die.
tifu-test-05169,"i told my sister i was playing a game with no knowledge, and now i'm not a dumbass."
tifu-test-05170,"my boyfriend and i got drunk, and i made a joke about it."
tifu-test-05171,i had an interview with my boss and they had to have an interview.
tifu-test-05172,"i thought i was a spaky, i thought i was going to get some different people, ended up waking up in a train and awoke up in a train."
tifu-test-05173,i hit my bike and hit my bike.
tifu-test-05174,i'm an idiot and i'm not a bit of shitty.
tifu-test-05175,"i was being a genius and i tried to shove my brother, but ended up shoving him in the face."
tifu-test-05176,i threw rocks rocks at a train and threw it out of my fingers.
tifu-test-05177,i accidentally gave a homeless guy a homeless guy a homeless sandwich for his food.
tifu-test-05178,i went to the wrong lecture and ended up with a girl i'm sitting in front of the seat.
tifu-test-05179,"i tried to show off a trampoline, ended up with a broken leg."
tifu-test-05180,"i bought a nissan, paid for a nissan, and now i can't afford to pay for a new job."
tifu-test-05181,"i threw my best friend's best friend's best friend's dog, he was in the hospital, i threw him down, and i threw him back to the hospital."
tifu-test-05182,i made a horrible joke about a class that i am now a horrible person.
tifu-test-05183,i went to a haunted house and got caught in the house. the whole house is haunted by the house.
tifu-test-05184,"got drunk, punched, punched a black hole, got a black eye, got pissed, got a black eye, got a black eye."
tifu-test-05185,"i accidentally muticked my mic by calling a loud mic to a conference call ""i'm now)"
tifu-test-05186,i told my ex gf she was in love with me and i was in the mood.
tifu-test-05187,"i got a migraine, got a migraine, got a migraine, and had to have a surgery."
tifu-test-05188,"got drunk, slept with roommate, roommate came home, roommate came home, friend and i tell him to fuck off."
tifu-test-05189,i took a poop and made a poop.
tifu-test-05190,"i was too lazy to buy a car, but it was too small to be more than the house.  she got home and i decided to buy a new car.  she got home and now i have to pay for a new car."
tifu-test-05191,"i was in the wrong room, left a dryer in the middle of the women, and now i have to go to the gym to get a new one day."
tifu-test-05192,"got drunk, got locked, got locked in the middle of the rain."
tifu-test-05193,i went to a toilet and got a shitty on the toilet.
tifu-test-05194,i accidentally made a joke about how i thought i was doing.
tifu-test-05195,i left my housemates's house with two cats and they were going to smoke for a couple of cats.
tifu-test-05196,"i got drunk, got drunk, pissed, and pissed all over my pants."
tifu-test-05197,i was in love with a girl i like to do and i like to do and i like her.
tifu-test-05198,"i tried to get a new one, but it didn't get it out of the old one."
tifu-test-05199,i accidentally texted my friends and my friends and she took a message to her about it.
tifu-test-05200,i'm a dumbass.
tifu-test-05201,"locked myself out of my apartment, had to climb in on a flat with a lockmith."
tifu-test-05202,i was fired at a meeting and the company fired me out of my boss.
tifu-test-05203,"i tried to make a good wood match, ended up burning the ground and burning my ass down the ground floor."
tifu-test-05204,i went to college for a year and got rejected because i didn't know i was a fucking idiot.
tifu-test-05205,i accidentally set a cat in an apartment that was too close to the hospital for an hour.
tifu-test-05206,i gave my 3 year old children a charity so i wanted to give them money to the charity.
tifu-test-05207,i ran into a car and got a black car full of my car and got a blackhead
tifu-test-05208,"i ran into a pole pole pole, got a shit, and got a broken nose."
tifu-test-05209,"i got a biker in the ass, broke my ribs, and got a bone stuck in the er."
tifu-test-05210,i'm a dumbass and i'm a dumbass.
tifu-test-05211,i made a picture of art with a coworker and a coworker.
tifu-test-05212,"drank coffee, drank too much coffee, drank coffee, drank coffee, drank coffee, drank coffee, drank coffee, drank coffee, drank coffee, drank coffee."
tifu-test-05213,"i was too lazy to buy my xbox, and my parents are pissed at me."
tifu-test-05214,"i was a fucking idiot, and the neighbor who had a huge fight with a baseball ball."
tifu-test-05215,i forgot to copy the font of the font on my font and now i have to pay for the entire day.
tifu-test-05216,"i used pepper spray to be a good idea for pepper spray, it was actually a good idea."
tifu-test-05217,"i was having a new girl, i met her, i was too excited about it."
tifu-test-05218,i was being a bad person who had a bad eye and made a bad comment about it.
tifu-test-05219,"i tried to hack a new exam, but ended up with a new exam that i'm getting a new job."
tifu-test-05220,i told my mom i was watching a stand up at a tv and i told them they were going to pop up the tv.
tifu-test-05221,i told my girlfriend i was a creep.
tifu-test-05222,i used reddit and got a massive reddit
tifu-test-05223,"drank too much, got really drunk and pissed off my school."
tifu-test-05224,"i made a play of a play with a play-durt attack, and it was actually a dick."
tifu-test-05225,"got high, went to a hospital with some acid, smoked weed, got high, went to hospital, got high, and was arrested by police."
tifu-test-05226,i tried to hold my trousers and ended up with a bonnet and a half of people else saw me.
tifu-test-05227,"got grounded, got grounded, got grounded."
tifu-test-05228,"went to breakfast for breakfast, saw a bunch of guests, ended up with a guest family and a half-year-to-ooleo."
tifu-test-05229,i forgot to get my card card and ended up getting a debit card and had to pay for it.
tifu-test-05230,i got a new girl out of my car and my girlfriend and i thought i was going to be a police. i was a pervert.
tifu-test-05231,i used a new computer and it broke my computer.
tifu-test-05232,"i got high and told a girl that he was taking a ride to the mcdonald's.  got high and had to pay $500 to get a cop.  got high, and was told by a cop."
tifu-test-05233,i was trying to take a screenshot of my friends's laptop and accidentally accidentally hit the flash out of my friends's house.
tifu-test-05234,i was a female witch and told her roommate to win her skin on a dress and she was a dead witch.
tifu-test-05235,"i asked my coworker about her job, she asked for it, and now she thinks i'm crazy."
tifu-test-05236,"i found out a guy that was trying to help her, but found out she was trying to help me, but i found out she was trying to help her."
tifu-test-05237,i was doing the most important to do and put my sisters out of my sisters in the process.
tifu-test-05238,"i was asked to help a colleague a ""to-worker file file"" and ended up being fired in the office."
tifu-test-05239,i was looking for a car to drive over a car and ended up getting a car full of a strangers.
tifu-test-05240,"i got my girlfriend's car fixed by a new girl, and she got mad at me."
tifu-test-05241,"i tried to change my rubber bands, and ended up with a new band band."
tifu-test-05242,"played football game with a friend, got a shot in the face, and got a shot."
tifu-test-05243,"i was on reddit, decided to kick my foot on the bus, and ended up in the middle of the night."
tifu-test-05244,"i was too lazy to tell my boyfriend about being a boyfriend, and i ended up being the shitting thing in the living room."
tifu-test-05245,"i pulled my exam off, ripped my nose, and now i'm bleeding."
tifu-test-05246,"i tried to clean my snow, ended up with a glassbrush."
tifu-test-05247,"i posted a comment about my tredist's t-dress, and it was a bit of people."
tifu-test-05248,"i tried to be cool at a new year's, but my brother is pissed off the ground and i almost killed my hands."
tifu-test-05249,i bought a taser at school and the principal for my school to tell me i was a gun.
tifu-test-05250,i'm a bad idiot and i'm not a bad idiot.
tifu-test-05251,"i thought i was doing a job interview, but it was too hot and i was too excited to get a job."
tifu-test-05252,friend showed up a gun that was a fake gun and the cops showed up to the cops and the cops are being arrested.
tifu-test-05253,"i took a dirty sock in my room, my mother found it in my room, and i took a shitty."
tifu-test-05254,"i got a free wage, paid $120 to a gym, and now i have to cancel my account to get a year of my account."
tifu-test-05255,i was in a note and my girlfriend found out it was a note and i accidentally let her cry.
tifu-test-05256,i got a pimple in my bathroom and accidentally puked it in the bathroom.
tifu-test-05257,"i made a wet slaves of my kitchen kitchen, and my girlfriend and i am now in the kitchen."
tifu-test-05258,"** i left a bottle in the middle of the house, the kitchen broke my hand, and i got a bloody mess, and a half of it all over the house."
tifu-test-05259,"got drunk, threw a glass bottle, broke my friend's car, and now i'm fucked."
tifu-test-05260,i lied about reddit and lied to everyone.
tifu-test-05261,"went to a party with gf, ended up being a hot and a couple of friends and my gf and my gf's wife."
tifu-test-05262,"tried to get rid of dube, ended up with a boner."
tifu-test-05263,"i accidentally stole a bunch of coupons from a chain of coupons, and now i'm going to be fired."
tifu-test-05264,"got high, vomited and vomited all over my girlfriend's birthday."
tifu-test-05265,"i sent my girlfriend a text to my gfectian, she said ""i'm a creeter"" and now i'm going to tell her about it."
tifu-test-05266,i tried to be a goodass asshole and ended up making a stupid ass.
tifu-test-05267,i threw my mom chocolate chocolate and it was a bad idea.
tifu-test-05268,"i fucked up by making a stupid joke and my ipadad, and my mom found it to be cool."
tifu-test-05269,"i got a piss infection, had to go to the doctor, and now i have to go to the doctor i have to go to the doctor's kidneys."
tifu-test-05270,"i tried to make a mess of milk, ended up getting a shitty mix."
tifu-test-05271,"i watched a screen, got caught, and told my boss i was watching porn."
tifu-test-05272,"i got a cocky girl on her date, she's not sure if i'm a creep."
tifu-test-05273,"i went on a night to the middle of the night, and i ended up getting a shitty in the middle of the night."
tifu-test-05274,"i got my gf's weight, she got mad, i felt bad."
tifu-test-05275,"fell in laundry, got caught by my blanket."
tifu-test-05276,"i got a bad night, and now i'm stuck in the bed."
tifu-test-05277,i was drinking coffee all over my keyboard and my coffee is now my keyboard is probably a good idea.
tifu-test-05278,"i got horny, used a piss on my dick, and my dick is in the process."
tifu-test-05279,i broke my friend's car and she was in a movie with a banghead.
tifu-test-05280,"i fell down a ladder, fell down a stair, and broke my boss's head."
tifu-test-05281,"dog peed on my pillow, woke up pee on my pillow."
tifu-test-05282,"i got a free drunk, got really embarrassed, and got the wrong one of the magbies, and the party got a shitty."
tifu-test-05283,"i sent a photo of a photo to a friend who was open to a photo with a friend, and i accidentally sent it to a friend who was told me about it."
tifu-test-05284,i got sick and threw up a chemical with sushi and it was a chemical bomb.
tifu-test-05285,i farted in a stranger's car and then proceeded to fart.
tifu-test-05286,"i tried to kill a spider, and ended up with a cockroach."
tifu-test-05287,"i forgot to update my work, got busted by my parents."
tifu-test-05288,"i tried to get a water, but instead i broke my coworker, and i broke my coworker, and i had to walk in the hospital for a few minutes."
tifu-test-05289,i forgot to buy pants and ended up with a woman in the middle of my work.
tifu-test-05290,i tried to be funny and ended up being a pervertile and a half-year-old friend.
tifu-test-05291,i have been on my own house and my housemate saw me a shitty of my life.
tifu-test-05292,i put a wax wax on my asshole and it burned my asshole.
tifu-test-05293,"i drank chocolate milk, got a full day late, and had to sit in the er."
tifu-test-05294,"got wasted at home, got so i was going to drink some beer with my friends and now i'm not sure i'm going to drink."
tifu-test-05295,i was being lazy and fell on a river and fell on a river. i was not a good man. i was not a good man.
tifu-test-05296,i accidentally made a very busy order to be a rude lady and ended up being forced to be a rude lady.
tifu-test-05297,"i tried to help a bandageage, but i had to walk to the hospital."
tifu-test-05298,"i burned a grease on my grill, and the whole house burnt down the house."
tifu-test-05299,i tried to piss my penis with a lighter and ended up burning my penis.
tifu-test-05300,"i played fifbox 4 hours ago, and now i can't play football."
tifu-test-05301,i'm a dumbass and i'm not paying attention to my boss's bed.
tifu-test-05302,i was a chair and i was too shy to move out of it.
tifu-test-05303,i tried to climb a rope and almost broke my back.
tifu-test-05304,i sneezed in class and got a nose bleed.
tifu-test-05305,"i got a shitty, got caught by a police, got caught by a police, got caught by a police and got called to school."
tifu-test-05306,i tried to light a candle and ended up with a candle.
tifu-test-05307,"i got a basketball game, got a shitty booter, and got a good workout."
tifu-test-05308,"i was in the library, i was so i was too lazy to read a class with my friend, and i ended up being a teacher and a teacher."
tifu-test-05309,i was a little girl and i got a crush on my head and she thought it was a great idea.
tifu-test-05310,i got a blackout drunk and got a black eye full of black ice.
tifu-test-05311,"got drunk, went to a boat, got a concussion, got cocky, and had to walk in a car with a girl, got a concussion in my head, and had to get my clothes in the process."
tifu-test-05312,i broke my thumb and broke my thumb.
tifu-test-05313,"i got a shitty enemated, and i got a shitty."
tifu-test-05314,"i tried to make a hot hot hot hot hot hot crack of hot water in my eye, ended up getting a second degree burn in my eye."
tifu-test-05315,i lost my wallet account and lost my wallet.
tifu-test-05316,i'm a dumbass.
tifu-test-05317,i ate kibslist and ate it. it was a good idea.
tifu-test-05318,i shat on a tohn toilet paper and got caught by a johner.
tifu-test-05319,i forgot to cancel the meeting with the president who was scheduled for a month.
tifu-test-05320,"i was a dumbass and my sister decided to take a hostage to the hospital, i ended up with a captive and a captive in the back of my life."
tifu-test-05321,i killed a moth in my room and now i have to kill a new moth.
tifu-test-05322,"i got high and put my apartment in my apartment, and i had to walk in to my apartment."
tifu-test-05323,"i tried to be a good idea of power off the floor, but i forgot to leave the floor and ended up destroying the floor of a security security."
tifu-test-05324,i missed my exam in my exam and it was a bad one day.
tifu-test-05325,i made a kid cry and his whole class thinks i'm a creep.
tifu-test-05326,"i accidentally left a new series of a series of a series to watch it, and now she's not a good friend."
tifu-test-05327,"i tried to help a beer girl, ended up getting fired, and now i have to pay for a beer."
tifu-test-05328,i got a flat car stuck in my car and got a shitty.
tifu-test-05329,i put a face on my face and got a lip on my lip.
tifu-test-05330,i was sick and i got a cough and sneezed.
tifu-test-05331,i tried to burn a stump and almost burned my sister's house down.
tifu-test-05332,"i smoked weed in my house, and my wife saw me a bong window."
tifu-test-05333,had a virus in a foreign room and had to explain my girlfriend to have a shitty.
tifu-test-05334,"went to the cinema with a girl, got a condom covered in the condom, and now i'm probably going to see her."
tifu-test-05335,"i thought i was being funny, i found out i was trying to find my reddit post."
tifu-test-05336,"i was dating a girl, i told her i was dating, and i had to wait for a while, i was dating with her, and i'm not sure about it."
tifu-test-05337,"i tried to get my boyfriend's leg on the bed, but instead i had a heavy nose on the bed."
tifu-test-05338,"i bought my macer laptop and lost my laptop, and now i have to pay $300 worth of my life."
tifu-test-05339,i gave my girlfriend a mint and she got a mint in the shower.
tifu-test-05340,i sent a friend a £-cardcard to a friend's office.  i thought it was a printer and i had to print it up.  i ended up with a customer's credit card.
tifu-test-05341,i've been a new girl.
tifu-test-05342,"i got horny with my mother, she got horny, and i got caught by a stranger."
tifu-test-05343,i told my sister she was getting married and she told me she was a good idea.
tifu-test-05344,"i slapped my boyfriends ass in the balls with my boyfriend, he was pissed in the balls."
tifu-test-05345,i let a cat out of my house and it was a cat.
tifu-test-05346,i got high and made a pizza sticks with my friends.
tifu-test-05347,i watched the movie with my daughter and now i'm a star of space.
tifu-test-05348,i shot my finger with an air gun and it exploded in my finger.
tifu-test-05349,i drove over a cop and got pulled over by a cop.
tifu-test-05350,"i tried to get my truck stuck in the rain, and my dog saved me."
tifu-test-05351,i missed the wrong bus and missed the wrong bus.
tifu-test-05352,i'm an idiot who is not a good idea.
tifu-test-05353,i accidentally called a telemark call from a telemark and then got a call from a cruise call from the company.
tifu-test-05354,i got a shitty and my cat ate it.
tifu-test-05355,told my boss he had a gay diarrhea.
tifu-test-05356,i thought i was my alarm and woke up my alarm off.
tifu-test-05357,i punched my brother in the balls and got hit by a kid.
tifu-test-05358,i was a funeral and my mother heard me a funeral.
tifu-test-05359,"i let my friends take a dump in the back yard, and my friends and my friends are now in a bad yard."
tifu-test-05360,"got drunk, told my best friend i was going to her house to her house, she's pissed off and i'm now stranded."
tifu-test-05361,i was watching a movie with my ex and my best friend was watching her.
tifu-test-05362,"i got an earburn, it hurt me, and i got a q-tiped ear."
tifu-test-05363,i was a bad bug and my neighbor thought i was a creeping.
tifu-test-05364,i tried to delete tinder and got a tinder from my girlfriend's profile.
tifu-test-05365,i slept in the night and my sister found out i was masturbating.
tifu-test-05366,"got drunk, went to a girl i had a crush, got drunk, went to a girl, got a blowjob, got a blowjob, and had to call her again."
tifu-test-05367,i watched a video about a rape woman and now i'm freaking around the hospital.
tifu-test-05368,"i was dating with a girl i like a girl, and i'm broke up with a girl."
tifu-test-05369,i used my mom's makeup on my face and it turned out to be a pretty bad man's face.
tifu-test-05370,i was too lazy to buy shoes and i was too lazy to buy a new one.
tifu-test-05371,i told my gf he was the bottle of the bathroom bottle. he told him it was the bottle of the bottle and it turned out it was the bottle.
tifu-test-05372,"i was trying to get lunch with a guy, he's mad at me."
tifu-test-05373,i was late for a bus and i ended up being late for a few minutes.
tifu-test-05374,"i was on a bus, i thought i was a girl, ended up being a tear and a half-class."
tifu-test-05375,"i was late, and my mom got mad, and i went to sleep with my mom."
tifu-test-05376,i was at a rollerco coaster and ran away the cold coaster.
tifu-test-05377,i was a stupid bitch and my dad died in the past year. i'm a dumbass.
tifu-test-05378,i fell on a rail and fell on a rail and fell on the rail.
tifu-test-05379,i was a nsa and a woman who tried to catch me up in the process.
tifu-test-05380,i got a skiped on a mountain and got my hip kicked out of the mountain.
tifu-test-05381,i accidentally hit a party with a friend in a party and she was then i was drunk.
tifu-test-05382,i fell off a fence and fell on a fence.
tifu-test-05383,"i wore a horrible shit in front of my washing history, and now i'm probably going to the hospital."
tifu-test-05384,i tried to use my flat and ended up getting a huge xbox of my flat and a huge xbox.
tifu-test-05385,i got tickets for two tickets and then got kicked out of the tickets.
tifu-test-05386,i tried to clean my mom with a brom and got caught by a cop.
tifu-test-05387,i got a haircut for a haircut at the office.  i didn't get the first name.  i got the first name to the office and was told him i was the right of the office.  i'm the only one of the biggest guy who i was in my first place.
tifu-test-05388,"i got so high and made a gig of beer in a crowded house, and now i have to pay for a gig to get rid of money."
tifu-test-05389,"i bought a new car and a half-worker for a month, and i ended up paying $50 for a month of stuff that i was supposed to be a good one."
tifu-test-05390,"took ambienien, woke up with my wife's bjien."
tifu-test-05391,i was an idiot and made a very bad gun gun in front of my school room.
tifu-test-05392,"i got a cocky girl on my first date, and i ended up being a creepy girl."
tifu-test-05393,"got a massage massage, got a concussion, got caught by a massage, and now i'm going to the hospital."
tifu-test-05394,i fell down the stairs and broke my arm.
tifu-test-05395,"i forgot to log in for 4 weeks to get a new one week, and now i'm going to look for a month."
tifu-test-05396,"i made a kid cry in a party with his parents and he said ""s a kid"" and i'm not a pedophile.**"
tifu-test-05397,"i got high, took a shitty pepper, and got a baby burn in my hands."
tifu-test-05398,"i left my grandma in 3 days after a long reason, and now i'm sitting in the family."
tifu-test-05399,"i got a hohy on my hair, and now i have a presentation to go to work with a tour of mohahy tape."
tifu-test-05400,i was at the park and i was supposed to go to get a job with a woman.
tifu-test-05401,"i forgot to put my wallet in the airport, and it ended up costing me $500."
tifu-test-05402,"i went to a church with my grandma, thought i was a bigass, and got lost."
tifu-test-05403,"ate a shitty dog shit, shit myself in the toilet, shit myself."
tifu-test-05404,i missed my driving test and missed a test.
tifu-test-05405,i tried to fix my xbox cable cable and ended up with two cables and two of them.
tifu-test-05406,i burned a car in the back of my car and it burned.
tifu-test-05407,i left my vibrator in my closet and left it in the process.
tifu-test-05408,"i tried to save a dog out of my dog, it was the dog, it was the dog, and i had to kill it."
tifu-test-05409,i was a creepy and my roommate thought i was masturbating on my bed.
tifu-test-05410,i tried to get a new skateboard and ended up getting a bloody nose
tifu-test-05411,i thought i was going to park my car and it was my car.
tifu-test-05412,i bought an ignition and a half of dollars of dollars.
tifu-test-05413,i let a rat-f-fucking up my roommate and it was a monster monster.
tifu-test-05414,"i slept in love with my fiancee, and now i'm tired."
tifu-test-05415,"i got into a white bus, got into a white pickup, and was left by a white guy who was paying for the first time."
tifu-test-05416,"i went to hospital and got a ride home, got called the ambulance and a minor ambulance."
tifu-test-05417,i made a teacher joke about how i thought was a teacher.
tifu-test-05418,"i got a bad dose of wood in my leg, and i got a shitty."
tifu-test-05419,"i tried to show my friend a photo of an arm to the wedding, but instead i'm too embarrassed."
tifu-test-05420,"left my girlfriend's house door open for her, she left the door in the back of her house."
tifu-test-05421,"i helped a blind guy to help me get my bingo drunk, and ended up being the worst person's day in the process."
tifu-test-05422,i lied about how i lied about how to do.
tifu-test-05423,"i got a free free to a fountain, and ended up getting kicked out of a fountain."
tifu-test-05424,got a busted and a bauze on my hand.
tifu-test-05425,"i got dumped up by my ex's ex, i told her i was a little friend, i told her that i was going to have a new one."
tifu-test-05426,"i dry my shoes in the shower, and now i'm too lazy to dry it."
tifu-test-05427,i accidentally made a lunch with a guy who was making me think i was a mess.
tifu-test-05428,i was in a car with my boyfriend and i'm very sure i'm a dog.
tifu-test-05429,i was too busy to ask to buy a customer a customer.
tifu-test-05430,"tried to masturbate, got a muscle muscle."
tifu-test-05431,"** got a shitty day, got a new one day to work."
tifu-test-05432,went to a conference room and my wife and i left the kids on the hotel room.
tifu-test-05433,my girlfriend used a lock lock to unlock a pattern of sams in my girlfriend's phone.
tifu-test-05434,"i got my girlfriend's computer, and she told my girlfriend that i was cheating on her computer, and she told her it was cheating, and i'm going to be a library to play with her."
tifu-test-05435,"i took a shit out of my wisdom teeth, and now i have to call my wisdom tooth tooth to my dentist."
tifu-test-05436,i'm a fucking dumbass.
tifu-test-05437,i got a hickey and now i have a hickey on my neck and i have to go to the gym to get it out of my boyfriend.
tifu-test-05438,"i got my dad's license, and i'm not sure if i'm a dick."
tifu-test-05439,"told my coworker to use a tregototototot, his dad was mad."
tifu-test-05440,i got a new job and a bag of tsa in the air.
tifu-test-05441,i was in a mall with an old lady and i got kicked off.
tifu-test-05442,my friends and i got stoned by a spententententent.
tifu-test-05443,i tried to make a coffee and ended up getting a new coffee on the street.
tifu-test-05444,i accidentally left a book that was a book and now i'm a booker.
tifu-test-05445,sent a big phone message to my old phone and my aunt was mad at me.
tifu-test-05446,"went to the bathroom, saw dick, went to the bathroom, got caught by a guy who was going to hell."
tifu-test-05447,"i tried to make a new mariana plant, ended up ruining it and almost got a new mari from my new work."
tifu-test-05448,"i sent my ipad to a repair company, and now i have to pay $100 to pay for it."
tifu-test-05449,i peed in the toilet and had to pee in the toilet.
tifu-test-05450,i broke my leg and broke my leg.
tifu-test-05451,i tried to get a rock and ended up getting my car kicked out of the car.
tifu-test-05452,"went to beach, got phone in the ocean, now i have to get a new one day."
tifu-test-05453,"got drunk, tried to dance, ended up getting kicked by a hot girl."
tifu-test-05454,"i tried to make a can of cooking spray on the ground, and ended up being the hell of the kitchen."
tifu-test-05455,"i got a new haircut and asked for a haircutut, but he didn't know how it was my way."
tifu-test-05456,i drove into a car and drove into a car that was a car.
tifu-test-05457,"i got fired, told my co-worker i was going to work, i was pissed at him."
tifu-test-05458,i tried to clean up my sink and ended up with a plunger in my face.
tifu-test-05459,i tried to cheat my cheat sheet with a sheet sheet and ended up with a new sheet of paper.
tifu-test-05460,i failed my driving test and my driving drove me to the dmv.
tifu-test-05461,i ate a very hot salsai and it exploded in my mouth.
tifu-test-05462,i tried to be vape in the middle of my mums and ended up getting caught by a fire alarm and a fire alarm.
tifu-test-05463,"i was too lazy to a girl who was supposed to have a kiss up with a girl, and i ended up with a girl that i was supposed to get in a while."
tifu-test-05464,i accidentally created a video of a v-word tape to a stupid video that i thought was a dick.
tifu-test-05465,"i tried to shave my shins with my shins, she punched me up with a broken glass."
tifu-test-05466,i shot my girlfriend in the face with her girlfriends gun and she shot it.
tifu-test-05467,i tried to save my mom's meal and accidentally spilled it up.
tifu-test-05468,i thought my dog was giving me chewide chewide chews.  i gave her to the dog and she spent the night with her dog.
tifu-test-05469,i made a gas gas gas in my gas and the gas was over the 3 days of my gasses.
tifu-test-05470,"i tried to be a good idea in a castle, ended up with a broken foot in the wall and a small kids."
tifu-test-05471,i went to jail for my dad and got caught in the shower.
tifu-test-05472,i'm a dumbass who has a horrible idea who is a smart idea to be fired at me.
tifu-test-05473,i got a job interview and had a phone interview.  i'm not sure i'm a dick.
tifu-test-05474,i was playing a fly and it got a fly stuck in the beach.
tifu-test-05475,i was a fucking idiot and got a test.
tifu-test-05476,i gave my kids a chipstick for a kid and he got high.
tifu-test-05477,"i got a binky girl, and i got a shitty."
tifu-test-05478,"girlfriend had sex with me, i had sex with her, and i had sex with her."
tifu-test-05479,"i got stung by a snakehead, got a nasty snake, and had to go to the hospital to get it out of my own home."
tifu-test-05480,i took a hip of my biancé to a party and now i have a terrible shitty.
tifu-test-05481,i tripped into a kid and now i'm a moron.
tifu-test-05482,i deleted windows and deleted windows.
tifu-test-05483,"i tried to help my cousin's computer, ended up wasting half of data and losing my mother's hard drive."
tifu-test-05484,i spilled a cup of my cupboard and it exploded all over the top of my bosses's work.
tifu-test-05485,"i told my crush i liked her on a crush, she was angry, i told her i was going to her on a date, i said she was going to do it, i was drunk, i told her it was a little guy, i didn't know what happened to her, she was upset, i didn't know what happened, i was going to do, i got a good friend, i got a little bit, i didn't know what i was going to do it was going to do a little person, i was a little, i was a bad, but now i just just just just just like i just to do something like her boyfriend, and now, and now i just a guy, i just the same, i just a couple of a couple of a couple of a couple of a little time."
tifu-test-05486,"i tried to break up a girl at a girl's house, and ended up getting a huge nose on her head."
tifu-test-05487,"i made my first day off at home, and now my mom is going to have a black eye."
tifu-test-05488,i got a surprise and the package went to the morning i thought was there was a package and i got the package off.
tifu-test-05489,i left my friend in a study and i had to swallow a bj for a while i was too late to tell him i was pregnant.
tifu-test-05490,"played with girlfriend, got horny, played ear, got a boner."
tifu-test-05491,"i made a handicapped man joke about being mentally challenged, and i laughed at him."
tifu-test-05492,i cut a hair and now i feel like a kid.
tifu-test-05493,"roommate and i tried to make a guy a nice guy from his roommate's roommate. he got caught, we left the door and we had to call the guy who was stealing his stuff."
tifu-test-05494,"i told a guy i was going to be a new job, he told me i was a greatass, i told him it was his name, he told him it was a good idea."
tifu-test-05495,"ate a coffee, drank too much, puked in my pants, passed out, woke up in the shower, passed out, woke up all over my bed and had to go to sleep."
tifu-test-05496,i left my hat in the oven and it got a second degree burn.
tifu-test-05497,i fell down a snow in a snowy bank and got a fracture of ice.
tifu-test-05498,i got pulled over my car and got pulled over by a hot wing.
tifu-test-05499,i was asked to have a disabled man with a disabled man on a disabled man's seat. he got hit by a disabled man who was sitting on the bus and i was too embarrassed to him.
tifu-test-05500,i got drunk and pissed on my eye and now i have to wait for 2 weeks.
tifu-test-05501,i told my boss i was a dicky and i told them that i was not as the only one of my company.
tifu-test-05502,i'm an idiot and i'm really a dumbass.
tifu-test-05503,"my mum saw my old phone, i told her my mum about it, she told her i was a dick, and now she thinks i'm a dick."
tifu-test-05504,"got drunk, told a friend he was going to buy beer."
tifu-test-05505,**
tifu-test-05506,i tried to be a stranger and ended up being a man's wife.
tifu-test-05507,i accidentally put onion salt into a bowl full of onion salt and it exploded.
tifu-test-05508,"i got a shitty guy who was in the shower, i was in the shower with my towel, and i got a wet wet wet wet in the shower."
tifu-test-05509,i'm an idiot and i'm probably going to make a sandwich with a sandwich.
tifu-test-05510,i was too lazy to get my girlfriend's hands to get rid of her hands and she was too drunk.
tifu-test-05511,i accidentally showed my nakedness to a guy who was watching porn in the living room.
tifu-test-05512,i fucked up by telling my friend a bullet and she was going to have a long time.
tifu-test-05513,i watched dead dead co-workers in brunei.
tifu-test-05514,"i drank water on a plane, which was about to be a water bomb, and then i drank up the airport."
tifu-test-05515,i tried to tell my mom that i was being a huge child and she got mad at me.
tifu-test-05516,"i went to the hospital, fell asleep, broke my head, and got caught by a broken nose."
tifu-test-05517,i was in the shower for two weeks and i got caught by a shower of my roommate.
tifu-test-05518,"i got a bloody noseble, shatzed my face, and got a bloody mess."
tifu-test-05519,i left my tablet and it fell off the toilet and i left it on the toilet.
tifu-test-05520,i got drunk and told my girl i didn't know what to do and her friends.
tifu-test-05521,i crashed my neighbour's car and now i'm going to get it back.
tifu-test-05522,"i got a pizza, told my brother i was hungry, and then got a pizza, and then proceeded to order pizza and got a pizza with my brothers."
tifu-test-05523,i asked a girl out of my face and got a face full of it.
tifu-test-05524,i accidentally made a coffee out of a desk that i was working on the desk and i accidentally spilled it out of my desk.
tifu-test-05525,"i threw up my sister's house, and she threw up."
tifu-test-05526,i bought two lug nut nut at walmart and a couple hours later i’m not supposed to have a new one.
tifu-test-05527,i got stuck in a snowstorm and it got stuck in the middle of snow.
tifu-test-05528,"i was in a shitty with my boss, i got drunk and fell asleep and fell asleep."
tifu-test-05529,i texted a girl out of a girl i texted her out of the school.
tifu-test-05530,"got a sciping, had an emergency surgery, had to go to the er, and ended up with a sciping nose."
tifu-test-05531,i got arrested for my first time and got arrested.  i told them i was a felony and i had to go to the police to get it back.  i got a report and the police arrested.  i got arrested and i got arrested.
tifu-test-05532,i got a friend and he jumped over my skin and got a shitty.
tifu-test-05533,"got high, got high, got high, got high, got high, and pissed off the school."
tifu-test-05534,i got a hat hat for my friends and my friend's name is a pervert.
tifu-test-05535,i accidentally told my girl i had a crush drive to a blood drive to a blood store.
tifu-test-05536,"i took a new puppy of my poo on my phone, and now i have a new one of my school."
tifu-test-05537,i wore pants to a cute man's pants and got caught by a cute man.
tifu-test-05538,"went to the woods, got lost, got lost, got lost, almost killed by a forest."
tifu-test-05539,i got a hair cut in my armpit and now i have to shave my armpits.
tifu-test-05540,"i got a new company car, and the car is on the windshield."
tifu-test-05541,i accidentally flooded a bucket and it fell on my head and i'm probably a concussion.
tifu-test-05542,i ripped a tifu by telling my friend to buy a new one of the same one.
tifu-test-05543,i got a white white guy called a racist racist racist racist and got called to the principal.
tifu-test-05544,"i left my sleep in the morning, and now i'm a creep of work."
tifu-test-05545,i was being awake and i was so i was going to eat a game.  i ran to the hospital and was asked to be my family.  i was so i was awake.
tifu-test-05546,i left a door door door door door and the door opened it open.
tifu-test-05547,"i took a homeless ticket to the train, and i ended up getting my money back in the middle of the street."
tifu-test-05548,"went on a trip to the southern country, got a ticket ticket, got a ticket ticket, and now i can't get a passport ticket to the airport."
tifu-test-05549,"i tried to make a falafel, and then my husband's face is bleeding."
tifu-test-05550,"i tried to jump a fetal, ended up punching my crotch."
tifu-test-05551,i was a murderer and i'm a murderer.
tifu-test-05552,i accidentally insulted a dead man's funeral for the funeral of his funeral.
tifu-test-05553,asked out to hang out of my new crush and she thinks i'm a dumbass.
tifu-test-05554,i tried to get my own gang and ended up getting attacked by a cop
tifu-test-05555,"i got cheated by cheating cheating in school, got cheated by a teacher, and got a cheated by a teacher."
tifu-test-05556,i failed my professor's car and he got a shitty on the street.
tifu-test-05557,"i met a very nice woman on the phone, and i didn't have a call from her birthday."
tifu-test-05558,i got stuck in a plane and got stuck in the airport.
tifu-test-05559,"ate spicy food, got a spicy burger, got the worst stomach covered in my ass."
tifu-test-05560,"i got drunk, told my friend to get food in the toilet, he then i had to puke it up."
tifu-test-05561,i tried to get soda and ended up getting a shitty and threw up all over my floor.
tifu-test-05562,"got caught by a kid who was watching porn on my computer, got banned by a porn site."
tifu-test-05563,i broke my gym trying to break my weight and broke my face.
tifu-test-05564,i tried to break a piece of a welding machine and ended up with a metal burn.
tifu-test-05565,i'm a dumbass.
tifu-test-05566,"i got drunk, got naked, and got my back naked."
tifu-test-05567,"got drunk, got kicked out of frrenchies."
tifu-test-05568,i got a blow and it blew up my brother.
tifu-test-05569,i sent a message to a vvd club to a clubclub club.
tifu-test-05570,i tried to touch my boobs and ended up almost dying in the vagina
tifu-test-05571,"i let my cat out of my cat, she got her tail on fire, she's not sure."
tifu-test-05572,i got a new bottle of a bottle bottle and a concussion bottle.
tifu-test-05573,"** i found out my reddit account on facebook, everyone found out i have a profile on facebook, and my profile is now known i'm gay."
tifu-test-05574,i made a birthday party and my daughter is having a work party.
tifu-test-05575,"i told my teacher about the day of the day of my class, i got a dick, and i told her i was going to die."
tifu-test-05576,"i made a pot of stock, and my roommate made a pot of smoke and burned my house."
tifu-test-05577,i tried to be a man and ended up being a mumbling man.
tifu-test-05578,"i tried to play a cricket game, ended up getting a cast and a broken foot."
tifu-test-05579,i told a stranger who was funny and he was trying to tell me about reddit's story.
tifu-test-05580,i scared my little brother by telling him to scare her to the door.
tifu-test-05581,i accidentally made a joke about a cricket lizard and a half-wire for my brother to come in a week.
tifu-test-05582,i was a great guy who was having a few months ago and he asked me to pay for it. i told him to pay for it. he told me he was a good time and he was just kicked out of his car.
tifu-test-05583,i was too lazy to get a cup of tea and i was too lazy to get a cup of tea.
tifu-test-05584,"i forgot to take a piss at my house, forgot to take a piss, and ended up having to call the house to the house."
tifu-test-05585,i'm a lazy idiot.
tifu-test-05586,i accidentally left a printer in the printer and got a free copy of it.
tifu-test-05587,i got high and told my mom that i was going to the hospital.
tifu-test-05588,i got a habanero pepper in my eye and it exploded in my eye.
tifu-test-05589,i thought i was a cop and turned out the road to be the cop.
tifu-test-05590,i fucked up by putting a sallet in my dick and my dick
tifu-test-05591,i went to the airport and got my luggage stolen.
tifu-test-05592,"i got too high, and i yelled at a customer, and then i made a guy think i'm a dumbass."
tifu-test-05593,i fell on my hand while trying to get stitches and it slipped on my hand.
tifu-test-05594,i was in a hurry room with ice water and ended up with ice water on my toes.
tifu-test-05595,i sent a broken wall to the tv and the tv was cancelled by a tv show.
tifu-test-05596,i got fired and told my new employee i was going to get a drink and i'm now in the office.
tifu-test-05597,"i sent a flower to a flower that was supposed to be delivered to a flower instead of a flower instead of a flower, she said i was supposed to be a flowerquet and she got a delivery from the wrong girl."
tifu-test-05598,"got high, went to the bathroom with gf, gf got busted, went to the bathroom, got busted, ate a huge mess, ate some shitty, went to bathroom, had to go to bathroom, got yelled at by a mf."
tifu-test-05599,i was a dumbass and my family decided to fly it out of the air. it was a fan and i got a heart attack.
tifu-test-05600,"i lied about my parents, and now i'm in trouble with a girl i'm in love with her."
tifu-test-05601,i made a prank joke about a friend's friend who had a prank on me.
tifu-test-05602,"i tried to get a surgery surgery, ended up having a surgery attack."
tifu-test-05603,"i got drunk, tried to eat a bottle of a bottle of ice, got itchicked, and now i have to eat a nice pepper."
tifu-test-05604,"i sent a girl a text card to a girl i love for it, and now i have to call her the girl i have a crush card."
tifu-test-05605,i was playing with my parents and my parents were playing soccer.
tifu-test-05606,"got a license, got a minor accident."
tifu-test-05607,"i asked my girlfriend out, she's mad, and i'm now in a church."
tifu-test-05608,"i shaved my razor razor, and now i'm bleeding."
tifu-test-05609,i made a huge breakfast cake for my first time and it exploded on the stove.
tifu-test-05610,i got soaked in the rain and it got soaked in the rain.
tifu-test-05611,"i ate too much coffee, and then i made a terrible joke about it."
tifu-test-05612,i got my dog jumped up and my dog ate a piece of cheese
tifu-test-05613,"i sent a guy a ticket to riff concert, he got pissed at by his own company and now i'm trying to give him a ticket."
tifu-test-05614,i got a spander and spaghetti.
tifu-test-05615,"i got a seizure, got a seizure, and got a concussion, and the cops called me, and i'm now in trouble."
tifu-test-05616,i'm a dumbass and i'm getting laid out of my land.
tifu-test-05617,i tried to get a burn and it burned my ankle.
tifu-test-05618,i'm an idiot and i'm not sure how to log to login.
tifu-test-05619,i accidentally sent a friend a sex to a friend who was talking about his class.
tifu-test-05620,i'm gay and i'm gay.
tifu-test-05621,"i sprayed pepper in front of pepper, and it looked like i was a pedister."
tifu-test-05622,"got drunk, got drunk, threw up, threw them out, and was left with a muggy."
tifu-test-05623,tried to be a good idea and ended up falling down the stairs.
tifu-test-05624,"i was in a school with a girl, got a boner, and i was scared to be a good girl."
tifu-test-05625,i was too tired to make a lightbul and i almost burned my wall on the wall.
tifu-test-05626,i parked my car and now i'm a total fucking idiot.
tifu-test-05627,"i accidentally gave my friends a gift of $10 from a junk kris kris kring kring, it was my first girlfriends and i got it back."
tifu-test-05628,i peed in the bathroom and my dog pee.
tifu-test-05629,my gf and i got a bloody bloody blood.
tifu-test-05630,i accidentally showed my dirty girl a dirty ass.
tifu-test-05631,i took a toilet paper paper and had to poop it out of my girlfriend's bathroom.
tifu-test-05632,"i asked my friend out, she told me to go to a chocolate bar, she told me she was mad, and i told her i was mad."
tifu-test-05633,"i got a butt, got a butt on fire, and got caught with my penis."
tifu-test-05634,"i got a huge sunburn on my window, and i got a huge nose on my way."
tifu-test-05635,i tried to masturbate my dick and ended up peeing my dick.
tifu-test-05636,"went fishing, saw the water to get water."
tifu-test-05637,i got banned from a class that i was a dumbass and got banned from a computer that i was a dumbass.
tifu-test-05638,i set off the fire alarm alarm and the fire alarm alarm went off.
tifu-test-05639,"i ate a burger, got bit of antebested, and ate a burger."
tifu-test-05640,i broke my laptop's laptop.
tifu-test-05641,i made a racist joke about a racist joke and the chineseese and the whole family of my children.
tifu-test-05642,i pulled my friend's phone in the middle of a bunch of a bunch of a bunch of people.
tifu-test-05643,"went to the bathroom, got cat attacked by a dog, got shitty, went to the bathroom, got her dog attacked by a dog."
tifu-test-05644,i'm an idiot and i'm not sure what i'm going to move to my boyfriend.
tifu-test-05645,i sent a girl a text message to a girl and she said i was going to her again.
tifu-test-05646,"i was walking around a girl's ass, and i told her she was laughing at him."
tifu-test-05647,"i was in the middle of my crush, and i had a family crush."
tifu-test-05648,"i went to pee, got caught by a pissing, and then had to pee in my pants."
tifu-test-05649,i got my girlfriend thrown out of the ground and she threw her face in the face.
tifu-test-05650,i got a new piaz on my face and now i have to pay my pizz look like a fizz.
tifu-test-05651,i was wearing a suit at school and my mum is probably going to be a dick.
tifu-test-05652,i got a penstick stuck in my chest and my boss is the only gay.
tifu-test-05653,"i wore a shirt that was supposed to wash my chest out of the shirt, and now i have to wear it out of my shirt."
tifu-test-05654,"got drunk, threw up a girl, threw him up, he was drunk and was kicked out of the street."
tifu-test-05655,i crashed my bike and crashed my back into a wall
tifu-test-05656,i tried to scan a file and ended up with my dad and i didn't know what to do.
tifu-test-05657,"i told my girlfriend i was in love with her, she told her i was going to break up."
tifu-test-05658,i crashed a bird in the hospital and it hit my neck.
tifu-test-05659,i tried to help a stapling stick that was too small and ended up cutting my finger.
tifu-test-05660,i tried to clean up a hitch with a bunch of people and ended up getting a free deal with a man.
tifu-test-05661,"i tried to help my cat by giving him a cat a cat, he got punched by a cat."
tifu-test-05662,i forgot to put in a fire and ended up almost a half-year old woman.
tifu-test-05663,i'm a dumbass and i'm a dumbass-ass-ass-ass-ass-bast-bast-bast-bast-bast-c-ass-ass-b-b-b-sh-sh-k-k-sh-sh-f-hot-hot-f-sh-sh-sh-sh-a-sh---a-sc-hot-hot---sc-cat--------sc-sc---sc-sc-sc----sc-sc-e-e-k-------sh---------------------------------------------------------------------------------------sh-e------------------------------------------------------------------------------------------------------------------------------------------------------------------------------------------------------------------------------------------------------------------------------------------------
tifu-test-05664,"i got a boner and got my cocky, and my girlfriend saw me a boner."
tifu-test-05665,i am an idiot and i'm going to stop a new alarm app.
tifu-test-05666,"i went to the doctor's office, got a bloody scar on my face and now i'm a complete tattoo."
tifu-test-05667,"i was a spider, i tried to open a spider bottle, and i dropped my eyeball open with a spider."
tifu-test-05668,i got caught by my parents and my girlfriend's parents are having a free car.
tifu-test-05669,"i drank a shitty, and now i have to shit myself with my ass."
tifu-test-05670,"i tried to clean a light up with a light lighter, and it broke up my desk and a broken lamp."
tifu-test-05671,i tried to kill a spider by accidentally killing a spider.
tifu-test-05672,i tried to get a woman and ended up making a woman think i was going to the wrong person.
tifu-test-05673,i accidentally clicked a girl on my college and now i'm a stalker.
tifu-test-05674,"i locked my door in the garage, and now i'm probably getting a bug."
tifu-test-05675,i left my closet open the door open and now i have to walk to class.
tifu-test-05676,"i gave a girl a lag from school, she was mad, and i gave her the wrong taste."
tifu-test-05677,"i got high, got high, got a shitty, and the boss found out i was really high."
tifu-test-05678,"i thought i was killing ants, but was actually a kid."
tifu-test-05679,i pooped on my face and got it covered by a bird.
tifu-test-05680,i got a cigarette in the middle of the road and it was a cigarette full of tea.
tifu-test-05681,"i let a blowjob in the shower, and she got caught in the shower."
tifu-test-05682,i tried to save a vipad and ended up with a $100 worth of $100 on the way.
tifu-test-05683,i accidentally created a gold comment to a stranger and then found out it was mine.
tifu-test-05684,"i tried to fight my friend, but instead i'm dislocated my shoulder."
tifu-test-05685,i slept in the morning and woke up my school roommate's school.
tifu-test-05686,"i farted my pants, and it was a bad idea."
tifu-test-05687,i fucked up by pouring my shower and now my brothers are in a week.
tifu-test-05688,"got drunk at my grandmother's wedding, punched her knee and now my grandmother's girlfriend's wedding."
tifu-test-05689,"sent a picture of my friends number to a friend, forgot about it, got my number of my phone number, didn't even even even even even even even have a picture of my phone."
tifu-test-05690,i was stupid and i lost my own homework sheet and got a shitty paper.
tifu-test-05691,"i tried to get a new apartment, and ended up getting a new apartment with my living room."
tifu-test-05692,"i got a pizza, and my buddy and i'm the only one of my life."
tifu-test-05693,"i tried to pull up a pole, and ended up with a bench"
tifu-test-05694,i fucked up by not knowing what i was going to a high interview.
tifu-test-05695,i got caught by a bus and had to wait for a bus to get my wallet.
tifu-test-05696,i was cleaning my wife's ankle so now i'm a dumbass.
tifu-test-05697,i was asked to eat pizza and a half-year-year-law kid with a knife and a half-so kid.
tifu-test-05698,"i was in a garage, i got a shitty dog, and i'm now in a fight with a broken dog."
tifu-test-05699,"got drunk, told my friend i was going to get a two nights, and she got drunk, and i told her that i was going to have a new one night."
tifu-test-05700,"tried to make a pan with my arm, ended up burning my arm and burning my arm."
tifu-test-05701,i got caught by a hot jacket and got kicked out of my teacher.
tifu-test-05702,i told my boss that i didn't know that my boss was the way and now i'm screwed up by the boss's company.
tifu-test-05703,i told a joke about a joke about a joke and i got a shitty.
tifu-test-05704,"i tried to change a wire, ended up with a wire wire on my penis"
tifu-test-05705,locked myself out of my room and locked myself out of my roommate's room.
tifu-test-05706,i got stuck in a drive with a pizza delivery delivery and got stuck in the cold snow.
tifu-test-05707,"i tried to help my glasses to help my glasses, ended up breaking my glasses and now i have to wear a new one."
tifu-test-05708,i made a naked joke about my cousin's cousin and now i have a naked eye.
tifu-test-05709,i got drunk and burned my wrist and burned my wrist.
tifu-test-05710,i'm a creepy.
tifu-test-05711,"i got bored, and i got scared by a car and got scared."
tifu-test-05712,"i tried to get a ski, ended up getting stuck in the process, and got stuck in a deep mess."
tifu-test-05713,"i left a lot of piss in the middle of the office, and left it in the middle of the middle of the night."
tifu-test-05714,i tried to choke tea and ended up choking a bottle of tea.
tifu-test-05715,"i put a crock in the kitchen, turned out the crocker was in the process, and got caught the crocker for about 4 hours."
tifu-test-05716,"i was a football football, and i yelled at him. he was a football game."
tifu-test-05717,"i tried to be a good idea to be a good idea, but it was a good idea."
tifu-test-05718,i tried to get stuck in a snow wagon and got stuck in a snowstorm.
tifu-test-05719,i was in a knee accident with my knee and i'm now stuck with a knee.
tifu-test-05720,"got drunk, drank a bj, drank a bj, drank it up, drank it up."
tifu-test-05721,i got high and told my friend i had a job that i thought was a job.
tifu-test-05722,i got caught by a school and got caught by a detention and got suspended for it.
tifu-test-05723,"i got drunk, got scared, got pissed, and got pissed."
tifu-test-05724,i got a super ass chapers and got a shitty chapers on my hands.
tifu-test-05725,i laughed at a new job and laughed at the office.
tifu-test-05726,"i ate pepper spray, got pepper spray in my eyes, and now my eyes are super fucked up."
tifu-test-05727,"went to a new school, got chased by a police, got chased by a police, got arrested by police, got arrested by police."
tifu-test-05728,"went on vacation, got cocky, had sex with my girlfriend, and my girlfriend."
tifu-test-05729,**
tifu-test-05730,"i got a new computer and scared myself, and got scared of it."
tifu-test-05731,girlfriend and i had to wash her with pepper spray in the bathroom.
tifu-test-05732,"i left a kitten in the laundry room, it got stuck in the laundry, and the kitten got stuck in the laundry."
tifu-test-05733,i broke my best friend's wedding and broke my ankle.
tifu-test-05734,"i tried to feed a mole, but it got stuck in the street and i found out it."
tifu-test-05735,"i forgot to give a free phone call to a couple of people i was supposed to get a call from the same car, and then i ended up getting the call from the next few months."
tifu-test-05736,"i cooked pork chinese chinese, burned my mouth, and now have to wait for dinner"
tifu-test-05737,"got wasted, paid for a plastic bottle, got a bill, got a bill of vomit on my head, and now i have to vomit on my head."
tifu-test-05738,"tried to play a skateboard, ended up breaking my arm"
tifu-test-05739,"i lost my phone, and it got a very expensive experience."
tifu-test-05740,i hit a baseball bat bat and hit it with a bat bat bat bat.
tifu-test-05741,i was being a badass and got a stick stuck in my own house.
tifu-test-05742,i accidentally left my gf's video and she was sleeping.
tifu-test-05743,i was a girl who asked to take a picture of a girl and a girl in the head.
tifu-test-05744,got high and passed out of my dad's dad's bong and now i'm in the middle of the camp.
tifu-test-05745,i got the wrong milk and kicked the stairs down the stairs.
tifu-test-05746,i accidentally squished my ceiling with spiders.
tifu-test-05747,"made my girlfriend a new account, she found out and now i have no idea."
tifu-test-05748,i was too drunk and had a friend who was having a crush on me. i was too drunk and i was left with a friend.
tifu-test-05749,i tried to help a honda nonda driver to impress my brakes.
tifu-test-05750,"got drunk, got wasted, got a shot with a girl, got a shot, got caught with a girl, got a shot, got a shot with her, and now i'm not sure i'm a bit of being gay."
tifu-test-05751,i tried to clean up the house and ended up with a half-year old woman and a half of the house.
tifu-test-05752,i was in the hospital and my forehead was walking through the ground of the court.
tifu-test-05753,got drunk and passed out of a water and had a hangover in the water.
tifu-test-05754,i tried to throw a huge beach in the woods and ended up getting a shitty and a half of my life.
tifu-test-05755,i got caught by my ex sister and her sister saw her a few years ago.
tifu-test-05756,"i got a bad grade, and my mom got pissed at me, and i made a horrible joke about it."
tifu-test-05757,"i threw dong into my house, and it came back to the house."
tifu-test-05758,"i got a first day playing basketball game, and got a shitty, and then lost my phone."
tifu-test-05759,"i pooped on my phone, and forgot to poop my desk, and then proceeded to poop my desk."
tifu-test-05760,"i was supposed to get a job phone, and ended up with a car phone."
tifu-test-05761,"i accidentally donated blood in the face of my arm, and then i'm too embarrassed to donate blood for a blood."
tifu-test-05762,i was in a girls's bathroom and i'm probably a girl.
tifu-test-05763,i was being a dick and my parents are still a criminal.
tifu-test-05764,"i tried to save a ram drive on my computer drive, ended up with a ram drive and ended up with a very hard drive drive."
tifu-test-05765,i was a teacher and i accidentally made fun of myself a wig of a class.
tifu-test-05766,i lost my job and my wife's tax and now i'm getting a new job.
tifu-test-05767,i ate a lot of french fries on a kid's plate.
tifu-test-05768,i was a dumbass and i accidentally showed up a girl who was working at work.
tifu-test-05769,i'm a dumbass and i'm not a dumbass.
tifu-test-05770,i accidentally made a little girl think i was a gang and then accidentally made it look like a couple of people.
tifu-test-05771,i tried to put a tire cap cap to a couple of security cap and it ended up being a couple days later.
tifu-test-05772,"i tried to poo the toilet, ended up with a plunger, and the toilet door broke the toilet, and the toilet door was flooded, and i had to poo the next day."
tifu-test-05773,i opened my window open window with my window cleaner and the window opened the window open.
tifu-test-05774,i got a polka movie for a polka movie that i thought was a polk for my mother.
tifu-test-05775,"i went to school for a week, got sick, and had to call home from school, and my dad got sick, and i called him to call him."
tifu-test-05776,"i tried to get zii, ended up with my boyfriend, and now i'm not a wii"
tifu-test-05777,i told my friend to open a banana banana banana.
tifu-test-05778,i took out in the flight and got a plane attack.
tifu-test-05779,i tried to help a nice girl get my ass stuck in the bush and ended up getting a free of trees.
tifu-test-05780,"i was reading a book about gay sex with my in law, my in law, my wife and i have a baby."
tifu-test-05781,"i tried to do yoga with my mum, ended up almost passing out of the class."
tifu-test-05782,"i went out to a local hotel and lost my bf's parents, and i'm leaving in the dark."
tifu-test-05783,i drove into a car and got my wife chewed out of me.
tifu-test-05784,i burned a bonfire fire in a burning fire and it burned my mouth.
tifu-test-05785,i got drunk and made a girl think i'm a bitch.
tifu-test-05786,"i slept with my girlfriend, we had a long idea of mine, and now i'm in the middle of the next day."
tifu-test-05787,"i got a new job, and my pants got stuck in my underwear."
tifu-test-05788,i called a voambemail call and he was actually a fake person.
tifu-test-05789,"** i thought i was doing an old woman's sex, turns out it was just an asshole."
tifu-test-05790,"i was drunk and texted my friends, and her parents are pissed."
tifu-test-05791,"i was drunk and ripped my teeth off a bunch of whiskey, and now i'm probably going to get a dentist."
tifu-test-05792,i lost my school account and now i have no new one day.
tifu-test-05793,"i tried to throw away a wank, ended up burning my nuggy and burning my nugch in my kitchen."
tifu-test-05794,i fucked up by making an entire machine and the entire machine of the machine and the entire machine was opened by the machine and i'm now a dumbass.
tifu-test-05795,i played a game with a live game and played with a bunch of friends.
tifu-test-05796,i left my sister's vibrator and i had to spend a new one night.
tifu-test-05797,i got a pencil stuck in my teacher's butt and it was a pencil full of it.
tifu-test-05798,**
tifu-test-05799,i accidentally created a website to a website that my boss is broken and i can't understand how to do it.
tifu-test-05800,i got my bus and my friend chepped out of the bus and i got a ride home.
tifu-test-05801,"i switched a website for a company's website, and it was a customer."
tifu-test-05802,"i tried to bake the oven, the oven melted down, i almost burned the oven down."
tifu-test-05803,"i put bleached in the tub, and now i have to wait for a bath in the tub."
tifu-test-05804,i'm a dumbass who i'm a cheap idiot.
tifu-test-05805,"tried to help a knife, ended up with a knife."
tifu-test-05806,i'm an idiot and i'm not a dumbass
tifu-test-05807,"i got pissed at my parents' house, and my little brother threw it out of me."
tifu-test-05808,i got a blowjob and my clic cicced on my face.
tifu-test-05809,i'm a dumbass.
tifu-test-05810,went to the cinema with a guy who had a bad idea and had to buy it to his own him.
tifu-test-05811,i told a dick to a kid that i wanted to make a joke about it.
tifu-test-05812,"got drunk, woke up with a couch, and now i'm not sleeping."
tifu-test-05813,i tried to save a new oil change of oil and ended up with a car of oil.
tifu-test-05814,i poured a cake in my face and it was the most likely alive.
tifu-test-05815,i am a dick and now i'm a fucking idiot
tifu-test-05816,i played a piano in the wrong time and now i'm a shitty.
tifu-test-05817,"i got a dick, got caught by my ipad, and my mom saw my ipadadad."
tifu-test-05818,"got drunk, slept in bed, slept in bed, got pissed, and pissed her up."
tifu-test-05819,i got drunk and bought a lot of jaffi for a drug test.
tifu-test-05820,"got fired, got fired, got fired and now i'm a liar."
tifu-test-05821,"went to the toilet, forgot to poop in the toilet, ended up shitting my grandmother's toilet seat."
tifu-test-05822,i got a shitty stuck in my hand and got my hands stuck in the process.
tifu-test-05823,"i left a hot pot in my house, it exploded and burned my house down."
tifu-test-05824,"got drunk, got really drunk, slept in the bed, got a great night, and fucked up my bed."
tifu-test-05825,"i got a date with a girl i didn't have a message about, and now i’m a girl’s new job."
tifu-test-05826,i tried to play trombone but it was too tight to be stuck in the process.
tifu-test-05827,"i got drunk, got drunk, and pissed off my girlfriend."
tifu-test-05828,i accidentally clicked a porn account and got a pretty embarrassed.
tifu-test-05829,i yelled at a hotel and got yelled at by a guy who was going to be a hate.
tifu-test-05830,i cut my head open with a knife and got a bloody nose.
tifu-test-05831,i was supposed to be a good man. i ended up eating a cake and then i didn't know what it was.
tifu-test-05832,"i was too lazy to ask my boyfriend out of work, but i was too excited to my new job."
tifu-test-05833,i took a stolen purse from a street and stole it back.
tifu-test-05834,"i got hacked by amazon, and ended up getting hacked by my mom's e-mail account."
tifu-test-05835,"went to a club with friends, got ticketed, and had to wear pants for $50.  i didn't get to wear pants.  i got back to a cab and asked him to buy tickets.  c.  i didn't get my roommate's clothes."
tifu-test-05836,i got a shitty pool and flooded it.
tifu-test-05837,i was letting a phone call to my sister's daughter and she lost the job.
tifu-test-05838,"i got drunk, went to work, and saw my dick, and had to work."
tifu-test-05839,i'm a dumbass and i'm not sure how to do.
tifu-test-05840,i tried to clean a tube of chocolatepaste and ended up with a mouthbrush
tifu-test-05841,i almost burned a bunch of smoke bombs and the cop was on fire.
tifu-test-05842,i bought a dildo and it exploded with a dildo.
tifu-test-05843,i told my grandma about the green card and my grandma was laughing at me.
tifu-test-05844,i tried to start my father's car and ended up with him getting a $500 dollar plate.
tifu-test-05845,i got a rash rash on my arm and it burned my arm.
tifu-test-05846,"i accidentally locked my phone on uber because i was out of uber, and now i can't get a new phone for it."
tifu-test-05847,"i tried to make a cheesecake with a marshmake, but it burned my kitchen."
tifu-test-05848,i told my mom i'm gonna watch a tv show up and i'm not in trouble.
tifu-test-05849,i tried to rent a house and ended up getting my entire class cancelled by my school.
tifu-test-05850,"i took a picture of a street that was a pedophile, and the police took me a picture of the street, and the police was taken by a police."
tifu-test-05851,"i got arrested for a class and got arrested by a police, and now i'm a dumbass."
tifu-test-05852,i pooped in a toilet and had to poop in public bathroom.
tifu-test-05853,i got a survey card from my university and now i have no idea what i'm going to get a new card card.
tifu-test-05854,i accidentally made a medical joke about a cancer of cancer and a doctor.
tifu-test-05855,i accidentally sent a doctor a picture of porn to a doctor that was dicked in a womppy video.
tifu-test-05856,"i hit a car and hit a car, hit a car, and got hit by a car."
tifu-test-05857,i got a wart wart in my hand and it turned out to be a wart.
tifu-test-05858,"i got a boner, got a boner, and had sex with my life, and a result of my life."
tifu-test-05859,i was bored with my own jeans and the whole class saw my clothes on the table.
tifu-test-05860,i made a fake bitch cry at my house and it got stuck in the store.
tifu-test-05861,i was a fucking idiot and broke my car with no car.
tifu-test-05862,i tried to get a coin in the gut and got a coin full of it.
tifu-test-05863,i was in the dark and i didn't have the keys. i'm not the reason.
tifu-test-05864,i told my sister i was going to get some papic hair for her niece and she’m now thinks i’m a pervert
tifu-test-05865,"went to a coffee shop, forgot to use the door, got caught in the bathroom, got caught in the smell of the smell, got caught in the smellroom, had to go to work with my gf in the morning."
tifu-test-05866,"i gave my dog flowers flowers for a while, and she's mad. i'm a dick."
tifu-test-05867,my dog jumped in my bed and i jumped on my finger.
tifu-test-05868,"i made an anth for my dad's day, and now i'm a fucking idiot."
tifu-test-05869,i tried to do a good skateboard and ended up with a big chunk.
tifu-test-05870,"went to see a movie with friend at a movie, ended up getting a ticket of a movie and a half-man guy."
tifu-test-05871,"i tried to clean a cup of tea, ended up making a mess of tea, and a half of tea."
tifu-test-05872,"i got a bug, and i got a new one of my house to fix it up."
tifu-test-05873,"i was in love with a girl i like a girl i liked, and now i have to stay home with her."
tifu-test-05874,i coughed my own class with a class full of class and now i have a terrible stomach.
tifu-test-05875,i got high and lost a pot of a pot that was too early for the first day.
tifu-test-05876,ate too much food and shit myself in my pants and then had to wait for a long hour.
tifu-test-05877,"ate too much blood, passed out, passed out, passed out, passed out, passed out, passed out, passed out on the floor, passed out, passed out, passed out, passed out, passed out, passed out, passed out, passed out, passed to bed, passed out, passed out, passed out, passed out of my stomach, passed out to be a few hours, passed to be a few hours, faint, faint, faint, faint, and passed out of pain, and passed out, passed to be a little little bit of the next was a few hours, and passed to be a few hours, and passed out, passed out of the next hour, and passed out, and passed out of the next time, and passed to be through through the next day."
tifu-test-05878,i forgot to plug my laptop and ended up shutting up the lid of my laptop.
tifu-test-05879,"i was asked to cheer a girl out of a volleyball game, but i told them i was a dumbass."
tifu-test-05880,i ate a bag of gummy bears and the baby ate it and i had to shit in my face.
tifu-test-05881,"i accidentally insulted a very bad person's name, and then proceeded to be a good person."
tifu-test-05882,i was being a little kid and i got a shitty.
tifu-test-05883,i forgot to do laundry and now i have no longer laundry.
tifu-test-05884,i got high and put a blackie in the garbage and it was full of my ear.
tifu-test-05885,i got my dog stuck in my room and my dog walked in the shower and i had to clean it up.
tifu-test-05886,"** i wrote a black out of black people in a very black language, and now i have a black professor."
tifu-test-05887,"sent a meme account to a friend, got caught by a meme account."
tifu-test-05888,i went to the moon with my telescope and now i'm too tired.
tifu-test-05889,i woke up my phone and woke up my phone and now i'm an idiot.
tifu-test-05890,i got mad at a new bus and ended up getting a new ear.
tifu-test-05891,"i tried to throw my cat out of a bag, and ended up throwing up my cat in the trash can and throw it out."
tifu-test-05892,i got a cocky and my tooth tooth stuck in the face of her mouth.
tifu-test-05893,"** i was too lazy to smoke a girl, i told her to smoke off, she got mad, i told her i was the girl i was smoking, and now i'm a little girl."
tifu-test-05894,i forgot to change my transmission and ended up ruining my parents's house.
tifu-test-05895,i accidentally called my dad a c-worker and she called me a doctor.
tifu-test-05896,i got high and put my foot in a cold of a camp and burned my leg on fire.
tifu-test-05897,i got my shower cleaned by my grandparents' bathroom and now i have to pay for the rest of my grandparents.
tifu-test-05898,i got a new soap of soap and washed it out of my eye.
tifu-test-05899,i was too naive to a girl who was having a crush on me. i ended up being too embarrassed to me.
tifu-test-05900,i left my keys in the back of my hotel and the building was locked out of my hotel.
tifu-test-05901,"i was too gay to close to my roommate, and my mother found out i was gay."
tifu-test-05902,i accidentally insulted my dad’s dad and he’m a dick. he’m now he’m a new job.
tifu-test-05903,i spilled coffee in my room and it was the next day.
tifu-test-05904,"i tried to get a rock, ended up getting a rock stuck in the middle of my friends."
tifu-test-05905,i forgot to put a black dot in my eye and it blew up.
tifu-test-05906,i got drunk and walked home to sleep.
tifu-test-05907,i accidentally put a bottle of petrol gas in my car and it exploded in my car.
tifu-test-05908,i got a tattoo tattoo on my face and it looked like a fanty.
tifu-test-05909,"i tried to clean my face with a chemical scrub cleaner, and ended up with a burning chemical burn."
tifu-test-05910,"i was dead, and my friends were dead, and i was going to mcdonalonalds."
tifu-test-05911,i got drunk and had sex with a girl i liked her and she was too drunk.
tifu-test-05912,"went to watch a new video video, saw my friend and now i'm a stalker."
tifu-test-05913,"i asked a girl out of her number to her number, she said i was texted her number."
tifu-test-05914,"i ate a chili burning in my friend's bag, he got mad and then ate it."
tifu-test-05915,i accidentally opened a tree of my daughter’s daughter and i ended up destroying her 3 year old daughter.
tifu-test-05916,i asked a girl to buy weedies. she asked her to get weed.
tifu-test-05917,i accidentally ate a bag of humbanza and i'm allergic to the wrong place.
tifu-test-05918,i'm a fucking idiot who is going to drive my car.
tifu-test-05919,i was lazy to boil my dog and i forgot to boil the house.
tifu-test-05920,"i tried to get a pizza, ended up with a locked pizza."
tifu-test-05921,i tried to show a girl i liked to do and ended up getting a shitty.
tifu-test-05922,asked my wife to get a new doctor's wife.  he asked him to die.  he told him he had a new job.
tifu-test-05923,i cut a mache with my arm and cut it in the arm.
tifu-test-05924,i called a navy for a free service and got called out of it.
tifu-test-05925,i got drunk and vomited all over my face and vomited all over my face.
tifu-test-05926,i was drunk and drunk and made a hit friend think i was drunk.
tifu-test-05927,i accidentally sent my dad a vcd and she had to pay it back to a porn.
tifu-test-05928,"i tried to do a good thing, but instead i got stuck in the rain and i got my pants stuck in the rain."
tifu-test-05929,i tried to get my car and ended up getting a shitty.
tifu-test-05930,"i got high, put gas on fire, burned my hand, and now my ankle is on fire."
tifu-test-05931,"** ate pizza, got a pizza full of the oven, and my mum had to wait for it."
tifu-test-05932,"i accidentally made a part of a dead guy's car, and i ended up being attacked by the wrong part of the girl."
tifu-test-05933,"i was a recruiter, but i was too stupid to ask the recruiter of a recruiter."
tifu-test-05934,"i accidentally clicked a girl in a link of a womish penis on my laptop, turns out it was a retarded dick."
tifu-test-05935,"got drunk, punched a taxi, got hit by a taxi driver, got hit by a taxi driver, got hit by a taxi, got hit by a taxi driver, got hit by a taxi driver, got hit by a guy, got hit, got hit by a taxi, got hit by a taxi, got hit by a taxi, got hit, got hit, got hit, and a guy in the face, got hit, and a guy in the face, and a guy in the face, and a guy, got hit by a guy called a guy, he was a guy was a guy, got hit, got hit, i was a hit, then then then then then then then then i was a hit the next date."
tifu-test-05936,"i was in a fight with my partner and my partner, i was mad at me, and i ended up getting suspended for it."
tifu-test-05937,i tried to clean up a hot chunk of blue things and ended up with a chunk of red hair.
tifu-test-05938,i hit a mosquito while riding a mosquito and hit my arm.
tifu-test-05939,"i went to the art gallery, got caught by a security guard, and now i'm probably going to get a job."
tifu-test-05940,"i was home with my teacher, i accidentally made a way home and the cops thought i was a murderer."
tifu-test-05941,"i tried to show a skid bike bike, and ended up ruining my bike."
tifu-test-05942,i got in the middle hand and the woman saw me.
tifu-test-05943,i got a shitty test and told my mom i was going to get a job test for the first time.
tifu-test-05944,i thought i was sleeping and woke up with a seizure.
tifu-test-05945,i got a cum and had to cum my cum.
tifu-test-05946,i didn't know how to do my roommate's pizza.
tifu-test-05947,"i tried to show my friend a scooter, ended up with a scooter"
tifu-test-05948,"i tried to get back in the shower, ended up getting a shitty and now i'm probably going to the hospital."
tifu-test-05949,i threw a lube of lube and it exploded in my wife's face.
tifu-test-05950,"i didn't check the job, and now i'm not sure i'm a complete idiot."
tifu-test-05951,"i tried to be a good fan, ended up cutting my thumb."
tifu-test-05952,"i got home with my sister, but my sister is living with me."
tifu-test-05953,i was in a meeting with a project and i accidentally told my boss i was going to get fired.
tifu-test-05954,"i was embarrassed to let my boss in the wrong place, and i accidentally hit her fingers."
tifu-test-05955,i washed my hands with hot peppers peppers and burned my hands.
tifu-test-05956,i went to a park and got lost in the woods.
tifu-test-05957,i accidentally opened a fire lock on fire and got locked out of the staff.
tifu-test-05958,"i tried to clean up my own shit, and ended up with a huge mess of shit."
tifu-test-05959,"i asked a girl to ask me to go with her, but she asked me to go with me, and i ended up with her."
tifu-test-05960,i was supposed to come out of a cat and ended up getting a wet mess.
tifu-test-05961,asked my friend to a friend about his dad. he died.
tifu-test-05962,i'm a dumbass.
tifu-test-05963,i accidentally spilled bacon grease all over my family kitchen and it was not the same thing.
tifu-test-05964,"i tried to break a pipe, and got a huge pipe stuck in my kitchen."
tifu-test-05965,i got stuck on a road and got stuck in a road.
tifu-test-05966,i went to the locker room and took a lock to lock myself out of my coat.
tifu-test-05967,"i tried to help a lady with my roommate, but instead i'm too excited."
tifu-test-05968,i pulled up my shabian bae's tma's tawana.
tifu-test-05969,i got a bad day of class and i shat myself in front of a girls and i have to pay for a new job.
tifu-test-05970,"i accidentally told my friend to go to the gym with my friend, who then i had a crush on it."
tifu-test-05971,i'm not a lesbian who is going to get back to my house.
tifu-test-05972,"i ate a lot of a week and got a shitty, and now i'm going to die."
tifu-test-05973,"got drunk, slept in a test and woke up with my bubble."
tifu-test-05974,i fucked up by not realizing i was going to fix my computer and broke my chair and broke my chair.
tifu-test-05975,i used a huge eye in my eye and now my gf thinks i'm a dumbass.
tifu-test-05976,"i tried to use my friend's bath, ended up with a hot water and a hot water."
tifu-test-05977,i drank a bug and it was a bug.
tifu-test-05978,"i was dating a girl for two months, i told her to date, and i told her that she was dating me, i told her that we were dating, i was dating up with two girls, and i told her that he was a girl that she was dating me."
tifu-test-05979,"i got a job job, got a job, got a job, and now i have to go to work with it."
tifu-test-05980,"met a girl at a bar, she said no, i'm a bitch."
tifu-test-05981,"i got married, and my friend and her fiance's fiance, and she got married."
tifu-test-05982,"i told my best friend i love her, she's now i'm dating with her."
tifu-test-05983,i tried to play a car with a car wash. it was a little little and i got a roppy.
tifu-test-05984,i missed my test and my teacher got a shit.
tifu-test-05985,i tried to help my aunt with a broken fountain and ended up breaking my finger.
tifu-test-05986,i fucked up by popping my tooth and broke my tooth.
tifu-test-05987,"i tried to be a pillow, but instead i was a little girl and i got a concussion on my head."
tifu-test-05988,i told my friend that i was a horrible joke about her grandma and now i feel like an asshole.
tifu-test-05989,"i got a shitty, and the bathroom was locked, and i had to shit myself in the process."
tifu-test-05990,i dropped a n-shirt in park and got my wallet stolen.
tifu-test-05991,i drank milk and shit myself in the face
tifu-test-05992,"got high, thought i was going to college, got caught, and ended up with my gf's arm."
tifu-test-05993,i tried to clean a boxster and ended up breaking a box of a box of a box of the box.
tifu-test-05994,i took a dump in my boyfriend's house and my boyfriend found out the house.
tifu-test-05995,i got a heady man who was about being a cop.
tifu-test-05996,i was watching a night and accidentally showed up to my boyfriend and i was leaving to work.
tifu-test-05997,"i cut my hair trim out of a haircut, and now i have to get a new haircut for 3 weeks."
tifu-test-05998,"i was in the hotel, i got my friends kicked out of the pool, and i had to walk around the pool of the pool of a pool."
tifu-test-05999,i ordered a poster to my girlfriend's birthday instead of my girlfriend's birthday.
tifu-test-06000,i tried to pick up a girl at a box of a girl in jizz and ended up getting a crush on the box of her box.
tifu-test-06001,"i tried to make a nice beans with a fire fire, it exploded on fire and i'm too happy to my apartment."
tifu-test-06002,i was going to a gym class and i accidentally showed my black shorts and my whole class.
tifu-test-06003,i was an idiot and my gf broke my gf in the drive.
tifu-test-06004,my friend and i played with my boy's ear while playing video games with his ear and his friend's ear.
tifu-test-06005,i tried to help my sick service and ended up sending my social security number to the wrong security.
tifu-test-06006,i ate a shitty and vomited my pants.
tifu-test-06007,i got a huge brupper and got a bloody nosebleed in my ass.
tifu-test-06008,"i bought a steam for $100,000$,000 dollars and i had to pay for it."
tifu-test-06009,i was being a badass and my gf's brother started to the hospital. i'm not sure about it.
tifu-test-06010,"i got pissy, and pissed my girlfriend's dick."
tifu-test-06011,"i tried to make a smoothness with a blender, but instead i'm a good person."
tifu-test-06012,"i was supposed to be a badass, but i decided to be able to be able to be able to submit to the college."
tifu-test-06013,"i accidentally sent a picture of a girl a friend to a date that he had a crush on me, i accidentally sent him a picture of my crush to a friend who had a crush on me."
tifu-test-06014,"i tried to book a site to sign up my e-mail account, ended up getting a huge mess of college and a half of money to get it back to the college."
tifu-test-06015,i got a job offer to a guy who was making his best friend's money for it. he told me he had a job and i’m a half-time-time on facebook.
tifu-test-06016,i told an old man that i was making an omeletletlet at a restaurant that was made an asshole. he didn't know that i was so i was going to the erletlet.
tifu-test-06017,"i went to a priest for the first time, ended up getting kicked out of my teacher and being kicked out of the priests."
tifu-test-06018,"ate poop, poop myself."
tifu-test-06019,"i tried to move out of my fiancé, and my fiancé fell and my fiancé was covered."
tifu-test-06020,i forgot to buy my girlfriend's concert tickets for 3 days and i didn't know what to do.
tifu-test-06021,i missed my final final final year of a final year and got a shit out of my professors.
tifu-test-06022,i cooked cooking and burned my apartment with smoke.
tifu-test-06023,i peed in a flat and pissed myself in my flat and had to get a shitty in my flat.
tifu-test-06024,"i went to the uk for a week, got caught by a building building, and had to go to the hospital.  i'm an idiot."
tifu-test-06025,i'm moving to move into new car and it's gone through the new car.
tifu-test-06026,"i broke my ankle, and it got a bad snow."
tifu-test-06027,"i tried to throw a tifu in a tifu, and ended up throwing a huge shit in front of the ground."
tifu-test-06028,i told my boyfriend he was going to blow his nose.
tifu-test-06029,"i was being a terrorist, got arrested by a police security, and got arrested for a week."
tifu-test-06030,"i was in a shitty, i got my butt kicked out of my pants, and i had to shit my pants."
tifu-test-06031,"i was 10,000,000 balls, and my dad got a stick of bugs."
tifu-test-06032,i yelled at a wheelchair and yelled at a wheelchair.
tifu-test-06033,i was in a company and my company fired me in the middle of the company.
tifu-test-06034,i got locked out of my husband's car and my husband and i had to pay a keys to the police.
tifu-test-06035,"i got bored, got stuck in the middle of the train, and had to stand the train to the train, farted, and farted my ass."
tifu-test-06036,i was in the er of the sun and it exploded in the er.
tifu-test-06037,"i tried to get a good score, ended up getting a shitty and now i'm probably going to get a shit."
tifu-test-06038,i got in trouble with a fake envelope and got the wrong thing out of my life.
tifu-test-06039,i was too lazy to drive my car and ended up almost causing a deer to my car.
tifu-test-06040,"i tried to make a blender, ended up with a broken finger, and a broken finger, and a broken finger."
tifu-test-06041,i got a knock at a hurling ball and knocked her nose in the face.
tifu-test-06042,i got fired and flooded a customer's job.
tifu-test-06043,"i was driving on my phone, got distracted by a red accident, and got grounded for it."
tifu-test-06044,i was looking for a long time and ended up cutting my finger.
tifu-test-06045,"i let a squirrel bear to my house, he gets caught by a squirrel."
tifu-test-06046,i tried to make a bottle of bjokia powder and it exploded in the kitchen.
tifu-test-06047,"i accidentally burned a battery in a 3dd printer's apartment with a battery, which caused me to be burned by the company."
tifu-test-06048,i put my underwear in a hot microwave and they got soaked in the microwave.
tifu-test-06049,"i stabbed a piece of a saw blade blade, and it got stabbed."
tifu-test-06050,"tried to light stove, ended up burning the stove, and burned my stove on fire."
tifu-test-06051,i got my mom's ass kicked out of my mom.
tifu-test-06052,i hit a bat at my bed and it hit my head.
tifu-test-06053,i was going to a study study and got a small drop-crepping through a tree of yellow jack jack.
tifu-test-06054,i made a baby cry and pooped on the face.
tifu-test-06055,"i tried to play my son, ended up being a booger and a booger."
tifu-test-06056,i broke my wrist and broke my wrist.
tifu-test-06057,"i asked a question about a wooden slerman, and she asked me to talk about it."
tifu-test-06058,i was a girl who was in the shower and left my shower.
tifu-test-06059,"i got high, shat myself, shat myself, and then had to shit in my pants."
tifu-test-06060,"i was lazy to get my phone, i dropped my phone down the toilet and it was lost."
tifu-test-06061,i accidentally slipped in my vagina and it was a bloody mess in my vagina.
tifu-test-06062,i drank ants and got a full swallow from ants.
tifu-test-06063,"i thought i was a quiz, got caught, and now i'm a quiz."
tifu-test-06064,"i drank too much and ate a lot of my pants, and my pants was in the process."
tifu-test-06065,i booked my ticket to the cinema and got a ticket ticket.
tifu-test-06066,i got high and burned a book in the middle of my college class.
tifu-test-06067,i sent a rapchat rap to a rapchat and got a rapchat.
tifu-test-06068,"got drunk, tried to get into a fight with my friend, got pulled out of the window, got pulled over by a cop, got arrested by police, and was arrested by police."
tifu-test-06069,"ate a bowl of cereal in the garage, it was covered in the garage and i threw up the ants out of my cat."
tifu-test-06070,"i sent my email email to my school email and my teachers email, and my teachers think i'm a dumbass."
tifu-test-06071,i forgot to take a plunger in my toilet and ended up with a small hole in my toilet.
tifu-test-06072,i got a bloody email from a friend that had a letter that had a letter to be in the office.
tifu-test-06073,i made a joke about a computer to a friend who was making fun of goat and accidentally made a joke about it.
tifu-test-06074,i tried to clean up a beer and ended up with a huge acid in my shower.
tifu-test-06075,i booked a flight for my parents and now i'm a half-in-in-in-be.
tifu-test-06076,i'm a fucking idiot and i'm pissed at my fiancé.
tifu-test-06077,"i took a bath, flooded the house, and got a shitty of water."
tifu-test-06078,"i got a boner, which was my only boner."
tifu-test-06079,"** i fucked up by telling my friend i was gay, she told her that i had a date and she told her that i was gay, we had a date with a girl and she told me it was her."
tifu-test-06080,"i got drunk, and my girlfriend found out of me, and i had sex with them."
tifu-test-06081,"i tried to make a fly flight, ended up almost a flight and a half-year-be."
tifu-test-06082,"i got my first license license, got pulled out of the cops, and got arrested for it."
tifu-test-06083,"i got high, threw up a shit, shit myself in front of the school."
tifu-test-06084,i got shot in my own room and shot my friend's gun.
tifu-test-06085,"i used a wank-wock that had no sex for my laundry, and now i have to clean my laundry in my drawer."
tifu-test-06086,my mom's mom is cheating on me and i'm a cheated on her.
tifu-test-06087,i got a new vibrator and had a new vibrator for the first time.
tifu-test-06088,"i set my apartment into an egg for an egg bomb, and the resulting exploded down the building."
tifu-test-06089,"i put a baby in the oven at my place, it turned out to be a good idea to be a good idea."
tifu-test-06090,"i got a bad shower in my class, and my hair got a huge mess in my head."
tifu-test-06091,told my girl i'm not having cancer.
tifu-test-06092,i accidentally left milk on my car and now i'm stuck in a dirty smell of milk.
tifu-test-06093,i locked my wife's door open with a lock door and now i have to wait for a lock of it.
tifu-test-06094,"got high, went to a stripper club, got caught with a girl, she thought i was a drug drug, she got caught."
tifu-test-06095,** i spilled my net juice on my desk and it was full of my desk.
tifu-test-06096,i accidentally sent a peanut butter to a peanut line and ended up ruining a bunch of peanut butter.
tifu-test-06097,i got a bloody day from a test and got a shitty.
tifu-test-06098,"went to pee, got caught by a dog, got caught by a cop, got caught by cops."
tifu-test-06099,i smashed my hand in a emergency and it was a open mess.
tifu-test-06100,"fell asleep at my gf's house, she said i had sex."
tifu-test-06101,i'm an idiot and i'm too lazy to buy a corona of vodka in a cold cold.
tifu-test-06102,mom asked me to go to the store with my mom.
tifu-test-06103,"went to a birthday party, friend got busted, i didn't get a ride home, and now i'm going to get a ride home home."
tifu-test-06104,"i got food poisoning, and my uncle thought i was going to kill me."
tifu-test-06105,i got drunk and left my wallet in a very crowded way.
tifu-test-06106,i'm an idiot and i'm not a dumbass.
tifu-test-06107,i pissed myself in the morning and pissed all over my bed.
tifu-test-06108,i left my husband's keys in a parking lotbox and left the other car.
tifu-test-06109,i took a dose of caffeine pills and got a bad dose of caffeine.
tifu-test-06110,i'm a kid who is a kid who has no longer than the kids.
tifu-test-06111,i farted my first date with a girl i had a date with a girl i didn't know how to do.
tifu-test-06112,i told a joke about a new employee that i thought was a joke and said that he was talking to me.
tifu-test-06113,"i thought i was a new samper, but instead i'm a teenager."
tifu-test-06114,"i bought a really bad thing to a doctor, and he got a shitty infection that caused me to my vet."
tifu-test-06115,i was supposed to be a letter and my girlfriend's mother found out of her. i'm a letter.
tifu-test-06116,"i got really drunk, and i had to go to a hospital to get my dad's roommate's house, and i ended up being kicked out of the house."
tifu-test-06117,i accidentally deleted a post to a new subredditdit.
tifu-test-06118,i shit myself in a stall and i got caught with a shitty shit on the stall.
tifu-test-06119,"i left my car keys in the morning, and i left it to get it back."
tifu-test-06120,i went to a restaurant and got a black chicken chicken chicken.
tifu-test-06121,"i hate my nails, and i'm a female."
tifu-test-06122,"my grandpa thought i was a hot man, but he was a gay man."
tifu-test-06123,i got a free-sized finger and got stuck in a basket with a finger and got stuck in the middle of my finger.
tifu-test-06124,i was sitting in a doctor's office and i was too embarrassed to find a doctor to find her a doctor.
tifu-test-06125,i was a bad tree and it fell on my head.
tifu-test-06126,"i bought fruit flies in amazon, and now i'm a moron idiot."
tifu-test-06127,"i jumped on a playground, broke my head and got a concussion."
tifu-test-06128,"i left a bug in the hia's bed, it was a bit of bugs, and i spent a night with a girl i had to pay for it."
tifu-test-06129,"went to a girl's house, she went to the erdartment, i was too drunk, and i ended up getting to eat the dinner."
tifu-test-06130,"i fell off a train and got a concrained on the street, and got a concrained on the stairs."
tifu-test-06131,i laughed at a table and got a very nice person.
tifu-test-06132,i accidentally sent two guys a d-o hack to a hotel hotel.
tifu-test-06133,i was being a lazy and my brother was playing a video of a glass and i was really a genius.
tifu-test-06134,"mom found my porn, i accidentally sent it to my mom, and now she's pissed."
tifu-test-06135,"played with friends, got banned from a game, got banned from the board."
tifu-test-06136,i tried to call a server and ended up with a server and a server.
tifu-test-06137,i accidentally left a pot of my college in a parking lot of a police car.
tifu-test-06138,"i sent my girlfriend a screenshot of a girl i like her father, she was probably going to talk to me about it."
tifu-test-06139,tried to help a boy by telling him to help him get his hand off.  he was crying for help.
tifu-test-06140,"i tried to poop a poop, ended up with a huge poopy."
tifu-test-06141,i shit myself and shit myself.
tifu-test-06142,i got a date party and now i'm pretty embarrassed to be a horrible and i'm not sure i'm going to be able to be a party.
tifu-test-06143,i was invited to a raft and ended up with a sailing boat and a raft of a raft.
tifu-test-06144,i got a guy and i'm not sure what i'm going to be.
tifu-test-06145,** i dropped a weight in a weight and dropped my weight on the ground.
tifu-test-06146,"i was at a nice girl's tiner, i was nervous and i was really offended."
tifu-test-06147,"i told a hot friend that he was gay, i said ""hey"" and now i'm gay."
tifu-test-06148,i fell on a wanking break and fell on my shoulder and broke my shoulder.
tifu-test-06149,i wore a dress for the first time and it's probably going to wear a dress.
tifu-test-06150,"i tried to get my friend's attention, he accidentally flashed me and i'm a dick."
tifu-test-06151,"i got a phone stuck in my mouth and my phone fell in the bed, my mouth fell in and my mouth, and my lip open in the face."
tifu-test-06152,i'm an idiot who doesn't know how to put my earphones in a week.
tifu-test-06153,i got high and pissed off by a wedding because i'm not a dumbass.
tifu-test-06154,"girlfriend and i had sex with my girlfriendfriends underwear, i had to wash her underwear and now i have to wash her underwear."
tifu-test-06155,"i got burnt, put water in the microwave, and got caught in the microwave for 2 hours."
tifu-test-06156,"i took a shit, forgot to take a shit, and ended up smelling myself in the process."
tifu-test-06157,"i got naked, and my dad got naked."
tifu-test-06158,"i sat on a choir in a choir, broke my backpack, and now i have to pay for a presentation."
tifu-test-06159,i fell asleep and fell asleep in my room and my room was open.
tifu-test-06160,"i cooked eggs in my eye, it exploded in the microwave, and it exploded."
tifu-test-06161,i was high and told a girl that i had no clue to eat.
tifu-test-06162,i was too fat to a date and ended up almost a half-year old man.
tifu-test-06163,i told my colleague i was in the middle of a music room for a year.
tifu-test-06164,"i was in a shitty, my friend and i got a shitty."
tifu-test-06165,"i left my mom's car keys in the city, and i had to wait for a long hour."
tifu-test-06166,i tried to fight my girlfriend in the morning and now i'm a man.
tifu-test-06167,"got drunk, drank too much, threw up in a shot, vomited all over my bed, and had to go to the ermas next day."
tifu-test-06168,"got drunk, pissed in a friend's roommate, and now i'm probably in a bad mood."
tifu-test-06169,"i got high, broke my knee, and my mom is pissed."
tifu-test-06170,i was in the middle of the night and my mom walked in on the middle of the night.
tifu-test-06171,"i tried to throw a football alarm at school, ended up getting a shitstorm and a half of school."
tifu-test-06172,i asked a guy to take a picture of his family and he's now in reality
tifu-test-06173,i lit a lighter bottle in a bottle of a bottle of a bottle of hot water in it.
tifu-test-06174,i was a fucking idiot and i broke my motorcycle on the road.
tifu-test-06175,i was supposed to help my wife to pick up the garage.  i thought i was a per christmas.  i'm an idiot.
tifu-test-06176,i sent a guy a text about a guy who was dying. he's now hates me.
tifu-test-06177,i asked my friend to go on a university class with a joke and a joke.
tifu-test-06178,i'm a fucking idiot.
tifu-test-06179,"i got fired, got fired, got fired, and now i'm a new one day of work."
tifu-test-06180,"ate bananas, got sick, ate bananas, got sick, and now i'm going to sleep."
tifu-test-06181,i borrowed my dad's bag bag bag and now i have to spend a bag bag bag bag.
tifu-test-06182,i fucked up by not realizing that i was going to meet a girl i had a drink with.
tifu-test-06183,"i got a dentist, and i didn't see the dentist i was supposed to go to the dentist's office."
tifu-test-06184,"i got drunk, broke my hand, got a second degree of the first day, and got a bloody stomach."
tifu-test-06185,"i was a job interview and my brother was the same time of the phone, i laughed at the same time, and i laughed at him."
tifu-test-06186,i ate a night late night and made my gf think i'm a nightmare.
tifu-test-06187,i thought i was a complete idiot and accidentally made myself feel like a moron.
tifu-test-06188,i got caught by my school and now i'm a liar.
tifu-test-06189,"jerked on the air, and landed a giant fart."
tifu-test-06190,"i was going to skate skating with my girlfriend, and i ended up with a skink and a half-year-year old skater."
tifu-test-06191,"got a new bag of Border, pulled over the wrong way, got pulled over by a bag, and had to pay the bag because i was a fine bag."
tifu-test-06192,i got drunk and got drunk and got a great friend's husband's husband's husband.
tifu-test-06193,"i was too lazy to do a stupid drone, and i broke my brother's drone."
tifu-test-06194,i made my teacher cry and my class think i'm a dumbass
tifu-test-06195,"i tried to help a gopro truck to the gopro truck, ended up breaking it up the fumper and ruining it."
tifu-test-06196,"got high, got sick, passed out, passed out, and was caught in a fire."
tifu-test-06197,i cleaned my dad's computer and now i have a lot of porn.
tifu-test-06198,"i got frostbite, and got frostbite."
tifu-test-06199,"i went to a college and walked into a dorm with two hours later, and i had to walk to the dorm to get my dorm to get my dorm to the dorm."
tifu-test-06200,i used a bidetet and a bidetetet.
tifu-test-06201,i was gay and told a guy that i was gay.
tifu-test-06202,"i drank too much and peed on my girlfriend's bedstandstandstand, and now i can't sleep."
tifu-test-06203,"i was too lazy to go home, and i ended up with my mom and my mom."
tifu-test-06204,"i dropped a dime, dropped a dong, and dropped my shit in the toilet, and had to have to get it out of the toilet."
tifu-test-06205,i was asked to get a hitler to a school about a school and ended up getting a hiddler.
tifu-test-06206,i wrote my teacher an essay about a history of my history history.
tifu-test-06207,"went to a bar with friends, got drunk, got drunk, got kicked out of them, and got kicked out of them."
tifu-test-06208,i posted an all of super44 and found out that the fact that all the people are an asshole and that this is an idiot.
tifu-test-06209,"i was a fucking idiot and scared her mother, and i ended up being a murder of bees."
tifu-test-06210,i tried to clean up with my mother and ended up with a gas bomb.
tifu-test-06211,i accidentally played a violin and got a good time of a violinist
tifu-test-06212,"went to a concert, got myself locked out of the night, made a dumbass of my friends and ended up with a friend of a bunch of my rear."
tifu-test-06213,"i tried to help my cat food to get food, instead we got food poisoning."
tifu-test-06214,"i was thirsty, i was too lazy to get a bath, and i was too embarrassed to my penis."
tifu-test-06215,"i got drunk at my boss for being the first time, and now i have a hangover."
tifu-test-06216,i got my boyfriend's boyfriend and now i'm a pervert.
tifu-test-06217,"i was in a girl's face with a girl, and i didn't notice it was because of my first date."
tifu-test-06218,"i met a girl i like a girl, she was too interested in love and i was too interested to be a man."
tifu-test-06219,i was a little girl's comic.
tifu-test-06220,"i got caught, paid for paycheck, paid $200 from work,000 for a paycheckcheck, paycheck."
tifu-test-06221,i tried to make a dodeod and ended up with a dode that i thought was a dode.
tifu-test-06222,"my dad's dad is taking pictures of his dad's phone, i accidentally left him in a file with his dad."
tifu-test-06223,i was an idiot and i got high on my hand.
tifu-test-06224,"i was too lazy to mow, and i was too lazy to mow my new shoes."
tifu-test-06225,"went to a beach, got stungfish, went to the er, had to go to hospital, got stung by a jelly."
tifu-test-06226,"got drunk, locked myself out of my room, and my roommate walked in on the hallway."
tifu-test-06227,i cut my balls on my balls and it got a free razor blade.
tifu-test-06228,i got a pepper pepper and used my hands to wash my dick
tifu-test-06229,"i told my teacher that i was doing a lot of days in order to a volcano, and now i have to stay two weeks of days in the other one."
tifu-test-06230,"i tried to play a game, but instead i had to shit myself and my bathroom."
tifu-test-06231,i was a prostitute girl and told the girl i was a prostitute girl.
tifu-test-06232,i went to the toilet and my dad got caught in the toilet and i had to sit in the toilet.
tifu-test-06233,i sent a guy a cheese to a guy who had sent it back to the wrong person.
tifu-test-06234,i dropped acid acid in a phone and it blew it up.
tifu-test-06235,"i tried to move the house to get a new car, and ended up getting a shitty busted by a broken cat."
tifu-test-06236,"i ate a piece of my cat that had a horrible dream, and it turned out to be a piece of my cat."
tifu-test-06237,"i used rubbing alcohol in rubbing alcohol, which was actually a little bottle of rubbing alcohol."
tifu-test-06238,"i got pepper spray on my hand, and it was actually a little bit of my mouth."
tifu-test-06239,i tried to ride a scooter and got it stolen.
tifu-test-06240,"i tried to help a girl out of a girl, but instead i was too drunk and i tried to help her."
tifu-test-06241,"i ate pancakes, and it was the most hot."
tifu-test-06242,"i kicked a ball in my kneecap, and it broke my kneecap."
tifu-test-06243,"i tried to talk to my friend about a girl, but instead i'm a pervert."
tifu-test-06244,"i got a dirty ass, tried to be funny, ended up getting a dirty ass and got caught by my boss."
tifu-test-06245,"i went to mcdonalds, hit a girl, and she got really bad."
tifu-test-06246,i ate a chilliilla sauce and burned my mouth.
tifu-test-06247,"i tried to get my laptop out of a plane, ended up getting stuck in a tray and a half of work."
tifu-test-06248,i got my first night to a bar and a girl i met on me.
tifu-test-06249,i got a shitty and made a shitty.
tifu-test-06250,i got my dick stuck in my dick and my dick got a boner.
tifu-test-06251,"ate a hot dog, got a blowjob, ate a hotass, and shit myself."
tifu-test-06252,i was too busy to wait for my phone and accidentally showed her a picture of my hand to the ground.
tifu-test-06253,"i got into a car accident, got a shitty, and my girlfriend and i'm now in trouble with it."
tifu-test-06254,i was being a bigass and jumped out of a forest.
tifu-test-06255,i listened to my boss about work and now he's fucked up with me.
tifu-test-06256,"i got a date with a girl, she got a date, and i accidentally made it look like a girl, and i'm pretty sure i'm a dumbass."
tifu-test-06257,i was a fucking idiot and my cousin and i got my first day in the process.
tifu-test-06258,"i tried to make my little girl's hands, but she got hot and i didn't know how to wipe my hands up.  she got hot and i'm a virgin."
tifu-test-06259,i burned my hand with a torch light and burned my finger.
tifu-test-06260,"i asked a girl to give me a look at my class, she turns out to be my best friend."
tifu-test-06261,"i tried to kill a turkey, ended up with a turkey wire."
tifu-test-06262,i had a sunburn and i burned my skin.
tifu-test-06263,"i have a new gf, i'm not sure how to be a guy."
tifu-test-06264,"i told a black white white black black father was black and said ""white"" and said ""white"" black people in front of my black father and now i'm a racist racist."
tifu-test-06265,**
tifu-test-06266,"i tried to be a good idea of a maggots, ended up with a mag and a dead student in my school."
tifu-test-06267,"i watched the first season of my mom's life, and now i'm a fan."
tifu-test-06268,i got high and flooded my hall with a water paper.
tifu-test-06269,i'm an idiot who doesn't have water.
tifu-test-06270,i was a dick and told my friends that i had a dick off the movie i had never seen.
tifu-test-06271,i got drunk and pooped on my bed floor.
tifu-test-06272,"i tried to jump a hillboard, fell off a hill, fell off a hill, fell off the side, and got a concussion."
tifu-test-06273,"i got a diarrhea, and my daughter got a diarrhea, and i got a baby."
tifu-test-06274,i accidentally hit a wall in my eye and got a headache.
tifu-test-06275,i tried to save a nice car and ended up spending 3 hours of sleep and a half of shitty.
tifu-test-06276,"i accidentally gave my cousin a drug to a sleeping so i thought it was a drug, and he got a free dose of money."
tifu-test-06277,"i got too high and didn't get to the hospital, and i got a bloody mess."
tifu-test-06278,i was being hanging up with my finger and it fell off. i was supposed to be a giant mess and i lost my finger.
tifu-test-06279,i'm not a lazy as a cold as a cold as i thought i was in my nose.
tifu-test-06280,i threw a bottle of soap in my girlfriend's face and it was a woman who used to help me with it.
tifu-test-06281,i'm a fucking idiot and my mom is out of my bank account.
tifu-test-06282,i left shoes and got a very hot shoes.
tifu-test-06283,"i tried to sit in a school with a violin case, ended up getting a face in the face."
tifu-test-06284,"i got a tattoo tattoo, passed out of my own grandfather's tattoo, and now i have to get a new job to get a new one day."
tifu-test-06285,"i went to the washroom, saw my girlfriends naked naked, and now i have to walk in on the washroom."
tifu-test-06286,i got a sticker stuck on my birthday and it got a sticker covered in my face.
tifu-test-06287,"i slept in a room with a kid i didn't want to sleep, and i ended up being kicked in the room with a kid i'm sleeping in the room."
tifu-test-06288,"ate a bag of ants in my pantry, got a bag full of ants, ate it, and ate a bag of ants."
tifu-test-06289,i'm sick and my coworkers have a cold day.
tifu-test-06290,"i found a camper for a couple years ago, and found out she was there."
tifu-test-06291,threw a water ball at a water ball and hit her nose.
tifu-test-06292,i made a mess of my sister's sister and i forgot about it.
tifu-test-06293,"i tried to bake a fire in the middle of the fire, which was too hot toaster the fire, which was the fire was open, i was late for a week."
tifu-test-06294,i left a car in australka and it crashed down the house.
tifu-test-06295,"i met a friend a friend at a bar that he was a friend, he was actually a friend, and i got a boyfriend to introduce him a guy i was trying to introduce him."
tifu-test-06296,i am a racist idiot who is a racist person who is a racist person.
tifu-test-06297,"sent a girl a letter card that was a gift for her, she found it and now i have to wait for a month."
tifu-test-06298,"i got a doctor's dick, and then proceeded to shit my own body."
tifu-test-06299,i opened a register in the register and ended up with a bunch of work.
tifu-test-06300,"i asked a customer to discuss the owner of a business meeting, but the owner was not interested to be involved."
tifu-test-06301,i was trying to start a game and forgot to close the door open.
tifu-test-06302,i got a bad fiddy fiance and he told me to call him a movie.
tifu-test-06303,i got a bad idea from lightningstorm and it fell off. i'm now a dumbass.
tifu-test-06304,"i tried to take a bath with my dad, ended up with a bathty and a half of my glasses."
tifu-test-06305,i went to get ice cream and got ice cream all over my parents.
tifu-test-06306,"got drunk, punched my girlfriend's face, then got kicked out of the house."
tifu-test-06307,i thought was a bad idea was a bad idea and was so i was in the middle of the night.
tifu-test-06308,"i was supposed to drink milk for a week, but i told my mom about it."
tifu-test-06309,i forgot to read a book case and ended up being a fucking deal.
tifu-test-06310,i ate a fat fat and threw up my pants.
tifu-test-06311,"went to play with my cousin, got stuck in the middle of a small area."
tifu-test-06312,i got a new erection on my dorm and it got a very uncomfortable experience.
tifu-test-06313,i got drunk and told my girlfriend i was going to jail and she ended up getting arrested.
tifu-test-06314,i made a joke about my roommate and my roommate's cousin is in a shitty party.
tifu-test-06315,"i found a girl on tinder, she found out she was looking for a girl who was looking for me, i was not a creep, but i was not sure if she was trying to find out she was a creeper."
tifu-test-06316,"i got a dildo on my hand, it was a baby, and i got a baby."
tifu-test-06317,i fucked up by not knowing how to be a dildo.
tifu-test-06318,used a brazilian wax and got a chemical burn off.
tifu-test-06319,i got a noseblebleed from my nose and it got a nose full of my nose and a result of my nose.
tifu-test-06320,"got drunk, tried to impress a friend, ended up with a bottle of whiskey and a bottle of whiskey."
tifu-test-06321,"i dropped my ipod from a university, and now i have no money to return it."
tifu-test-06322,i was sleeping in bed and i lost my life.
tifu-test-06323,i fucked up by calling my gf a name and now i'm fucked up by not knowing how to be.
tifu-test-06324,"i tried to talk to my girlfriend about being a new girl, she ended up being in love with me."
tifu-test-06325,i punched my ear in the face with a girl in the face and now i'm probably going to wake up.
tifu-test-06326,i got caught for 2 hours late at work and now i'm fucked up by a full hour.
tifu-test-06327,i tried to win a basketball game and ended up getting a shit
tifu-test-06328,"i tried to get coffee, but i was too nervous to go to the hospital."
tifu-test-06329,"i got a crush scout, and i got a huge dump in my box."
tifu-test-06330,i was a new car accident and i didn't realize it was a new car.
tifu-test-06331,i tried to get my daughter's hand in the bathroom and ended up with a broken hand in her vagina.
tifu-test-06332,i got a late class with a class and now i have a terrible grade.
tifu-test-06333,"i tried to help my grandfather to open up and he ended up with me getting my cell phone number, and he got robbed."
tifu-test-06334,"i tried to clean my dog's dog, instead i had to clean up the sink and shit all over my kitchen."
tifu-test-06335,"went on a ride, lost my phone, and got my phone stuck in the middle of the night."
tifu-test-06336,"i tried to feed my cat by setting a fire in the microwave, and the microwave went to the microwave and the microwave was on fire."
tifu-test-06337,i forgot to eat soup and ended up being chased by my teacher.
tifu-test-06338,i threw a roll of a roll of a rolling tape and the supervisor was on me.
tifu-test-06339,"i was having sex with my girlfriend, and i ended up being having sex with her."
tifu-test-06340,i woke up the couch and the tv was on the couch.
tifu-test-06341,i tried to get an acne scrub on my face and ended up with a white nose scrub that i had a skin scrub on my face.
tifu-test-06342,"got drunk, got drunk, went to a hotel, got caught, got caught in the middle of the night, got caught with a half dollar bill, and got a half of my apartment bill."
tifu-test-06343,"i got drunk, missed my first day, and missed a bus, and missed my bus."
tifu-test-06344,"sent a picture of my boss a picture of my boss, forgot about it, sent it to my boss, got it out of my boss, and now i have to send a picture of my life."
tifu-test-06345,i was trying to get a lunch and ended up getting sent to the office and my teacher and i'm not sure i was going to get the office.
tifu-test-06346,"told my classmates he was looking at a bully, i said ""dont him"" and he didn't know what it was my classmates."
tifu-test-06347,i was gay and i told a gay woman i had a gay sex with a baby and a baby.
tifu-test-06348,"i was invited a friend's mom to cut her up, she was not happy about it."
tifu-test-06349,i was fired at a tower and now my kid thinks i'm a dick.
tifu-test-06350,"i found out a girl that i was going to have a crush on her college, and she found out she was supposed to get a new one."
tifu-test-06351,"i accidentally watched the world last night of australia, it was not that day."
tifu-test-06352,i sent my friend a friend a friend who was having a rape friend. he didn't know how to do it.
tifu-test-06353,"i tried to clean my ps4, ended up with a $4 dollar supply of my life"
tifu-test-06354,i farted my friend's car and now i have to drive home with a fart.
tifu-test-06355,i went to a romantic song and ended up making a weird joke.
tifu-test-06356,"i told my gf i was going to the mall with my gf and her gf's gf's mom, i told her i was a dick and she told her i was going to get some more than a break."
tifu-test-06357,"i was dead, got a dead phone, and was waiting for a car to help."
tifu-test-06358,i'm an idiot who is going to buy tickets for the 7th of December.
tifu-test-06359,i accidentally called a pint of people in the middle of the restaurant.
tifu-test-06360,"i got drunk, got drunk, got a date, and got a bloody car."
tifu-test-06361,"i asked a customer to buy a baz, but i ended up smoking my boss."
tifu-test-06362,"i booked a flight that i spent $5,000 on a year ago, and i spent the entire flight because i didn't check the entire flight."
tifu-test-06363,"i tried to help a dog out of a fight, ended up with a broken hand."
tifu-test-06364,i tried to hold my back and ended up falling on the shower.
tifu-test-06365,went to a fruss house with a friend and a guy who was there.
tifu-test-06366,"went to a wedding, got robbed by a wedding, got robbed by a car, and got stuck in the rain."
tifu-test-06367,i fell over a hill and landed a big dragon.
tifu-test-06368,"i spent a night in a hostel so i didn’t want to spend it, got a night late and had to spend a night with a new one night."
tifu-test-06369,i lost a bracelet for my birthday present and lost my day.
tifu-test-06370,"i met a girl i like, she was gay, i got fucked, and now i'm going to fuck her up."
tifu-test-06371,i got a bottle of hot sauce and the cap was actually hot.
tifu-test-06372,"i told my husband that i was going to get a boyfriend, he was actually a bit of myself."
tifu-test-06373,i accidentally switched porn music on my phone and it was a woman's worth of porn music.
tifu-test-06374,"i went to a toilet, got shitty, shit all over the floor, and had to clean up the stall."
tifu-test-06375,i found out my porn on reddit and now i have to look at my porn
tifu-test-06376,i was doing a job and forgot to work on an online event that i was doing.
tifu-test-06377,i told a client that her client was working on me.
tifu-test-06378,"went to play football, fell down, broke my thumb and now my thumb is still a scar."
tifu-test-06379,"left a wait in a restaurant for lunch, left it in the restaurant, left it in the restaurant, got fined for it."
tifu-test-06380,"i told my so i love her to be cute, she said i was going to see her, i'm an idiot."
tifu-test-06381,i was home alone on a football trip. i came to the hospital and i was alone alone alone.
tifu-test-06382,"i got a tattoo, and my friend got a tattoo, and i had to go to work with a friend."
tifu-test-06383,i was playing a game with a bunch of grass and it got a bit of water and i had to swallow it out of my mouth.
tifu-test-06384,i got a new earache from a friend who had a seizure on my ear.
tifu-test-06385,i bought some crack in my apartment and left it in the process with a crack pipe.
tifu-test-06386,"i got sick, threw up all over my eyes and vomited all over my floor."
tifu-test-06387,i'm an idiot who is cooking in the oven.
tifu-test-06388,"i got a job, and now i'm a dick."
tifu-test-06389,"got drunk, got drunk, got a little bruised, and a result of my friends."
tifu-test-06390,"i accidentally posted a babysitteritter on my phone and my phone number, and now i have a baby."
tifu-test-06391,"i got fired, and told my boss i was going to work. i got fired."
tifu-test-06392,i told my girlfriend i was gay and i told her about it.  i told her it was ok and she told her it was ok.
tifu-test-06393,"i got fired by a new girl, she told me to be a pussy chick."
tifu-test-06394,"got drunk, woke up, woke up, got a huge mess, and had to go to work with my parents."
tifu-test-06395,sent a snapchat to a snapchat story to a girl who was posting to her snapchat.
tifu-test-06396,"went to get my ipad to the wrong place, ended up getting suspended by a new ipad"
tifu-test-06397,i was being a badass and stabbed my friend in the face with a metal knife open.
tifu-test-06398,i accidentally stole my neighbor's yard and now i'm stuck in my yard.
tifu-test-06399,"i thought i was taking a test, it was actually a loud noise."
tifu-test-06400,i downloaded a porn that was a lawyer and now i'm banned from the local country's porn.
tifu-test-06401,"ate a hot pepper, got itchina, got the worst thing, had to die it, had to die, and was the worst experience of the worstest of the worstest of the worstest of the worstest."
tifu-test-06402,i got a boner and had to walk around my dick.
tifu-test-06403,i tried to help my ex girlfriend and ended up getting kicked by a wall.
tifu-test-06404,"i tried to make a soda syrup, ended up making a shitty mess."
tifu-test-06405,"i made pancakes pancakes, and it made it worse."
tifu-test-06406,"i got lost, and then drove to the gas station to a family that was about to be saved."
tifu-test-06407,i told my girlfriend i had a fat piggy on her phone and she told her it was a fat piggy.
tifu-test-06408,"went to sleep, saw reddit, got caught, slept on reddit, woke up my bed, woke up with a black eye."
tifu-test-06409,"i let my roommate use the dog out of school, he freaked out and yelled at him."
tifu-test-06410,"i drove off a curb, got hit by a car, and got a car stuck on the curb."
tifu-test-06411,i tried to help my friend with hydrochlorate and ended up getting a fight from a hospital.
tifu-test-06412,i got stuck in a class and got stuck in a hot pocket.
tifu-test-06413,i ran into a squirrel and broke my wrist.
tifu-test-06414,"i accidentally punched a book in the cat, and i punched it in the face."
tifu-test-06415,"i drank too much and threw up my coworkers, and then threw up in a restaurant, and had to go home to work with my coworkers."
tifu-test-06416,"left key alarm in the car, left the car alarm, got caught by a parking lot of the car."
tifu-test-06417,i made my girlfriend cry about her dead mother and she was going to kill her.
tifu-test-06418,i was shooting down with water in the park and i was bleeding with a gashons.
tifu-test-06419,"got my screen screen, and now i have a dick on my computer."
tifu-test-06420,"i was living with my dog, she was scared, i was scared of a cage."
tifu-test-06421,i left my thumb in my hand while i was too drunk and it turned out to be a rotty pot full of my thumb.
tifu-test-06422,i tried to make a good house with a broke and ended up smashing the door door.
tifu-test-06423,i tried to prank my school by locking up a bunch of a school computer and ended up getting fired by a teacher and a teacher who was in trouble.
tifu-test-06424,i told my friend i was a cree-c-coking cokes.
tifu-test-06425,i accidentally made a joke about a chemical and it exploded in my lab.
tifu-test-06426,i got my co-worker's fiancecé.
tifu-test-06427,i was a creepy girl who moved to my girlfriend and she was mad at it.
tifu-test-06428,i sprayed a bunch of feces on my face.
tifu-test-06429,i fucked up by showing a picture of people to a presentation that was over $400.
tifu-test-06430,i was too naive to a girl who was texting me and i told her to talk to her about it.
tifu-test-06431,"i met a girl that i liked her, and ended up dating a lot of gay people."
tifu-test-06432,i accidentally created a piece of a snigs and it exploded in the face.
tifu-test-06433,"i got a new day off with my sister, and my dog ate it, and i got a wet mess on my dick."
tifu-test-06434,i called a boss a co-worker and got fired.
tifu-test-06435,i didn't scan the room and let everyone know that my project manager is a dick (including him)
tifu-test-06436,i got burned by a chemically and then proceeded to get my hair burn.
tifu-test-06437,i was deaf and my ear is deaf.
tifu-test-06438,i fell in a track and fell on a track of my friends in front of the track.
tifu-test-06439,i fucked up by telling my girlfriend i liked her and now she's going to see me.
tifu-test-06440,i'm a fucking idiot and my fta thinks i'm a dumbass.
tifu-test-06441,i took a shit out of my laptop and my friends got a shitty.
tifu-test-06442,"locked myself out of my apartment, locked myself out of my apartment, and now i'm locked out of my apartment."
tifu-test-06443,i accidentally sent a baby a picture of my roommate to a house that was a pedf and a half-burmit.
tifu-test-06444,"i tried to save a coke to a cokeer, ended up making a stupid mess of coke."
tifu-test-06445,i tried to fix a small pipe and ended up with a huge pipe and a turd.
tifu-test-06446,i was being a dumbass and a guy who had a breakup.  i'm a pedo.
tifu-test-06447,"i was being a school in high school, and i told them about it. i was arrested, and now i'm going to kill my school."
tifu-test-06448,"got a smoothie, got a smoothie, tried to get a strawberryie, got a strawberryberry in my lap and got a glassberry."
tifu-test-06449,i tried to run the drain with the brush and it fell off.
tifu-test-06450,i fucked up by applying a new visa visa visa and now i have to look for a new one 2 months to find out my visa visa.
tifu-test-06451,i accidentally drank some salsaens and got sent to a free joke.
tifu-test-06452,i was looking at a thrift store and made a weird joke about being a creepy man who thought i was being a pedish.
tifu-test-06453,"i got too high and peed in the trash, and had to pee in the trash."
tifu-test-06454,"i got high and had a girl i had a crush on me, and i had to call it to my dad and i had to call it to my mom that i had a second time to get it out of my dad."
tifu-test-06455,i was a fat woman and i was probably a fat woman.
tifu-test-06456,i tried to help a coffee but instead i'm a woman.
tifu-test-06457,"went to the island with a friend, got a sworked, got storked by a sea."
tifu-test-06458,"cat got stuck in my pocket, i found out he was a scratching and i had to get him out."
tifu-test-06459,"walked into a storm drain, got a scar on my leg."
tifu-test-06460,"i tried to kill my gf's job, ended up getting fired by a business, and now i'm going to be fired."
tifu-test-06461,i was supposed to get my phone back and i got my phone back.
tifu-test-06462,"** i was trying to show a project about how to make a project about the school project, ended up making a very important project and a half of myself in the university."
tifu-test-06463,"i sent a flower to a flower flower, and now i'm probably a dumbass"
tifu-test-06464,"i fucked up by telling my mom i was in love with my best friend, and now i'm fucked up by my cousin."
tifu-test-06465,i tried to scare myself and ended up with a broken ass
tifu-test-06466,i didn't scan the room and let everyone know that my project manager is a dick (including him)
tifu-test-06467,"i ate a bunch of mushrooms, got high, and had to go to the hospital to eat some of my friends's friends's friends, and my friends found out i had a shitty."
tifu-test-06468,"i burned my egg, burned my mouth, and burned it up."
tifu-test-06469,"i got a new ipo video with my mom, and it was a woman who had a new one of it."
tifu-test-06470,i accidentally painted a black master black master and got a shitty race.
tifu-test-06471,"my friend and i made a mess of acid in a school bathroom. we made a mess of chlorine gas, and we made us throw up the bathroom. we both think we were going to die."
tifu-test-06472,i was at a chromecast and my mom saw my screen and i was at home.
tifu-test-06473,i made a cake cake and got a cake full of cats.
tifu-test-06474,"i farted my so hard, and now i'm probably going to have a bad day."
tifu-test-06475,i broke a giant spider and broke my dad's glass.
tifu-test-06476,i called my girlfriend's mother's parents and now i'm not a dick.
tifu-test-06477,sent a casual email to a friend who sent a casual email to a casual and the whole school.
tifu-test-06478,i called my mom a birthday and called her mom a douche and she thought i was going to be my mother.
tifu-test-06479,"i tried to get a phone call from a guy who didn't have a phone number, and now i'm getting a shitty."
tifu-test-06480,i got a boat and a half hour of a 3 hour trip to school.
tifu-test-06481,i was a cockroach and i was scared by a cockroach.
tifu-test-06482,i got sick and had a nasty infection and got a nasty meds bill.
tifu-test-06483,"i didn't know how to do my engagement ring ring, and i lost my engagement ring and the wedding ring."
tifu-test-06484,i left my table at the dining room and the table was empty.
tifu-test-06485,"i tried to help my wife with rubbing alcohol alcohol, and ended up with rubbing alcohol."
tifu-test-06486,"i let my roommate stay home for a month, and now i have to spend time with a 3 dogs dog because of us."
tifu-test-06487,i accidentally sold a brand of tropicy sweat because i thought was a good idea.
tifu-test-06488,"i was looking for my neighbor's work, and now i'm a creepy spider."
tifu-test-06489,"tried to get a dick, ended up sticking my dick."
tifu-test-06490,i cut myself with a knife in my hand and it was actually a good idea to be a good idea.
tifu-test-06491,**  i'm a dumbass who is a dumbass.
tifu-test-06492,i was reading a kindergarten for a kindergarten and ended up being a very awkward and a half-year-year-year-old girl.
tifu-test-06493,"i was having a good friend, but i didn't have sex with my boyfriend, and i had to sleep with him."
tifu-test-06494,"went to show my friends home, opened a screen, accidentally opened the screen and ruined the screen."
tifu-test-06495,i was sleeping and my gf's parents were sleeping in the bushes.
tifu-test-06496,i got a bara and left a bar in my car.
tifu-test-06497,i was too excited to my mother and my mother saw my mother a list of amazon and her mother saw it.
tifu-test-06498,"i left the door door open, and now i have to use the door to use the door."
tifu-test-06499,"i was in a club with my friends, and i got caught in a pissing, and i had to pee my pants."
tifu-test-06500,"i went to a dentist, passed out, shipped my tooth, and had to pay a dentist to a dentist."
tifu-test-06501,i got naked and naked.
tifu-test-06502,"i got pulled over by speeding, and got caught by a speeding cop."
tifu-test-06503,i accidentally made my boyfriend drink a bottle of wine.
tifu-test-06504,"i thought i was a dumbass, but i thought i was a dumbass."
tifu-test-06505,"tried to pull up the bathroom, but instead i'm a terribleass."
tifu-test-06506,i got pepper sprpp on my finger and now i'm out of the worstest of my wife.
tifu-test-06507,"i accidentally ate a delicious fart, and the girl i have a very loud stomach."
tifu-test-06508,i got into an argument and got beaten by the worst friend.
tifu-test-06509,i was too lazy to sell a camera to my dad's work.
tifu-test-06510,**
tifu-test-06511,"i drank coke, and now i'm a dumbass."
tifu-test-06512,i'm a fucking idiot.
tifu-test-06513,"i puked on my own car door, and then had to go to the er."
tifu-test-06514,i thought it was a dryer.
tifu-test-06515,i got a burn on my hand and it burned my hand.
tifu-test-06516,i spit my teeth with a roo cream and it tasted like i was so bad.
tifu-test-06517,i accidentally shaved my hand in a busy hand and it was covered in my hand.
tifu-test-06518,"i was in my parents' house, my mom saw me naked and i was scared of my parents."
tifu-test-06519,"i took a shit at my mother's place to the hotel, and the woman got a shitty, and i got a shitty, and the other guy found out of my life, and i got a shitty."
tifu-test-06520,"got drunk, woke up in a hostel, had to get it back in my room, got caught in, and had to walk in to the bathroom for a while i was supposed to get it."
tifu-test-06521,i was peeing and peed on my neighbours house.
tifu-test-06522,i'm a fucking idiot.
tifu-test-06523,i kicked a stall open stall open the stall and kicked the stall open.
tifu-test-06524,sent a text from a girl i texted on her nannies.
tifu-test-06525,"i ate a bag of my backpack, and i got myself sick."
tifu-test-06526,"got drunk at friends phone, got drunk and now i'm pissed"
tifu-test-06527,"i got a shard in the shower, got a shard, and now i'm in trouble."
tifu-test-06528,i forgot to win my facebook entry and ended up being a half-po marathon.
tifu-test-06529,i'm a fucking idiot and i'm not sure what i'm a lot of paper.
tifu-test-06530,"got drunk, went to a bar with girl, got drunk, and now i'm a little girl."
tifu-test-06531,"got pulled over for 2 hours, got pulled over, got pulled over by a cop."
tifu-test-06532,"i accidentally made a pastry sandwich sandwich, and i am now a jerk."
tifu-test-06533,i left my closet in a shitty closet and now i'm probably a scab.
tifu-test-06534,i got mad at a wii game and got mad at by a month.
tifu-test-06535,"i wrote an uninterest note in my class, which resulted in the closet of my class."
tifu-test-06536,i locked my dick in the bathroom and the bathroom door was locked.
tifu-test-06537,i got caught by my mother while i was on the bed.
tifu-test-06538,"i put butter on a gas stove, which resulted in a pany pan, and then proceeded to put the pan out of the pan, which resulted in the pan, and the fire was covered in the process."
tifu-test-06539,i accidentally made a kid cry in a crowded accident.
tifu-test-06540,i accidentally killed my friends by pouring beans and now i'm a hell of beans.
tifu-test-06541,"i threw a shot in a school, and it fell in the head."
tifu-test-06542,i shot my friend's gun in the middle of my house and then accidentally shot it up.
tifu-test-06543,i went to a barthel and got caught with a brothel.
tifu-test-06544,i got a blackheadbrush on my nose and now i have a facial scrub
tifu-test-06545,"got drunk, got drunk, lost a girl, got fucked up by a girl who was in the river."
tifu-test-06546,"i asked my date to have sex with an arcade, but it was actually a good idea."
tifu-test-06547,"i left the door open, and now i'm a freaky."
tifu-test-06548,i lost my mom's lottery and lost my mom's number.
tifu-test-06549,"i got my hand stuck in a public country, and i got my phone knocked out of my house."
tifu-test-06550,"i got high, got high, got a pussy, and got caught by a girl."
tifu-test-06551,i drank blood and passed out in the morning. i was too nervous to pass out and got my blood removed.
tifu-test-06552,i left a shitty day and then i got a half hour late.
tifu-test-06553,"my friend was texting a girl, i texted him, and i text him to the wrong stranger."
tifu-test-06554,my boyfriend accidentally accidentally put me on his penis and i accidentally chrotled on my penis.
tifu-test-06555,i tried to help my brother with a screw up his car. it was not enough.
tifu-test-06556,"i was accused of my grandvette, but i ended up getting my ass kicked out of the house."
tifu-test-06557,i bought a lot of salia and it was a good idea to get it.
tifu-test-06558,"i asked a customer to help her husband who was working with her husband, she was crying and i'm now a customer."
tifu-test-06559,i made my buddy cry about a dead dead guy.
tifu-test-06560,"got high, thought i was gonna die, got some mothginity, now i'm in the hospital."
tifu-test-06561,"i was too lazy to move my uncle's van, and i ended up costing my uncle's car."
tifu-test-06562,"i gave my girlfriend a jab in the ass, she got me punched, i gave her a double double bab."
tifu-test-06563,i got my first speed car stuck in the park and got a car full of skamp.
tifu-test-06564,"i sharted on my bed, and now i'm a terribleass."
tifu-test-06565,i got poison on my arm and had to get rid of my dick.
tifu-test-06566,i fucked up by not having sex with my boyfriend and he's now has a penis.
tifu-test-06567,i got pissed at my girlfriendfriends house and now i have to sleep with her.
tifu-test-06568,i shit on my own stomach and then i pissed myself.
tifu-test-06569,"i tried to shampoo, ended up shampooing myself and then accidentally shat myself."
tifu-test-06570,"i tried to clean my homework, ended up making a shitty mess."
tifu-test-06571,i was being a little bit of sanding and i accidentally hit my pants.
tifu-test-06572,i got drunk and told my brother that i was a beer.
tifu-test-06573,"tried to break my arse, ended up cutting my arse cheek and having to clean my arse."
tifu-test-06574,"i was in a bad house, my mom is pissed, i'm pissed at me."
tifu-test-06575,"i took a shitty, got sick, and now i have to shit in my asshole."
tifu-test-06576,i got fired and told my manager that i was going to work on a different day.
tifu-test-06577,"i found a dog and found my dog outside, and she found it."
tifu-test-06578,my boyfriend accidentally played his laptop and left it on his lap.
tifu-test-06579,i sent my ex a text to my ex and the ex and i have a new girlfriend.
tifu-test-06580,i bought a new fan that was too hot and it exploded.
tifu-test-06581,"got drunk, got locked out of cat, had to pee in the bathroom, got caught by the storm, and had to go to the bathroom."
tifu-test-06582,i tried to do some salvia and ended up getting a shitty
tifu-test-06583,i got mad and kicked my xbox 3 days ago.
tifu-test-06584,ate cheetos and ate cheetos.
tifu-test-06585,"ran over a cross in the track of a cross country, got a bloody blister and bled my foot."
tifu-test-06586,i took a cup of coffee in my basement and forgot about it.
tifu-test-06587,"met a girl on my phone, she's single, now i'm a creepjob."
tifu-test-06588,"i got a concussion and fell on a concussion, and got a concussion."
tifu-test-06589,i got drunk and lost a girl's number of mud on her car.
tifu-test-06590,"dad took my phone on the night, he took pictures of my dad's phone, and now i'm in a flash of my dad's house."
tifu-test-06591,"drank too much, got way too drunk, got a little drunk, and pissed myself up."
tifu-test-06592,i'm an idiot and i'm not sure what to do.
tifu-test-06593,"got a seizure, got a seizure, got a seizure, got a seizure, and now i have a seizure."
tifu-test-06594,"went to the lake, got a shitty on the water, and wiped it off my face."
tifu-test-06595,"i tried to get hot sauce, got a hot sauce, and ended up with a hot sauce."
tifu-test-06596,i got blackouted and told a black guy to fuck off the front of me.
tifu-test-06597,i was doing a fucking kid and he fell on the floor.
tifu-test-06598,i got a new car stuck in my car and my car got it stuck in the hospital.
tifu-test-06599,i told my dad about how much the most likely to do.
tifu-test-06600,i got drunk and passed out of my car and threw up my seat and had to work.
tifu-test-06601,"i went to the pool with my gf and my family, my mom found out, i got into a swimsuit, and my mom found it a new one of my house."
tifu-test-06602,i took a shit in a small nick and a half-worker walked in a shit and shit myself in my pants.
tifu-test-06603,i made a hotass joke about my ex-worker and she said i was a pervert.
tifu-test-06604,"got a new piercing piercing, got a new piercing, got a new one night, got a new one of my friends, got a new pierced, and had to pay it out."
tifu-test-06605,i made a hot coo and spat it up my laptop.
tifu-test-06606,i tried to use a projector and ended up sending myself a class to the projector.
tifu-test-06607,"i got a ticket ticket for the first time, and i missed the ticket for a dollar."
tifu-test-06608,i was a badass and made a joke about a car accident.
tifu-test-06609,i accidentally killed my lunch box and now i have a dead lunch.
tifu-test-06610,i got suspended for a band and didn't know how to be a good grade.
tifu-test-06611,i left the door door open for two kids and a half-year-old woman.
tifu-test-06612,i burned my friend's friend's ashes and now i'm fucked up by fire.
tifu-test-06613,i hit a ball in the balls and it hit my friends in the balls.
tifu-test-06614,"i told my teacher that the math was a troll troll, and she took a lot of hours to stop with a lot of hours."
tifu-test-06615,i got drunk and threw a batelon.
tifu-test-06616,i went on a chat with a hot girl and accidentally showed it to a porn site.
tifu-test-06617,sent my boss a letter sheet to the boss and i didn't have to sign it back to my boss.
tifu-test-06618,i tried to get a large large large anal anal and ended up with a large large large large large hole.
tifu-test-06619,"i accidentally ate a blueberry muffin muffin, and it was full of the next day."
tifu-test-06620,i tried to make my best friend's best friend and i ended up shitting my best friend's best friend.
tifu-test-06621,i was in vacation for a while my parents and my parents are in the toilet.
tifu-test-06622,"i got my pokpp, lost my pokemon game, and now i'm going to be playing with a game of my own life."
tifu-test-06623,"i got a busy day trying to stop my toe, ended up with a broken toe and a half of my toe."
tifu-test-06624,i tried to show a group of people i was holding on a plane and ripped my pants.
tifu-test-06625,i drank too much water and poured it out of my mouth.
tifu-test-06626,i had a nasty reaction reaction and it burned my period with my period and it's not a little idea.
tifu-test-06627,i ate a chubby sandwich and got a nice sandwich full of cheese.
tifu-test-06628,i got a new jacket at a bar and walked off the street.
tifu-test-06629,i got a eye in my eye and my mom saw me a year old man.
tifu-test-06630,"i tried to boil my fingers with boiling water, and now my mother is too tired."
tifu-test-06631,i was a fucking idiot and i was not a bitch.
tifu-test-06632,i was a dick and a customer who tried to return it. i ended up being a good deal with a new guitar.
tifu-test-06633,"played toy games, got bored."
tifu-test-06634,i masturbated while masturbating and ended up with my own body.
tifu-test-06635,i accidentally showed my boss a dick and she shaved it with a screen of my boss.
tifu-test-06636,"fucked up with my wife, who is still married."
tifu-test-06637,i tried to take an online class with a class and ended up with a car and a half of work.
tifu-test-06638,i told my girlfriend that my gf was in a relationship with her gf and she's been having to move out of her.
tifu-test-06639,i accidentally swiped a girl's credit card and i accidentally made it worse than i was trying to be a good deal with a hook card.
tifu-test-06640,i left my hotel alarm alarm at the hotel and it was too late.
tifu-test-06641,"got drunk, pissed off by a baby."
tifu-test-06642,i told my friend i was interested in the book of the book of a book and now i'm not sure about it.
tifu-test-06643,i made a soccer ball with a soccer ball and a kid who was playing soccer.
tifu-test-06644,"got stoned, shat myself, shat myself in the park, and had to walk in a public bathroom."
tifu-test-06645,i bought 20$ worth of steam cards on steam and lost my credit.
tifu-test-06646,i got high and passed out the stairs and woke up my forehead.
tifu-test-06647,i tried to move my coworker into the back of my new coworker.
tifu-test-06648,i put hot sauce on my throat and it exploded in my throat.
tifu-test-06649,i fell asleep and fell asleep in my hair and now my hair is probably a dumbass.
tifu-test-06650,"i got my boner, and my mom saw me."
tifu-test-06651,"i got caught by a girl, and i'm very nervous to go to school."
tifu-test-06652,i bought a new guitar case and got my new guitar case back to my new guitar and now i have no idea to buy it back to my new guitar case.
tifu-test-06653,i took my cat out of the cat's cat and the cat is stuck in the middle of the night.
tifu-test-06654,"i'm a dumbass who is a genius who works on a website, and i'm not a genius."
tifu-test-06655,"i had sex with my girlfriend, she cheated on me, and i'm now in trouble."
tifu-test-06656,i scared my cat's cat by turning off a light switch and he was scared of it.
tifu-test-06657,i broke my bike and crashed my bike and now i'm a fucking idiot
tifu-test-06658,"i got drunk, and lost my best friend, and now i'm a crazy asshole."
tifu-test-06659,i got a shitty paper and ripped my pants down the toilet and had to pull it up.
tifu-test-06660,"i used a play in a play toilet, and the director was on the way to open the toilet, i was too embarrassed to open the toilet, and i had to shit in the process."
tifu-test-06661,i was driving a stupid girl's car and i accidentally crashed off the wrong side of the wrong side of the wrong direction.
tifu-test-06662,i got my friend's phone and i told my friend that i was dead and she was going to play with her.
tifu-test-06663,i accidentally set my coffee on the middle of the night and now i have to go to the hospital to the e-e.
tifu-test-06664,"i tried to save a free time, ended up getting charged from a free month."
tifu-test-06665,"got arrested by a buckeye, got arrested for the first time."
tifu-test-06666,"i was a potato potato, and i got a potato potato stuck in my room."
tifu-test-06667,**
tifu-test-06668,"i tried to apply an ""bba"" as a result, and ended up failing the wrong one."
tifu-test-06669,"i thought i was having a heart attack attack, and i'm now in the hospital."
tifu-test-06670,i'm an idiot and i'm not a dumbass.
tifu-test-06671,i played a valveet and played a very bad grade.
tifu-test-06672,"i got a heady bike, got a head, and a guy who was actually a good idea."
tifu-test-06673,"i got late, slept in the morning, woke up late, woke up late for 10 minutes."
tifu-test-06674,i farted my stomach with a fart and it exploded in a very bad smell of a class.
tifu-test-06675,"i was supposed to steal groceries, but i lost my girlfriend's stuff."
tifu-test-06676,i accidentally threw a homeless man's car and he almost got him $500 for it.
tifu-test-06677,i was drunk and told my friend i had a crush on her head and she told me she was going to have sex with me.
tifu-test-06678,"i left my friends house in the toilet, got caught with a shitty paper and now i have to wait for it."
tifu-test-06679,i was hanging up by a kid and i told them to help them and then i was too embarrassed to get them.
tifu-test-06680,i got a new drunk cock stuck on my truck and got a new one of my car.
tifu-test-06681,i am a fucking idiot and i am not sure i am a dick.
tifu-test-06682,i hit my crush in the middle of a walk and got a shitty.
tifu-test-06683,i was being a dick and told a guy i was making a card of people.
tifu-test-06684,i tried to get a sinus infection and ended up with a gf.
tifu-test-06685,"i tried to make a joke, ended up with a car and got my foot stuck in the process."
tifu-test-06686,i was trying to show my screen to a client from an emex.  ended up making a joke of myself.
tifu-test-06687,"i was having a birthday, but i was not a pervert, and i was asked to be a pervert."
tifu-test-06688,i got fired for a class and got called to the principal office.
tifu-test-06689,i got a shaving razor in my hand and it was a good idea.
tifu-test-06690,"got really high, got arrested by a hockey game, got arrested by a police."
tifu-test-06691,i wore a bunch of bowling in my jeans and my jeans got covered in the dark.
tifu-test-06692,i asked a chissi like a christmas necklace that would cost me $16.00.00.
tifu-test-06693,i was having sex with my girl and her brother and i had sex in her closet.
tifu-test-06694,"i got fired, got fired, got fired."
tifu-test-06695,"went to a dance, got my number number number, missed the wrong number."
tifu-test-06696,"went to a stun gun, got pepper sprayed, and had to go outside with my friend, and my friend and i had to go to the hospital."
tifu-test-06697,i got a cock stuck in my face and i got a face stuck in my face.
tifu-test-06698,"tried to show off the shower, ended up with a broken shower."
tifu-test-06699,i had a very bad blood and now i'm a doctor and i'm not in a doctor.
tifu-test-06700,i'm a dumbass
tifu-test-06701,"i was dating with a girl i met, she was too excited and i was seeing a picture of my girl."
tifu-test-06702,i accidentally clicked a tweet about a video of a bunch of people in the morning.
tifu-test-06703,i threw my keys down the floor and he's now a half-old guy
tifu-test-06704,i got a drink capp and pissed myself in front of my car.
tifu-test-06705,i tried to hold my weight and ended up breaking my left leg on a massive pound of my left leg.
tifu-test-06706,"i left a pick-cree-cree on my house, got drunk, and got banned from my house."
tifu-test-06707,"went to wii with a game game, ended up with a broken screen of my phone."
tifu-test-06708,"drank some ice water, drank some ice, drank it, threw up all over the ice and almost died."
tifu-test-06709,"my parents thinks i'm cheating, and i'm going to have sex with my parents."
tifu-test-06710,"i was a dick and i told a girl i liked to have sex with a girl i liked, and now i'm not the only one of the most popular person i have been raped by the girls."
tifu-test-06711,i showed my uncle a gay video and he got mad.
tifu-test-06712,"i got a bj, and pissed off my dick"
tifu-test-06713,"i hit a golf ball in the head with a golf ball in the head, and it was a bad idea."
tifu-test-06714,"i bought a $300 phone for a $300 phone, and i didn't have a refund because i didn't have a refund."
tifu-test-06715,"i tried to clean my own gauze with a banana gauze, and ended up with a large amount of my ass."
tifu-test-06716,"got drunk, got drunk, puked in a crowded car, got caught by a taxi, had to go to hospital with a friend, got back to the hospital, got caught by a taxi, and had to pay for it."
tifu-test-06717,i dropped my phone in the shower and it was covered in the face.
tifu-test-06718,i wrote my paper on the morning and now i'm going to get a note from the entire paper.
tifu-test-06719,"i was trying to hook a tinder, but instead i was too close to my college."
tifu-test-06720,i got a job kicked up my ankle and now i can't be able to get a broken ankle.
tifu-test-06721,i am a fucking idiot and a half-be-law party.
tifu-test-06722,i tried to fix a new company with my work and ended up with a new company of my work.
tifu-test-06723,"i was too lazy to tell my girl i was in love with her, she said she was going to work, i felt like a little girl, and i'm now stuck with her."
tifu-test-06724,"i posted an emojiji post on my friend's post, which was actually my sister."
tifu-test-06725,i went to the toilet and ended up being a kid in the toilet.
tifu-test-06726,"i asked a girl i was there on her date, she was asked to go to the gallery, i didn't see her date, she then said she was a date."
tifu-test-06727,i accidentally created a joke about a class and it got banned.
tifu-test-06728,i tried to play a solo performance in front of my own singing performance and ended up getting a second time in front of the chorus.
tifu-test-06729,"i tried to use a nunsane by setting a fire, ended up setting my face and causing a massive explosion to the hospital."
tifu-test-06730,my cat's mother has a terrible day and i made her cry.
tifu-test-06731,"i left a massage massage to a stranger, got a massage massage, and got my husband kicked out of it."
tifu-test-06732,"i got laid up by a new place, and now i have to stay at work with a new place."
tifu-test-06733,i accidentally killed a mosquito with a mosquito.
tifu-test-06734,"i tried to get my pet, instead i got a spider, and my roommate thought i was being a spider."
tifu-test-06735,"got drunk, told my cousin he was a bi, now he's in a few days."
tifu-test-06736,i tried to wake up my bed and ended up waking up my bed
tifu-test-06737,"i got lost in my bike, got lost, and lost my friends's car."
tifu-test-06738,i left a meat in my house and the meat was exposed to my sister.
tifu-test-06739,i got a free credit card and paid $20 for a $30 gbp gift card.
tifu-test-06740,"i thought i was doing a new job, but i didn't know how to do it."
tifu-test-06741,"i tried to get a pepsi, but ended up getting a bunch of pepsi in the vending machine."
tifu-test-06742,"i told a girl i liked her, she liked me, i liked her, and i felt like a dumbass."
tifu-test-06743,"i thought was a waspp, i thought was a wasp, it was actually my only one, i thought was going to be a bad person, i thought was going to die, and he was just stung on the toilet."
tifu-test-06744,"i asked my girlfriend to have sex with his girlfriend, and his girlfriend died."
tifu-test-06745,"tried to use pepper peppers, ended up with pepper pepper."
tifu-test-06746,i fucked up by watching a movie that i thought was the wrong one.
tifu-test-06747,went on a rental trip to the rental and the car was stuck on a different car. got stuck on the car and the car was stuck on the car.
tifu-test-06748,"went for a marathon, ended up with a fire and a half-up flame."
tifu-test-06749,i tried to pull my eye into the eye and it exploded in my eye.
tifu-test-06750,i got a shitty ball and busted a huge bitch out of my high school.
tifu-test-06751,"i got a bloody noseblebleed in a ladies room, blood everywhere, and i had to clean it up."
tifu-test-06752,"i got knocked by a fight with my landlord, and i got kicked out of my glasses."
tifu-test-06753,i sent a moth to a moth and accidentally sent it to my bathroom.
tifu-test-06754,"i was a black man, threw a black eye, got black eye in the face, and now my parents are going to the gym to get my parents."
tifu-test-06755,"tried to kill styroam with styro, ended up with styro, and now i'm probably a horrible man."
tifu-test-06756,"i got my brother to the wrong pokemon pokemon, and i got a very embarrassed by my brother."
tifu-test-06757,"i had a great date with my girl, he got a bloody mess, and i lost my period."
tifu-test-06758,i tried to be a nice idea and ended up getting a $80 pervertriage pervertion.
tifu-test-06759,"sent a joke to a friend, sent it to a friend, she was mad."
tifu-test-06760,i gave a girl my number number and then proceeded to work there.  i gave her a double red hand.
tifu-test-06761,got a dr. pepper pepper.
tifu-test-06762,i was too lazy to do my work on friday night and accidentally opened it on my computer.
tifu-test-06763,"i tried to impress a swim in a water, ended up with a large sea in the ocean."
tifu-test-06764,i lost my cat's car and she passed away on the road and now i'm a sad old lady.
tifu-test-06765,i got drunk and called a police call to a police house and now i'm probably going to be able to find out of my house.
tifu-test-06766,"i went to a workout with my girlfriend, she went home, i went home, i had to eat a workout with her."
tifu-test-06767,"i got a bag in my backpack, and my girlfriend found it in my backpack, and i had to go to the airport to get it back."
tifu-test-06768,i got drunk and woke up in a fire because i was too drunk.
tifu-test-06769,"got high, thought i was going to die, got high, went to a hospital, got a seizure, passed out of the street, got a huge sun, woke up in the middle of the middle of my life, and had to go to the hospital."
tifu-test-06770,i was in a church and the church of the church.
tifu-test-06771,i was a fake penis and my teacher found a joke about penislandlandlandlandlandland.
tifu-test-06772,"i told my sister that she was pregnant, she said she was pregnant."
tifu-test-06773,"i accidentally ordered a milk of my order, and now i'm stuck in the wrong store."
tifu-test-06774,i drove into a fire and got my car stuck in the process.
tifu-test-06775,"i went to a party and forgot to put my suit to the wrong suit, and ended up getting a suit to the suit by the police and a half of my suit."
tifu-test-06776,i was playing music headphones in a crowded room and plugged it up.
tifu-test-06777,i got a bloody nipple and sliced my nipple off.
tifu-test-06778,"i got in a rollercoaster, and my mom got sick, and i got sick."
tifu-test-06779,"i accidentally made a video of a movie that my friend was talking about me, and i accidentally made a joke about it."
tifu-test-06780,i was watching a video show with a girl i like a girl i was watching her ass.
tifu-test-06781,i tried to beat the dlcar and ended up getting the whole part of the dlcar.
tifu-test-06782,i farted on my cousin's bed and he got mad at him.
tifu-test-06783,"i threw a picture of a screwdriver that was a man, i threw it into the glass, and it fell on my bedroom."
tifu-test-06784,i was late for a red light light and i ended up getting a red leg.
tifu-test-06785,i was too lazy to buy a ring ring for my husband's husband and she was dating.
tifu-test-06786,i wrote a short short short short tifuu.
tifu-test-06787,"i was racist and told my grandmother that i hate her, she was upset and now i'm in the hospital for months."
tifu-test-06788,"i was in a rush shop with a woman, i was too busy to work."
tifu-test-06789,i ate a bit of lasagne and it burned me.
tifu-test-06790,"went to a friend house, got lost, lost my phone, and my friend, and my friend found out i was going to meet."
tifu-test-06791,"i forgot my girlfriend's pants, got caught by a creepy dick and had to go home with her parents."
tifu-test-06792,"i was in a rush, i accidentally stole my food, and i was so bad i should have to pay for it."
tifu-test-06793,i bought a game of riot because i thought it was a good idea and got pissed over by a game of skin.
tifu-test-06794,i forgot to use wax on my dick and ended up with a band.
tifu-test-06795,i got a habanero and put my habanero on fire.
tifu-test-06796,"i tried to get my new boyfriend's keys, ended up getting my keys locked out of my ex-boyfriends new apartment."
tifu-test-06797,i told my husband i could have a look at a tacolarden at the front of the front of the tacol.
tifu-test-06798,i was being a fucking fucking fucking day of my carshield.
tifu-test-06799,i got a bus and missed a bus game and got off by a bus and got off by a bus.
tifu-test-06800,i bought a fit for $150 for the same time and got a $150 refund for the same one of my life.
tifu-test-06801,i was too lazy to get water in a water cooler and the water was flooded by a water cooler.
tifu-test-06802,"i was in a mopie, got my sister to the erop, and got my sister to the er."
tifu-test-06803,"i sent a message to my mom's mom, and now i'm probably going to delete a message."
tifu-test-06804,"got drunk, got drunk, got a police, got a police, and had to pay for 3 hours to get rid of the police."
tifu-test-06805,"i shit on the toilet seat, and then proceeded to shit on the toilet seat, and then proceeded to wipe it up my arsese with a wet mess."
tifu-test-06806,i got a crush from a girl who was dating and now i'm a pervert.
tifu-test-06807,"i tried to buy a mic, ended up costing $50,000 to cancel it, and now i can't get a new mic."
tifu-test-06808,"i got high and pooped my pants, and my mom found it in my bathroom."
tifu-test-06809,i tried to be a good idea of smoke and ended up making a mess of smoke.
tifu-test-06810,"i tried to decorate my wife's junk door, ended up being a little fool."
tifu-test-06811,"i didn't scan my lab as a result, and now i'm not sure i'm a dumbass."
tifu-test-06812,i accidentally sent a text to a friend who i was trying to win a text for a car and a text.
tifu-test-06813,"i peed in my pants, peed in my pants, and now i have a lot of pee in my pants."
tifu-test-06814,"i didn't answer to my mobile phone number, and they ended up being supposed to go to the rotary club."
tifu-test-06815,i got a concussion skater on my head and ended up cutting my head.
tifu-test-06816,i am a horrible idiot and i am now i'm a horrible asshole.
tifu-test-06817,"i tried to delete a ps3, ended up installing a file of my computer and a bunch of money."
tifu-test-06818,i accidentally shaved my pants in a new room and now i'm a fucking idiot.
tifu-test-06819,"i tried to be cute, but my wife got cold, and i didn't realize it was a good idea."
tifu-test-06820,i accidentally made a naked man a naked man who was wearing his own body.
tifu-test-06821,"i tried to open a book, ended up breaking my eye open with a 2 weeks later."
tifu-test-06822,"i walked into a girl's ass, she got a dick and i was told her about it."
tifu-test-06823,"got drunk, got drunk, got locked, and got locked."
tifu-test-06824,i tried to help my husband's advice to help her with a pair of shoes and ended up making a huge mess.
tifu-test-06825,i got caught by a girls that i was a copy of a year's swimbook.  i got caught by the girls i was a copy of the year's nude team.
tifu-test-06826,i accidentally made a super superman joke about my teacher's underwear
tifu-test-06827,"went to a friend's house, got drunk, fell asleep, fell asleep, fell asleep, woke up and got a little drunk."
tifu-test-06828,"i was gonna spend the day with my gfs, she is too busy and i'm too lazy to spend it."
tifu-test-06829,"i shot a bullbs in the bush, it was a bad idea of a bullbomb, and i got shot by a bull bullboy."
tifu-test-06830,i shouted at a group of black people and now i'm probably racist.
tifu-test-06831,i peed on the bus and fell on the bus.
tifu-test-06832,i got my bike stuck in the rain and i got my first concussion.
tifu-test-06833,"i tried to hold a poo, ended up having to poo and a huge mess of the hand."
tifu-test-06834,"got drunk, got arrested, got arrested for being kicked out of court, got arrested by a cop, and got arrested for the first time."
tifu-test-06835,"got a hot shampoo, got stabbed in the shower."
tifu-test-06836,i pulled my friend's bag and she thought i was a peron pack.
tifu-test-06837,"i touched a hot-cig-cig-cig, it burned my finger and now i have to touch my finger."
tifu-test-06838,i scared a girl out of a haunted house and she walks in the hallway.
tifu-test-06839,i farted in the face with my girlfriends and it ended up in the face.
tifu-test-06840,**
tifu-test-06841,i yelled at a football team and got yelled at by a football team
tifu-test-06842,i accidentally told a card of condolences to a guy who was working at work.
tifu-test-06843,"i got a panic attack, got a panic attack, and now i'm in trouble with a mental mental health."
tifu-test-06844,"i tried to clean up a bowlstorm, and got caught by a glassstorm."
tifu-test-06845,i broke my mom in the bathroom and broke my foot.
tifu-test-06846,i got a sandwich sandwich and told the customer i was going to eat a sandwich. i'm a total person.
tifu-test-06847,"i bought a bunch of stapler to the stapler store, and now i'm broke."
tifu-test-06848,i ate m&m m&m and forgot to eat mmm.
tifu-test-06849,"i got high with my best friend, she found out she was in a coma with weed, i got high, and she got high, and i'm now i'm a dumbassass."
tifu-test-06850,i'm an idiot who has a very busy day of my life in my life.
tifu-test-06851,i got a boner and my dick is a dick.
tifu-test-06852,"went to a poxy house, got arrested by a poxy"
tifu-test-06853,i left my bass on the sidewalk and left it on the sidewalk. i left it to my house and i left it on the sidewalk.
tifu-test-06854,i was being a dick and my dog is probably a bit of shitty.
tifu-test-06855,i got called for 3 days and got called for 3 days.
tifu-test-06856,"i accidentally sent a friend a drug test to a school, got caught by a drug test that was actually a result of drugs."
tifu-test-06857,i accidentally left my phone in the work and got caught.
tifu-test-06858,i got a little cut on my hand and got a scarred on my hand.
tifu-test-06859,i tried to buy new shoes and ended up being a bad one.
tifu-test-06860,i accidentally gave a $100$ gift card to a restaurant and then i had to pay it to a nice restaurant.
tifu-test-06861,"i wore pants on my knee, ripped my knee, and now i have to wear a new band."
tifu-test-06862,"i stole weed from my dad's house, got caught by a potty bag, and took a shitty."
tifu-test-06863,"i was dating a girl, and i told her that i was going to date."
tifu-test-06864,i pissed up by telling my girlfriend about him to stay in the hotel.
tifu-test-06865,"i burned a house in the middle of our house, and got caught on fire."
tifu-test-06866,i put a vibrator on my cuffs and got a vibrator.
tifu-test-06867,"i bought a 50$ old tv, got stuck with a porn, he thought it was a scam, i was too cheap."
tifu-test-06868,"i was sick, and i got my brother into the urinal's bathroom."
tifu-test-06869,i was too excited to a high man with an all-year-worker.
tifu-test-06870,i was looking for a girl to get the wrong person and now i'm a stalker.
tifu-test-06871,"i tried to have sex with my girl, but she ended up with a hot ass and then i got a wet pussy."
tifu-test-06872,"i tried to make a new dinosaur, ended up getting a new one of the most important question of the question."
tifu-test-06873,"i tried to help a free change, ended up getting a free breakfast, and a half of my life."
tifu-test-06874,i spilled bacon on my arm and it exploded.
tifu-test-06875,"i ate a chocolate treat that was chocolate, and i ate it."
tifu-test-06876,"i was a racistass, got black, and told my friend i was racist."
tifu-test-06877,i was a dick and chased by my mom.
tifu-test-06878,"got high, got arrested, got arrested, and was fined by a cop."
tifu-test-06879,"i thought my girlfriend's day was the day of valentine, i thought it was a flower and it was a card of my girlfriend."
tifu-test-06880,i set my snow in the garage and it exploded in the garage.
tifu-test-06881,"i tried to get paint in the room, ended up with a hole."
tifu-test-06882,i tried to flip my white board and got a concussion on the white board of my teacher and the white one in front of the school.
tifu-test-06883,"got high, thought i was going to a bar with someone, got caught by a boun."
tifu-test-06884,i fucked up by not realizing the fact of the fact that i was a great idea to be.
tifu-test-06885,i was bored with the star and spilled all over the inside the car.  i'm a stupidass.
tifu-test-06886,i went to hmv for a few days and fell asleep in the wall.
tifu-test-06887,i got hit by a bat and got hit by a bat guy.
tifu-test-06888,i got a shitty stuck in my ass and my ass rolled out of my ass.
tifu-test-06889,i am not a dumbass and am not a dumbass.
tifu-test-06890,i got caught by a song and got sent to the music.
tifu-test-06891,i was in a hospital for a car and a half-trip drive to the hospital.
tifu-test-06892,i'm an idiot and i'm not able to be able to bed.
tifu-test-06893,i got too high and put on a hooky hook to a hookah hook.
tifu-test-06894,i went to the bathroom to scare a stranger and ended up making a guy think i was going to be there.
tifu-test-06895,"i thought i was gonna be late for my lab, and now i have to go to the lab."
tifu-test-06896,i'm a dumbass and my professor and i'm in a hospital.
tifu-test-06897,i was wearing a small bit of a cutting boxers on my hand.
tifu-test-06898,"i accidentally left a naked woman's car in the middle of a strangers place.  she got home, i am now pregnant."
tifu-test-06899,i hit a pothometer in a high school bike and hit my hand.
tifu-test-06900,"drank a bottle of water, drank a bottle of water, got a bottle of water."
tifu-test-06901,"i was too busy to a girl i met on fb, but i was too busy to meet up with her, she got a new one, and i am now stuck in the office."
tifu-test-06902,"asked out a girl out, she asked her out, i asked her out, she said she was moving away, i asked her out, she said she was going to her."
tifu-test-06903,i was a dumbass and got a shitty busted by a car.
tifu-test-06904,"i tried to get a girl back on a bus, ended up getting her number and now i'm in a relationship."
tifu-test-06905,i sent my eout mail to check out of e book mail and now i have no money for the first month.
tifu-test-06906,"i had a crush with a girl i like, but didn't like her, i didn't like her, and i didn't have a girlfriend."
tifu-test-06907,i accidentally knocked a client's face of a concrotch and got a concussion.
tifu-test-06908,"i tried to flush the toilet, ended up with a broken stall in the urinal."
tifu-test-06909,i tried to make banana but it was really nice to make a banana sauce.
tifu-test-06910,"i pissed my pants, pissed all over my bathroom, and then had to go to the bathroom."
tifu-test-06911,i locked a window in the middle of my work and the police broke the window. i didn't know how to call the police was. i'm now stuck in the middle of the shelter and i'm afraid i'm not going to call the police.
tifu-test-06912,"i was in love with my best friend, i lost all the most way, and i lost my life."
tifu-test-06913,i shit myself in a bathroom and shit myself in a public bathroom.
tifu-test-06914,i'm an idiot and i'm not going to be home with a dog.
tifu-test-06915,i tried to help a fire fire by setting up a fire alarm. it was actually a fire alarm.
tifu-test-06916,"i got a contact, put my eye in my eye, and now i have to put it out."
tifu-test-06917,"asked a girl out on a work, she asks me to come to her house, i'm a creepish."
tifu-test-06918,i didn't check the mirror and now i'm a fucking idiot.
tifu-test-06919,i got free tickets for free reason and told my mom about it.
tifu-test-06920,i broke my collar and broke my collar.
tifu-test-06921,"i was driving a cop and a coplight, i was not paying attention to my girlfriend."
tifu-test-06922,i tried to get a sexy bath and ended up with my wife and my wife.
tifu-test-06923,"i got drunk, and my friends found my wallet in the middle of the most powerful events."
tifu-test-06924,"i told a guy that i was going to be funny, he got a cake and now i'm probably a dumbass."
tifu-test-06925,"i asked a girl i liked to dance with her, she said i was going to dance with her, and now i'm afraid of this girl."
tifu-test-06926,i bought a card of my wife's day and now i'm probably going to spend time with a coffee.
tifu-test-06927,i broke my foot and broke my foot.
tifu-test-06928,"i thought my son was a big trip, i thought it was a big idea."
tifu-test-06929,i asked a girl to make fun of her own own love.
tifu-test-06930,"i got drunk, threw up in a gas, and threw up all over my friends and had to get a bong."
tifu-test-06931,"i took a compound that was right with my iphone, and now i'm a dumbass."
tifu-test-06932,i accidentally threw a condom out of my dog and my mother found out of it.
tifu-test-06933,"i pulled a paint of paint in my bedroom, and now my room is fucked up."
tifu-test-06934,i got a red t-shirt that i thought i was going to be a red-fight concert.
tifu-test-06935,i got drunk and puked in my car.
tifu-test-06936,i fucked up by not knowing my brother was going to the hospital.
tifu-test-06937,"got drunk, got drunk, got drunk, got cocky, got a bony, got caught, and pissed off the girl."
tifu-test-06938,"drank coffee in my car while driving, drank too much, got a bottle of coffee, pissed all over my seat and left it in my car."
tifu-test-06939,"i tried to hold a shit, ended up locking my leg on the floor."
tifu-test-06940,i sent my girlfriend a tifu and she was mad at me.
tifu-test-06941,i ate a ton of my fan and it fell in the shower.
tifu-test-06942,"i got a little shampoooo on my eyes, and now i have to wait for a while."
tifu-test-06943,i got my first car stuck in a wall and it crashed into a wall.
tifu-test-06944,asked to make a guy if he was deaf and ended up getting deaf.
tifu-test-06945,i took part-mosed pills for a while taking a large dose of insulin.
tifu-test-06946,"i killed a lot of ants, and now i'm a bit of ants."
tifu-test-06947,"i got drunk, went to the bathroom, and drank some of my mouth, and had to go to hospital."
tifu-test-06948,i had an exam and i had to get in the shower.
tifu-test-06949,"i tried to help a customer with a groceries, ended up getting her grocer kicked out of her grocer."
tifu-test-06950,i called a call from a police call 911 and called 911.
tifu-test-06951,i got kicked out of a girls and now i have no money to pick up.
tifu-test-06952,i missed my final final final exam.
tifu-test-06953,i fucked up by not knowing my roommate's shirt.
tifu-test-06954,i fucked up by not knowing how to do something to swim.
tifu-test-06955,i grabbed a bunch of my school and it exploded in the face.
tifu-test-06956,"i didn't know how to change a question, and i didn't get the job."
tifu-test-06957,"i tried to talk to a girl with a girl i like, but instead ended up being gay and making a joke about it."
tifu-test-06958,"got drunk, got drunk, went to hospital, got fucked up, and got locked out of my friend's apartment."
tifu-test-06959,"went to my grandpa house, got my foot stuck in the car, and my dog is now stuck in the car."
tifu-test-06960,i tried to clean my parents's poop and ended up shitting my ass with a huge rug.
tifu-test-06961,i thought i was cheating at my coworkers and she thought it was cheating and now she's cheating.
tifu-test-06962,i made a movie cry about my gf and made her cry cry.
tifu-test-06963,i played a trumpet at a funeral and made a bunch of people laugh.
tifu-test-06964,"i ate a lot of very fast food, and now i'm too fat to the fact."
tifu-test-06965,"tried to open a bottle of a bottle, ended up with a bottle of a bottle."
tifu-test-06966,i was sitting in front of my school during a class.
tifu-test-06967,i accidentally spammed out of reddit and got banned for a few hours.
tifu-test-06968,i made a joke about a funeral and his brother died.
tifu-test-06969,i asked a girl to show her how to be a girl i liked and she was going to have a fake video.
tifu-test-06970,i parked my garage in the garage and now i have no idea of my car.
tifu-test-06971,i let my nephew take a kitten and now i'm a kitten.
tifu-test-06972,"i tried to save a friend’s car by accident, and i ended up breaking my car into the process."
tifu-test-06973,"went to play the saver, got lost in the rain, slipped off my hand, and got my finger on the snow."
tifu-test-06974,i left my laptop in the basement and now i'm not sure if i'm gay.
tifu-test-06975,"got drunk, got drunk, got caught by a guy, and got caught by the cops."
tifu-test-06976,got drunk and slept asleep in the toilet and slept with my friend.
tifu-test-06977,i spent $100 on $100 worth of $2000 worth of $2000 worth of $2000 worth of $2000.00.00.
tifu-test-06978,"took my medication medication for a week, took my medication, took myself to take my medication, and took myself the night from the night."
tifu-test-06979,"took adhd medication, took adhd, took adhd, took an ad, took meds medication, took meds medication, took meds medication, took a pills, took a pill pill pill pill pill and took away from my drug."
tifu-test-06980,"i was too lazy to go to a zipper, and ended up shitting my pants and ruining my zipper."
tifu-test-06981,"i accidentally created a video of ""fitch pritch"" to a friend who was playing with me and now i have to pay him a video of my browser."
tifu-test-06982,i threw a lime in a lime and threw a lime in it.
tifu-test-06983,i tried to make a jump and ended up breaking my friends up the pillar.
tifu-test-06984,"i told a girl that her mom was dying, she was going to be a fight and now she thinks i'm a cat."
tifu-test-06985,"i got drunk and it slipped on my own porch, and i'm now in the process."
tifu-test-06986,"i got a boner, and my mom found out i had a boner."
tifu-test-06987,"i told my girlfriend i had a crush on me, she told me to piss her off."
tifu-test-06988,"ate a cold mark, got a shit in the exam, got a shitty mark, and now i have to get a shitty mark."
tifu-test-06989,**
tifu-test-06990,"i tried to poop my girlfriend, but instead i'm a hero."
tifu-test-06991,"i was scared by a spider, and i lost a fly, and i lost my place."
tifu-test-06992,i scratched up a customer's arms and she thought i was just a cat.
tifu-test-06993,i told my friend that i liked her and she loved me and now she hates me.
tifu-test-06994,"got a license from my friends house, got stolen, threw it up, and had to walk in a van for a while i was driving."
tifu-test-06995,i broke a window and broke a $400 worth of it.
tifu-test-06996,i left my phone in the bathroom bathroom and my phone was on the way to my underwear room.
tifu-test-06997,"threw a carton in my friend's car, threw up the trash and threw it up."
tifu-test-06998,"i made a raccoon, it got fired and now the house smells like a raccoon."
tifu-test-06999,"sent a message message to a girl i like, sent her a message saying ""i had a message"" message to a very good girl who was supposed to talk to her."
tifu-test-07000,i forgot to stay in a foreign country and ended up getting arrested in the night.
tifu-test-07001,"i'm a dumbass, and i'm a dumbass"
tifu-test-07002,i was fired in the wrong way for two days and i'm not sure how to do.
tifu-test-07003,i was too excited to my work and ended up being a co-worker and now i'm probably going to be able to get laid by a co-worker.
tifu-test-07004,"i went running for a run, ran into a girl's run, and now i have to walk 2 miles to the next 3 months."
tifu-test-07005,i was too excited to my office and the only one of my life.
tifu-test-07006,i accidentally sent my boyfriend a text to the wrong person who was trying to get it back from the phone and now i'm probably going to watch it.
tifu-test-07007,i got a water tank and the guy who was going to die. i was too drunk and i was too high.
tifu-test-07008,"i got detention for the principal, teacher told me to go to the bathroom, i got detention for the principal."
tifu-test-07009,"got high, tried to get some weed, got caught by a man.  got caught in the car with a man.  got caught.  got caught.  got caught by a crow.  got a lot of the car.  got fucked up.  got away.  got my friend and now i'm going to the car.  he got to get to be there.  he got a ride.  he got a ride to be a ride to be a few days.  he.  he called on the ""i'm a lot of the next day.  the tip.  got there.  he's place.  he's just just just asked to be there.  and and then we got back of the next day.  and.  he.  he.  he.  he got him.  he's place.  he and the next day and then got got got back back back.  he got got a lot.  and got a week.      he's friend.  he got a few of a hour.  hehehe's just got got got got got back to bring him.  he.  he got got got got out of the way back back about about about about about about about about about about about about the way back. and a ""he.he's.  he.  he got a place.he's house.  he"""" and then then then then then then then then then then then then then to get where where where we're going to the ""he"""""""""""" and we got a "" "" ""he got a weeks.  """""""""""""""""""""""""""""""""""""""""""""""""""""""" and we got got got a friend of a """""""""" and then then then then then then then then then then then then then then then then then then then then got got got got got got got got got got got got got got got got got got got got got got got got got got got got got got got got got got got got got got got got got got got got got got got got got got got got on on on the the the the the the the ""i'm'm a a a a a bit of the got got got got to get to the house.                          ------------got.  "
tifu-test-07010,i asked a guy that i'm a cheating guy.
tifu-test-07011,i ate a sandwich for two weeks and threw up all the microwave and then threw up the microwave.
tifu-test-07012,i left my camera in my room and now my camera is covered with ants.
tifu-test-07013,"got married, got married, got a ride home, got a ride home, and got a ride home."
tifu-test-07014,i accidentally clicked my reddit account and got a shitty.
tifu-test-07015,i got a bad ass and my mom walked in on me.
tifu-test-07016,i found a hot dick and my dad found out it was a dick and i'm now stuck in my room.
tifu-test-07017,"tried to make a cute joke with a bird, got roasted, got roasted by a bird."
tifu-test-07018,"i drank too much, got drunk, threw up and threw up all over my face and my friend's face."
tifu-test-07019,i cut my toe and got a toe cut in the pool.
tifu-test-07020,i found out a picture of a girl that was a creeping and found out she was trying to find out it was her.
tifu-test-07021,i had a blowjob in my own house and my wife and i had to get a blowjob.
tifu-test-07022,"i thought a girl was a knife knife, turns out she was just a knife knife."
tifu-test-07023,i fucked up by installing a new system and the entire part of $400 worth of $400.
tifu-test-07024,i got a shitty and told my dad he was mad and he had to pay me back home.
tifu-test-07025,"i drank too much water, threw up a bottle of water, and now i'm not the same kind of the water."
tifu-test-07026,i shit myself in a group of nowhere and i had to shit myself.
tifu-test-07027,i booked a hotel on a hotel and didn't realize it was a lot of money.
tifu-test-07028,i accidentally watched the wrong audio audio to my ear and now i have a terrible conversation.
tifu-test-07029,i fell down the stairs and fell on the stairs and fell on the stairs.
tifu-test-07030,"i tried to get food in a jar, ended up with a jar and a half of my head."
tifu-test-07031,i was watching porn in a porn with a girl's porn on her family's porn.
tifu-test-07032,i tried to sit down a train and ended up getting a seat of people.
tifu-test-07033,"i used a piss, and my dick is in the bathroom."
tifu-test-07034,"i tried to get a bosectomy, ended up breaking my new one side and damaged the speakers."
tifu-test-07035,"i got sick, vomited on a bar, vomited all over the floor, and vomited all over the floor."
tifu-test-07036,i accidentally texted a car accident and my mom in a car accident.
tifu-test-07037,"went to paint, got caught with spray paint, went to the wrong place, got caught by police, got arrested by police, got arrested by police."
tifu-test-07038,i played a trombone at the wrong stadium and got my knee stuck in front of my pants.
tifu-test-07039,"i tried to pull my phone in a pen, which resulted in a pen, and now i'm probably going to hell."
tifu-test-07040,"got drunk, went to the hospital, got a rash, and now i have to walk in the rain."
tifu-test-07041,i smoked weed and smoked weed with my brother.
tifu-test-07042,i accidentally shat my wife in the lobby of the elevator and the door was on the lobby of my way to see.
tifu-test-07043,my roommate got caught up on me and i was pissed at her room.
tifu-test-07044,"i asked my girlfriends about her birthday, she said she'd have a breast for her."
tifu-test-07045,"i was being a little girl who was making fun of mine, and i'm now in trouble with a girl i'm not a monster."
tifu-test-07046,"i accidentally used a spider in my ear, and i had to sleep in the middle of my face."
tifu-test-07047,i got a homestormed on christmas night and now i have to pay for the roof and spend a new pair of christmas night.
tifu-test-07048,i accidentally called my daughter's daughter of a breasty and she was fat.
tifu-test-07049,i accidentally threw a komba jar into my kitchen and it exploded in my head.
tifu-test-07050,"i accidentally threw my friend's phone into the sewer drain, and i threw it up."
tifu-test-07051,"i tried to kill a spider, but i didn't realize i was going to kill my house."
tifu-test-07052,"got suspended for a car, got suspended for a week, got suspended for a week."
tifu-test-07053,i was in the wrong snowstorm for a while i was driving for and i got my car stuck in the process.
tifu-test-07054,i tried to do a power and ended up breaking my cable cable and a power of my room.
tifu-test-07055,i accidentally made a bunch of groceries in front of my bike and i'm not getting to eat it.
tifu-test-07056,i threw a dry dryer with rice and it got a rice.
tifu-test-07057,i told my boyfriend that i was talking about her boyfriend and she told me about it.
tifu-test-07058,"i walked on my friend's foot, and now i'm stuck in the car."
tifu-test-07059,i sent my dad a picture of my childhood and he was dating for it.
tifu-test-07060,"i had a crush on my first date, and i ended up getting a second kiss of my girlfriend."
tifu-test-07061,i was in a trash and i accidentally ate a dump of shitty.
tifu-test-07062,i got shampooed in my hair and it looked like i had a mild shampoo
tifu-test-07063,"i drove a sunroof, and it broke my roof."
tifu-test-07064,i drank too much and made myself look like i was supposed to work on my desk and almost died.
tifu-test-07065,i got drunk and pissed off by a girl who was having a hand with my ex girlfriend and i was drunk.
tifu-test-07066,i didn't realize that i was a stupidass girl and ended up with a girls i was supposed to take a picture of college girls.
tifu-test-07067,"i got a cheap tv, and my mom got pissed at me."
tifu-test-07068,"i was a dumbass, but i lost a lot of judo, and now i'm a dumbass."
tifu-test-07069,"i was walking in the face of a girl i met her hand, and i was walking around to her in the face."
tifu-test-07070,i accidentally left my wife's wife's wedding and i accidentally left her naked naked naked in the kitchen.
tifu-test-07071,"i got drunk, shat myself and shit myself in the bus."
tifu-test-07072,"i tried to make a smoke, ended up with a fire fire and a fire fire."
tifu-test-07073,"i sent a picture of a young man that was a suicide man, and now i feel like shitty."
tifu-test-07074,i got whipped on my belt and ripped my dick off.
tifu-test-07075,"went to a mouse, saw a dead mouse, got a dead mouse, and then found it in my pocket."
tifu-test-07076,"i put a printer in my luggage, it exploded and it exploded everywhere."
tifu-test-07077,i slapped my boyfriend's face and now he's going to have a bad night.
tifu-test-07078,"got drunk, ate a lot of dussos, got really drunk, threw up my arm, and got a huge chunk of my arm."
tifu-test-07079,i was being an idiot and i told my ex i wanted to break up with her.
tifu-test-07080,"i got a tattoo tattoo on my left hand, and now i have to be called the tattoo."
tifu-test-07081,"i was trying to delete a craigslist on craigslist, which i was actually a stalker."
tifu-test-07082,i tried to play a game and ended up getting a shitty in my house and a half of my house.
tifu-test-07083,"i fucked up by not knowing how to do my wifi network network, and it was a problem of the school."
tifu-test-07084,"i tried to kill a spider, but instead of a spider was killed by a spider. i killed the ""baby"" and now i'm a spider of bugs."
tifu-test-07085,"i played a game of a kids's game, got caught by a bunch of kids."
tifu-test-07086,went to buy coffee with my phone in front of a girls i was trying to get a picture of tea.
tifu-test-07087,i accidentally called a tele-worker to a tele-worker because i was a mother.
tifu-test-07088,i made a joke about my friends name to a girl i like.
tifu-test-07089,i tried to make a dead egg but ended up with a dead egg in my kitchen and a half dead baby
tifu-test-07090,"i was doing a dirty experiment and it exploded in my eye, i was probably a little bit of my eye."
tifu-test-07091,"i got too drunk and had sex with my gf, and i had a very awkward time to get her a girl."
tifu-test-07092,"went to a girl, saw gf, got chased by my gf, scared the police, got chased by a police."
tifu-test-07093,i ate a mother's mother's pizza game and got the entire night of the night.
tifu-test-07094,i tried to be cute and make a blirty girl cry and now i'm too fat.
tifu-test-07095,i was playing guitar and played my headphones on my left ear and now i'm not able to listen to music.
tifu-test-07096,"i asked my friend to go to prom and get kicked, and i am now afraid of the school."
tifu-test-07097,"tried to show my sister a prank, ended up getting a blowjob in the toilet."
tifu-test-07098,told my roommate i was going to die in a 70 years.
tifu-test-07099,i smoked weed on my bed and now i'm sleeping in the garage.
tifu-test-07100,my little brother is a little bit and i'm very embarrassed to find out he was going to the hospital.
tifu-test-07101,i got a crush with my so's brother and i had a crush on her and now i'm in love with a relationship.
tifu-test-07102,i tried to clean a water bottle of water bottle and it exploded. i got a huge hole in the kitchen.
tifu-test-07103,"i cut myself on a school, cut myself, and got a scarred, and now i need to go to school."
tifu-test-07104,i was being too drunk and i slept in the living room and woke up with her mom.
tifu-test-07105,"i tried to help a pedal, ended up with a red pedal."
tifu-test-07106,"i was too fat to a friend, i grabbed her shoulder, and i was too embarrassed to get a shoulder."
tifu-test-07107,"got drunk, took too much, took a dump, got fucked up, had to go home with a friend, got fucked up."
tifu-test-07108,i told my friend i had a drug control for a drug store and she found out she was going to pick up with me.
tifu-test-07109,"farted my boyfriend in the face, he got a face full of my face."
tifu-test-07110,"i was in the morning, woke up and woke up my friend's ass."
tifu-test-07111,"i made a joke about a guy who was actually my girlfriend, and i made her cry out of it."
tifu-test-07112,"i tried to make a modem from a pc, and ended up making a very important computer to my entire class."
tifu-test-07113,i told my girlfriend i'm a dumbass.
tifu-test-07114,"i got a cocky, got a $10,000 dollars, and had to pay $10,000 dollars for a week."
tifu-test-07115,"i tried to get into my roommate's house, ended up cutting my wrist, and now i have to pay a new one."
tifu-test-07116,"i got cat poisoning, sprayed it up, then proceeded to take a shitty, and got a shitty in my room."
tifu-test-07117,"i found out on facebook, i found out i was facebook, and i found out she was friends, i found out she was facebook."
tifu-test-07118,"i bought tickets for the first time, and i don't know how much i am."
tifu-test-07119,i accidentally opened my mom's amazon porn and now i'm going to look for a dildon.
tifu-test-07120,"got a bad bit bit of a sparkler, ended up with a sparkler, causing it to the hospital and my girlfriend to the hospital."
tifu-test-07121,"tried to fix my brother with hot water, ended up with a copper wudding and a half of my hands."
tifu-test-07122,"i asked a girl out of my friends and his friends, i asked her to get a new girl and then proceeded to get her number."
tifu-test-07123,"i was bored, and my dad got bored, i got bored, and i walked away to the table with a table."
tifu-test-07124,i was holding a drill in my own ml and it was a good shooter.
tifu-test-07125,**
tifu-test-07126,i hit a guy in the face with a guy in the windboard and got kicked out of the wind.
tifu-test-07127,i shot a gun in the wrong direction and almost killed the consequences of the most of the range.
tifu-test-07128,i posted a picture of my high school and my mum saw it.
tifu-test-07129,i farted my gf and now i'm a dumbass
tifu-test-07130,"i told a girl i liked iceboarding, she said ""fuck you"" and i'm getting a coffee."
tifu-test-07131,i wore pancakes on my shirt and my family saw it.
tifu-test-07132,i forgot my name and forgot my name and forgot to go to a girl's house.
tifu-test-07133,i played scissors and ended up scissors and scissors.
tifu-test-07134,"i forgot to do my work, but i forgot to double-worker, and now she's going to be fired."
tifu-test-07135,"i got fired, got arrested, got arrested, and got arrested for it, and now i'm going to jail."
tifu-test-07136,"i got high, shat myself, shit myself, and i'm probably going to have a shitty."
tifu-test-07137,i was sunburned and burned my shoulder with a swollen burn.
tifu-test-07138,"i got a bad car that was a bad idea towed my car, and now i have to pay for it to get a test."
tifu-test-07139,"i asked a girl out, i'm a doucheer and now i'm a dick."
tifu-test-07140,i lost my umbrella and lost my umbrella.
tifu-test-07141,i tried to get a good idea and ended up getting a broken eye
tifu-test-07142,"we were making a tree tree and the tree for my gf, we were sleeping, we got a baby and we were sleeping."
tifu-test-07143,**
tifu-test-07144,i tried to be a fap and ended up being caught by my father and his father saw me a fap.
tifu-test-07145,i was talking about a nuclear bomb and it ended up being a terrorist bomb.
tifu-test-07146,i told my boyfriend she was being a total day ago and she was waiting to be a total person.
tifu-test-07147,i tried to fix a hole with a hole and ended up with a hole of a hole.
tifu-test-07148,"i was supposed to talk to my ex about a guy who had a crush on me, and i ended up being a dick."
tifu-test-07149,i tried to be cute and ended up with a girl in front of a football game.
tifu-test-07150,i tried to flush my shit in a toilet and ended up with a flushing water in my face.
tifu-test-07151,"got drunk, got arrested, got arrested for a while a police officer."
tifu-test-07152,i threw away a kid's dog by throwing away cookies from the trash.
tifu-test-07153,"i tried to have a date with a nice girl, ended up with a nice eye and a half of my eye."
tifu-test-07154,"went to my gf's house, dad found out i was there, i'm a dick, i'm not a dick."
tifu-test-07155,i'm an idiot and i'm not a dumbass
tifu-test-07156,i sent a message to the wrong person that i was supposed to go to work.
tifu-test-07157,i got suspended for being suspended by a teacher and now i have to get suspended for assault
tifu-test-07158,i tried to help a friend out of a tire. she got hit by a car and almost got a ticket.
tifu-test-07159,i tried to be smart and ended up cutting myself a steel drill.
tifu-test-07160,i tried to make a marching band and ended up almost blinded my gum.
tifu-test-07161,i told my partner that my partner was a gun in her face and she was mad at me.
tifu-test-07162,"i fucked up by accident, and now i'm a fucking idiot."
tifu-test-07163,i threw my pen in the face and got a pen on the face of my student's face.
tifu-test-07164,i'm a dumbass and i'm not a bit of a girl.
tifu-test-07165,i tried to get a new electric battery and ended up costing $100 dollars worth of money.
tifu-test-07166,i wrote my work on a project project and now i'm not sure if i'm a dick.
tifu-test-07167,i got a job that was challenged by a friend that he was meant to be motivated to go to the local place. he got into a friend and now he's really hates me.
tifu-test-07168,"got high, thought i was smoking, got high, had a drug test, and now i'm fucked up."
tifu-test-07169,i'm a dickty man.
tifu-test-07170,i tried to hold my butt and ended up breaking my butt and my butt.
tifu-test-07171,i tried to take a cigarette break and ended up breaking my nose
tifu-test-07172,i left my keys in the middle of my car and it was a fake gun.
tifu-test-07173,i'm a fucking fuck
tifu-test-07174,i threw a homeless man out of my wallet and he lost it.
tifu-test-07175,i sold $2 worth of $200 worth of $200 worth of $200 worth of my girlfriend's shoes.
tifu-test-07176,"got drunk, got kicked out of a girl's birthday, got kicked out of her own own party."
tifu-test-07177,i fucked up by having a bitch and i'm now in a fucking bitch.
tifu-test-07178,"i accidentally left the hose in the lawn, and my mom saw me the whole thing."
tifu-test-07179,i'm a fuck up with my wife.
tifu-test-07180,"i told my crush that i like her, she's a boyfriend and now she's in trouble with me."
tifu-test-07181,i got a bad assignment and now i have to pay it back to my grades.
tifu-test-07182,i locked myself in the bathroom door and the door door open the door door.
tifu-test-07183,"i got drunk, and pissed off a friend's wedding, and now i have to go to the hospital."
tifu-test-07184,i was a baby baby and i thought was a baby baby.
tifu-test-07185,"ate a lunch, got cereal, ate it, and now i'm probably a moron."
tifu-test-07186,"i was stealing a shitty, and i am now afraid i'm a moron."
tifu-test-07187,i sat in a shitty in a bsm and had to clean it up.
tifu-test-07188,i farted on a fart and farted it.
tifu-test-07189,"i dropped a bomb in an airport at the airport, and now i'm a terrorist."
tifu-test-07190,"tried to adjust my eye, ended up with a new hook in my eye."
tifu-test-07191,i accidentally made a joke about a class talk about my professor's death.
tifu-test-07192,"tried to make a baby sitter, but instead i'm too big."
tifu-test-07193,"i got a free bit of food and didn't realize it was a waste of food, and now i'm an idiot."
tifu-test-07194,"i was in a relationship with my ex-girlfriend, and he didn't know what happened to him."
tifu-test-07195,i wrote a paper that was supposed to be in a form of work and ended up being in the morning.
tifu-test-07196,i fucked up by not knowing what i thought about my girlfriend and now i'm getting divorced.
tifu-test-07197,"i tried to order some stuff from my mom's house, ended up getting a shitty bottle of water."
tifu-test-07198,i ran running and ran into a closet and ran into my kitchen and ran into a closet.
tifu-test-07199,"went swimminging, caught a small deal with fish in the process, caught a small hole in the process of my life."
tifu-test-07200,i made a joke about a girl in front of a class r.
tifu-test-07201,"i tried to prank my teacher with a teacher, ended up getting a bloody mouth and a half-year-year old teacher."
tifu-test-07202,"i left my girlfriend's house open the house, and now my girlfriend's family is still in the house."
tifu-test-07203,i told my dad i'm a big idiot.
tifu-test-07204,i'm a dumbass and i'm not happy with a new girl.
tifu-test-07205,"i told my friend i was going to get some food, i was not a sandwich."
tifu-test-07206,i got hit by a gas station and got hit by a gas station.
tifu-test-07207,"ate my grandma's grandma, she ate it, and now i'm dying."
tifu-test-07208,"i watched a video of a funny movie movie to watch a movie, ended up making a pretty bad laugh."
tifu-test-07209,"i tried to get my own fall, ended up breaking my hand and breaking my knees."
tifu-test-07210,i tried to be a dildo and it ended up with my sister.
tifu-test-07211,i told a guy that i was going to be a job.  i made a joke about it.  i'm a dick.
tifu-test-07212,i was late for lunch and got caught by a teacher.
tifu-test-07213,i am a fucking idiot and a creepy.
tifu-test-07214,"i was doing a dremel in my eye, and it exploded into my eye.  i got a scar in my eye and a screwling.  i'm a scarred."
tifu-test-07215,"i was going to the face, got a lotion on my face, and now i have a face of my face."
tifu-test-07216,"i tried to park a squirrel, ended up getting into a car crash and a squirrel."
tifu-test-07217,i fucked up by trying to clean up my hdd with his hdd. he did not get fired and he didn't even have to do it.
tifu-test-07218,i got kicked in the balls and fucked my balls.
tifu-test-07219,i fucked up by putting my ps4 on my ps4s and lost my ps4.
tifu-test-07220,i was a dumbass gun gun and shot my gun in the middle of my school.
tifu-test-07221,i accidentally let a dog out of my wife's new couch and they ended up being a bit of work.
tifu-test-07222,i was a little bit of my cousin.
tifu-test-07223,i got burned in the middle of the day before i was supposed to get some ice cream on my shoulder.
tifu-test-07224,i tried to stab my room and ended up with a fake pen.
tifu-test-07225,i wrote my paper paper for my paper and now i'm too sure i'm a dick.
tifu-test-07226,i got late for work and drove into a car. got stuck in the rain. got a ride to work. got stuck in the rain. got a new car crash. got caught by a car. got ticket.
tifu-test-07227,"went to a party, got hammered by a friend, drove off, got chased by a police, got called by a police, got called a police, got hit by a police, got home, and was almost a cop."
tifu-test-07228,i told a co-worker i work at work and now i'm too busy to work.
tifu-test-07229,"i had to shitting my own bathroom, but i didn't know the way i had a shitty, and i'm not sure if i'm a shitty."
tifu-test-07230,"i thought i was a burglar, but was too paranoid to turn out of my house."
tifu-test-07231,"i tried to find a scarf, and my mum found it a vibrator and i had to find a vibrator."
tifu-test-07232,i was too lazy to tell my boyfriend to buy her a groceryies.
tifu-test-07233,i was taking a bath attack and accidentally passed out of my own own own body.
tifu-test-07234,"i went to a dump in my backpack, got a shitty bag, and got a shitty in my life."
tifu-test-07235,i took a shit of mushrooms and got a shitty.
tifu-test-07236,i am a fan of gengardard's video.
tifu-test-07237,"i got fired for my boss's work, and now i'm going to work on friday."
tifu-test-07238,i was at a park and i got into a bin with a metal scooter.
tifu-test-07239,i threw a new car in the hospital and a bunch of my jeans.
tifu-test-07240,i asked my friend to give him a secret santa gift.
tifu-test-07241,i got drunk and told a black guy i like i was going to have a drink with the rest of the black guy.
tifu-test-07242,i made a haircut at my daughter's haircut and now she's going to have a hairdress.
tifu-test-07243,i took a shitty with my shitty and ended up with a huge mess.
tifu-test-07244,"i got a shitty toilet, broke my toilet, and now my siblings are pissed."
tifu-test-07245,"i got fired, and my boss found out i was going to be fired. i'm a liar."
tifu-test-07246,i got fired for a job and told the manager that i was too late for a year.
tifu-test-07247,friend got a free card from a store and i threw it on the way to the store.
tifu-test-07248,i fucked up by not realizing that i was in the middle of my high grade.
tifu-test-07249,"i was a cop belt, got pulled over by a cop belt, and was told by a cop."
tifu-test-07250,"got high, got high, got locked in the shower, got locked out of the rain, and got fired."
tifu-test-07251,i got my spot spot in the parking lot of my teacher and now i'm a freo.
tifu-test-07252,i took a poop in my kitchen and it exploded in my kitchen.
tifu-test-07253,i forgot to take a shower and ended up waking up my dick.
tifu-test-07254,"** got a bit of the wrong side of the us on the road, and i ended up getting a car of the right side of the right side of my friends."
tifu-test-07255,i bought a hot tea in the cold water and it's hot enough.
tifu-test-07256,i made fun of a co-worker joke about being racist.
tifu-test-07257,i had a bloody stomach and it ended up tearing my own shit.
tifu-test-07258,"i threw a laptop, and threw it in my laptop, and got a new one."
tifu-test-07259,i drove my driver's car and it crashed into a speeding traffic. i was not a smart man.
tifu-test-07260,i tried to pull my penis off my penis and ended up with a little little hand.
tifu-test-07261,i was supposed to write three exams because i forgot about it.
tifu-test-07262,i fucked up by not knowing i was trying to tell my friends that i was trying to tell them.
tifu-test-07263,"i asked a guy to have a leg line, he was looking at me for a walk."
tifu-test-07264,tried to get a job off for my interview and ended up getting a job.
tifu-test-07265,i'm a dumbass.
tifu-test-07266,"lost my phone, lost my phone, lost my phone, and now i have to get a new phone."
tifu-test-07267,"i tried to be a diaperper, but ended up shitting my son's diaper on the bed."
tifu-test-07268,i tried to throw my boyfriend's hand and ended up with a small wound up in the erster.
tifu-test-07269,i got a bad bill from church and now i'm an atheist.
tifu-test-07270,"i left my cat in the morning, and i got my cat pissed."
tifu-test-07271,"i got bullied by my brother, and now i'm a dumbass."
tifu-test-07272,i got a fucking fucking fucking in the face of my school and my friend and i had to explain to it to a friend.
tifu-test-07273,"i drank a kolly of jeterra, and i drank it."
tifu-test-07274,"i made a hat about a girl who had a hat on me, she was told me to die in the hallway."
tifu-test-07275,"i thought i was a lollipopop, and i was too high, and i lost my life.  i'm an idiot."
tifu-test-07276,i played ricky on my computer and now i'm going to be fired.
tifu-test-07277,i am a dumbass.
tifu-test-07278,i was sleeping in the night and my dad was sleeping in the middle of my room. i was sleeping in the middle of the night and i woke up my friend's friend's friend's friend.
tifu-test-07279,i was a stalker and sent a fake facebook account to a fake national federal federal federal federal federal federal.
tifu-test-07280,"i tried to get a butt, but ended up getting lost by a butt."
tifu-test-07281,"i asked a girl out of a girl i liked her name, she told her i had a nice time, and i ended up getting a new chance to the party and i'm now going to have a new friend's birthday."
tifu-test-07282,i went to the vet and got my dog locked out of my house.
tifu-test-07283,"i got high and shit on my ass, and i got a shitty wipe."
tifu-test-07284,i was too excited to a family who was going to come over and got my parents to come over and he was mad at me.
tifu-test-07285,"i have been working for the first time in the world, but i was too lazy to do it for the last time, and i have to work for a month."
tifu-test-07286,i smoked weed and my gf's mom's bf's house.
tifu-test-07287,i got caught by a enema and my boyfriend walked in on me.
tifu-test-07288,i accidentally stalked a girl with a penis on my laptop.
tifu-test-07289,"i got drunk, and burnt my house, and burned the house, and now i'm scared of my house."
tifu-test-07290,"i tried to shave my hair with a shower, ended up with a nice shower full of shampoooo."
tifu-test-07291,i broke my little brother's rock and got 3 stitches to the hospital.
tifu-test-07292,i yelled at a grocery store and told a woman that she yelled at me.
tifu-test-07293,"i got a new job delivered, and got a shitty, and now i'm fucked up by my boss."
tifu-test-07294,i tried to get a bath and ended up with a cold wet wet wet.
tifu-test-07295,"i was a little bit of my mm's mm, and i accidentally grabbed it."
tifu-test-07296,i was too lazy to go home and ended up with a scooter and a scooter.
tifu-test-07297,"i played my baby on my new phone, and my wife and my wife and i spent the night of the night."
tifu-test-07298,my boyfriend punched a punch and i punched him up.
tifu-test-07299,"i told a friend i liked, he had a lot of time to look at, i told him i had a crush on the phone, and now i'm going to look at home."
tifu-test-07300,"went to meet a guy, dad was mad, dad came to meet me up, i tell him i was a dick."
tifu-test-07301,i spilled water all over my bed and now i'm too lazy to drink it.
tifu-test-07302,i was listening to music and shouted at my best friend when i was listening to music.
tifu-test-07303,i accidentally threw my coworker in a room and the office manager was on fire.
tifu-test-07304,"i accidentally texted a text saying ""i love"" to a friend who is my girlfriend."
tifu-test-07305,"got drunk, got drunk, punched a friend, got a cast on my shoulder, and got a cast on my shoulder."
tifu-test-07306,i'm a fucking idiot and my mom found out she's been a religious woman.
tifu-test-07307,"went on a freeway home, got locked out of the free way home."
tifu-test-07308,"i tried to break my knade, ended up breaking my knuckles and breaking my fingers."
tifu-test-07309,"i broke my ankle, broke my ankle, and broke my ankle."
tifu-test-07310,i'm a fucking idiot.
tifu-test-07311,"i got a bad stomach, got a bad experience, and got a bloody scar in my leg, and had to walk home to the hospital."
tifu-test-07312,**
tifu-test-07313,i was sleeping on a bus and fell asleep on a road and had to drive my arm to the hospital.
tifu-test-07314,"went to a bar to get back, got lost, got lost by a cab, got kicked out of the trunk, and was told by a cab."
tifu-test-07315,"i went to a movie with my friend, i ended up getting a ticket and my dad was late for it."
tifu-test-07316,"i tried to get my dog, but instead i'm not a good dog."
tifu-test-07317,"i made an undercover joke about how i thought it was a cup, and then i made it look like i was going to die."
tifu-test-07318,i was too excited to do something like a coconut coconut coconut and ended up breaking my dick off the door.
tifu-test-07319,i got accepted for a foreign and a half-long student in my apartment.
tifu-test-07320,dog bites me by biting my dog by biting his dog.
tifu-test-07321,i tried to scare a lady and ended up with a broken old lady
tifu-test-07322,"i cut my finger with a nail, and now i have to get a new job."
tifu-test-07323,"i made a dead man cry, and made a funeral."
tifu-test-07324,"i walked to a guy's father, he thought he was funny. he was a pedophic."
tifu-test-07325,i tried to flirt my friends on fb and ended up getting a message from a friend who was a friend.
tifu-test-07326,i'm not an idiot and i'm not happy with my wife.
tifu-test-07327,i spilled a soup at the floor and spilled it on the floor.
tifu-test-07328,i thought i was a dumbass and woke up a glass and woke up a glass in my face.
tifu-test-07329,i accidentally gave a bottle of a bottle of semen on my penis.
tifu-test-07330,i shot my laptop on fire and now i'm going to shoot my laptop with a firefire and i'm not sure i'm a dumbass.
tifu-test-07331,"accidentally sent my dad a new phone, he tried to get a new one of my dad's iphone."
tifu-test-07332,i'm an idiot
tifu-test-07333,"got drunk, got drunk, got drunk, got caught by a girl, got caught by a girl, she was drunk and now i'm a dick."
tifu-test-07334,"got drunk, went to a pub with a girl, cousin caught me in her face and i was in a throately drunk."
tifu-test-07335,"i tried to clean soap, ended up with a broken ass."
tifu-test-07336,"i got drunk, and ran into a dump, got caught in the face, and got caught by a small girl."
tifu-test-07337,"i tried to save catnip, ended up setting my catnip and the cat in the process."
tifu-test-07338,"i broke my basketball, and it's not a good idea."
tifu-test-07339,i tried to masturbate my semen and ended up squirting myself.
tifu-test-07340,"i was in a school trip with a disabled kid, and my friend had to talk about it."
tifu-test-07341,i got a shitty and got a shitty.
tifu-test-07342,i got bacon on my own side of the kitchen and now my dad is eating bacon.
tifu-test-07343,"got mad at a game, got mad, got mad."
tifu-test-07344,i told my aunt that my aunt was being angry at me.
tifu-test-07345,i told my teacher that the word was a cunt and the whole class was talking to me.
tifu-test-07346,i got a sweaty sweat in my vagina and it exploded in my vagina.
tifu-test-07347,i got drunk and dropped a bottle of soda all over a bottle of people.
tifu-test-07348,i made a mess of dressing dressing in the middle of the world and the company found the way to make.  the boss smells like i was about to clean the mess and i had to clean the mess out of the cost of the mess.
tifu-test-07349,i'm an idiot and i'm not a dumbass.
tifu-test-07350,i tried to clean up my co-workers's teacher's day before i was late.
tifu-test-07351,"got caught by a kid and got caught by a ""nady"" with my penis"""
tifu-test-07352,i put my shoes in a box of a box of trash and it turned out to be a new one night.
tifu-test-07353,i gave a free haircut to a beauty salon and got a free haircutut.
tifu-test-07354,i used a piece of a rubber band and it got stuck in my arse.
tifu-test-07355,i gave my number number number to a girl who was texted with my number.
tifu-test-07356,"i was too big and put a cabinet in a cabinet, got stung and slammed a cabinet, got stunged and hit a cabinet."
tifu-test-07357,i accidentally made a steaks of my son's son.
tifu-test-07358,"got drunk, threw up, threw up all my clothes, and had to vomit all over my house."
tifu-test-07359,"i tried to get food, ended up with a dirty ass and a half-old man."
tifu-test-07360,puked my bike and hit my bike.
tifu-test-07361,i'm a dumbass and i'm a dumbass.
tifu-test-07362,i got a shitty and got a huge assble on my tailbone and now i have to wait for a week.
tifu-test-07363,"got drunk, told my ex i was going to hook up with her ex, she wants to buy a fuckup."
tifu-test-07364,i was listening to my headphones in the library and ended up ruining my headphones in the library.
tifu-test-07365,i was too shy to a college and i told her i was doing a dick and she was actually a dick.
tifu-test-07366,i was 14 years old and missed a girl's first day.
tifu-test-07367,told my lady i'm a bf and she's not sure she's a dumbass.
tifu-test-07368,"i got my sister's car on the road, and i'm not sure i'm going to drive to the car."
tifu-test-07369,i ate a edible bar and got high and threw up a bunch of chocolate.
tifu-test-07370,i was being raped by my roommate and my roommate saw it.
tifu-test-07371,"sent my boss a video of thrones to my boss, she sent it to her."
tifu-test-07372,"i accidentally sent a text to a text neighbour, she got a text from my house, i thought i was a text text, i got a text from the police and now i'm a horrible neighbor."
tifu-test-07373,i made a joke about a dead friend who was talking to me about his death.
tifu-test-07374,i accidentally left a bag of a bag in a bag of a bag that was actually a dildon.
tifu-test-07375,"i tried to meet my new brother, he almost choked him and i lost his hand."
tifu-test-07376,"i tried to brush my mouth with a mouth full of shampoo, ended up swallowing a nasty mouth full of my mouth and a half-filled mouth full of my mouth."
tifu-test-07377,"i was playing games with my friends, and now i'm going to play games."
tifu-test-07378,"i lost my bin, spent $200 in the bin,000 years later, and lost all my stuff."
tifu-test-07379,"i tried to catch a garter with my gf, but it was a guy's brother."
tifu-test-07380,i accidentally created a stupid stupid resource on reddit and it was a very stupid idiot.
tifu-test-07381,i made a video of a group of people who was about to be a video of people who i was talking about.
tifu-test-07382,i got drunk and my little sister's parents are going to the party. i'm not a dumbass.
tifu-test-07383,i forgot to lock my belt in front of a police and got caught by a police police.
tifu-test-07384,"i tried to try to get my own dick, ended up getting stuck in the mouth and now i have to move my own dick."
tifu-test-07385,"drank coffee in the coffee, drank too much coffee, got a massive coffee, and had to wait for a drink to get a drink in my head."
tifu-test-07386,"i broke a camera, and it broke my job."
tifu-test-07387,i accidentally sent a teacher a bunch of japanese and it turned out to a bunch of japanese.
tifu-test-07388,"got high, got high, got fucked up by a girl, got fucked up by a girl."
tifu-test-07389,i was molested by molesting a woman and punched her in the face.
tifu-test-07390,i tried to get jalapeño and ended up getting a shitty.
tifu-test-07391,i was an idiot and my penis is not a bobby.
tifu-test-07392,"i got into a club with a girl, got a shit and punched out of a girl."
tifu-test-07393,i asked a snapchat to a girl who i like and i got a snapchat from her and told her i was going to her.
tifu-test-07394,i tried to get a phone number of tinder. ended up with a girl i have been trying to fix my ex.
tifu-test-07395,i made a bottle of blueberry juice in my kitchen.
tifu-test-07396,"i told a delivery to sign a friend’s house, he got pissed off by a police and now i’m a half-worker."
tifu-test-07397,i was a ninja massage in a massage room and got a massage massage.  i thought i was a pervert.  i didn't know what she was doing.  i'm a groore.  i'm an idiot.  i'm a freak.  i'm not a morass.  i'm an idiot.  i'm a bigass.  i'm not a big person) and i'm a little.
tifu-test-07398,"i tried to fix a co-worker a few weeks ago, and i'm too embarrassed to fix the valve."
tifu-test-07399,i made a stupid eye contact for a week and he was left with it.
tifu-test-07400,i tried to help a customer with fiancee. she ended up calling her a new job.
tifu-test-07401,"i'm a cold man who is a cold, and i'm not a man."
tifu-test-07402,i tried to show a lady i like a crush and ended up getting kicked out of her car.
tifu-test-07403,"i accidentally put ice cream in freezer, and it exploded in the freezer."
tifu-test-07404,"got drunk, told my mom i had sex with her, she told my mom i had sex."
tifu-test-07405,i gave my bank number number to a scam but i didn't have a lot of money.
tifu-test-07406,"i tried to take a picture of a wedding, ended up being a nice dress and a half-trip."
tifu-test-07407,"i got a bag in a foreign country, missed my luggage, and had to go to the airport to get it back in a different country."
tifu-test-07408,i'm an idiot and i'm not sure if i'm a dumbass.
tifu-test-07409,i got drunk and told my parents that i was going to kill a couple of people and i had to walk to the house with my friends and my parents.
tifu-test-07410,"i let my hamster into the microwave, and my roommate's daughter is in the process of the house."
tifu-test-07411,i had a final day in the library and woke up with my pants.
tifu-test-07412,"got drunk, went to a party with a hangout, got a seizure, passed out in the hospital and was given to the hospital."
tifu-test-07413,"i jumped into the toilet, and now i have to wait for a walk of my cat."
tifu-test-07414,"i made a joke about a presentation about a presentation, and ended up making myself look like a joke."
tifu-test-07415,i was being a dick and accidentally stabbed a girl in front of a girl's mouth.
tifu-test-07416,"i told my best friend i'm cheating on her, and i'm now in a relationship with a girl."
tifu-test-07417,"got drunk, jumped, jumped, got a marble on my knee, got a marble in my knee, got a marble, and had to walk home."
tifu-test-07418,"i went to work, got a shitty, got caught, and had to go back home."
tifu-test-07419,i sliced my hand in the middle of the meat slicer and sliced my hand off the kitchen.
tifu-test-07420,"got drunk, got drunk, got a tattoo in the face, and had to get her to get it back to the hotel."
tifu-test-07421,i accidentally made fun of my husband in a party that was going to die.
tifu-test-07422,i watched a carpet with a carpet full of people's shoes and it was a carpet of my shoes.
tifu-test-07423,"got drunk, got drunk, got drunk, got fucked up by a girl, got fucked up by a police and got a half of work."
tifu-test-07424,"i tried to make jelly beans, but it exploded in my mouth."
tifu-test-07425,"i didn't do homework, didn't go to the wrong history, and now i have to do a shit of myself"
tifu-test-07426,i put my phone in a storm and it was a storm.
tifu-test-07427,i tried to fix my girlfriend's laundry and ended up breaking my hands.
tifu-test-07428,"i tried to feed my cat's tail, instead i'm a horrible person."
tifu-test-07429,"ate a headache, ate a headache, went to sleep, shit myself, and shit myself in the hospital."
tifu-test-07430,"i hit a kid in the face with a kid, he got hit in the face, i got hit by a kid."
tifu-test-07431,"i tried to use my xbox, but instead i'm too lazy to use my xbox key."
tifu-test-07432,i shit myself in a shit lot of shit and then i got a shitty shit all over myself.
tifu-test-07433,i tried to spray the cactus with ants.  got them out.
tifu-test-07434,i took a shock pen in a crowded room and got a shock-up-bombed in the middle of the security.
tifu-test-07435,"i went to a bath bath, and my grandfather found out i am a diaper."
tifu-test-07436,"sent pictures to a marine recruiter, sent them to a marine recruitor, ended up getting a major fuck."
tifu-test-07437,i was wearing a nazi-nazi and got a panic attack.
tifu-test-07438,i got a straw in my ear and ripped my ear in my ear.
tifu-test-07439,i got my first bus ticket for the first time and got a ride to the bus.
tifu-test-07440,i bought milk on my car and it exploded on my floor.
tifu-test-07441,i shit myself in a toilet and got covered in my hand.
tifu-test-07442,"i tried to clean up a bag of coffee, but i didn't have enough the contents of the contents of the contents of the contents of the contents of my life."
tifu-test-07443,i accidentally gave my brother a drink star star of a rubber star and he ended up in a very hot sciget.
tifu-test-07444,i accidentally asked a manager that my manager that i had been working for work.
tifu-test-07445,i broke my tv and broke my tv.
tifu-test-07446,"i got a bad bit of my foot on my foot, and it's probably a bit of my foot."
tifu-test-07447,i got a crush and had a crush to go to prom to my bed.
tifu-test-07448,"i left my family home with my dad, and i got a shitty."
tifu-test-07449,i took pills of my medication and took a half-up pill that was dying.
tifu-test-07450,"i tried to save an old files of my hard drive drive, ended up with a very expensive drive of money."
tifu-test-07451,got a beer and now i'm a female.
tifu-test-07452,i got shot by a guard and got shot at by a guard.
tifu-test-07453,i ate a shitty and shit myself in the middle of the night.
tifu-test-07454,i got drunk and pissed up by my mom and now i have to go to school.
tifu-test-07455,"i got a little eye, got a little eye bleed, and my mom got a little eye bleed."
tifu-test-07456,i accidentally gave a gift card to a company and a half-worker.
tifu-test-07457,i tried to sharpenpener with a electric pencil and ended up with a penciler and a penciler.
tifu-test-07458,i accidentally smashed my phone and it fell into a parking lot.
tifu-test-07459,i took a naked ass and forgot to put my underwear off.
tifu-test-07460,i told a minor girl that i was playing a minor chord.
tifu-test-07461,i ate too much and ate my ass and the most of my cum.
tifu-test-07462,"i hit a cab-lane, got hit by a taxi cab, and now i'm a shitty."
tifu-test-07463,"i was in the gym, and i got caught by a teacher."
tifu-test-07464,i was reading tifu by reading tifu and it's a girl who's in my class.
tifu-test-07465,i cut a bottle of a bottle bottle in my dick and got a bottle of my dick.
tifu-test-07466,"i forgot to say hi, but i said no one of my life, and now i'm a pervert."
tifu-test-07467,"i skipped school, got caught, and now i'm going to be home."
tifu-test-07468,i texted a girl a lot of mrs and now i'm a serial.
tifu-test-07469,i was doing a work card and it wasnt working.
tifu-test-07470,"i got a kitten from the christmas tree, and he got a nice mess."
tifu-test-07471,"i got a very nice girl, and i got a very nervous and threw it in her face, and i got a message from the gym for the next day."
tifu-test-07472,"i accidentally opened a cap of juice to my teacher, which led to be released by a water bottle of milk, and i accidentally drank it all over my bag."
tifu-test-07473,"got drunk, slept in bed with my gf, woke up to bed, and was caught by the bed."
tifu-test-07474,"i got a date with a girl i like, she said i was going to have a date, i ended up being dating and now i'm not sure if i'm a girl."
tifu-test-07475,"i was too lazy to get my ex, and i ended up getting a new one night with my ex and my ex-girlfriends."
tifu-test-07476,"i went to a lobby with a friend at the lobby, got caught by a lobby, and got caught by a scene."
tifu-test-07477,"i got a rash, got a rash, and had to be treated by a very bad dog."
tifu-test-07478,i tried to use a new phone and ended up destroying my phone.
tifu-test-07479,"i got a ticket ticket, got pulled over, and now i have to pay for a ride to pay for it."
tifu-test-07480,"got drunk, got drunk, threw up my cat's ass, and now i'm probably going to sleep."
tifu-test-07481,"i went to work early to work, got locked, and got locked in the cold."
tifu-test-07482,i tried to rub a bottle with a bottle and ripped my eye out.
tifu-test-07483,i was holding a solar sun in front of a telescope and it exploded over my eyes.
tifu-test-07484,i was a swarm and i thought i was going to the local one day.
tifu-test-07485,"tried to bleach my crotch, ended up burning my crotch."
tifu-test-07486,i broke a $20 camera and it exploded.
tifu-test-07487,i lit a cannon cannon on my face and exploded my face and burned my face and got a huge burn on my face.
tifu-test-07488,i made a bad paycheck for the first time and i have to pay for the car to make a big amount of my car.
tifu-test-07489,"i tried to upload a bunch of photos to my google, ended up getting a new one of my photos and my whole family."
tifu-test-07490,"i went to a park, got stuck in the mud, got stuck in the mud, and got my dog called the cops."
tifu-test-07491,i'm an idiot.
tifu-test-07492,"got drunk, woke up my own jeans, had to go to the er."
tifu-test-07493,"i tried to start a fire truck, ended up burning my work with a fire truck."
tifu-test-07494,i fucked up by being a paid attention for my boss and now i have to pay for a new job.
tifu-test-07495,i played the wrong music music music in front of my new band and didn't realize it was the first.
tifu-test-07496,i tried to stand my leg off my leg and ended up with a broken ankle.
tifu-test-07497,"i told a girl that i thought was talking about suicide, and now i have no idea about it."
tifu-test-07498,i accidentally fucked up by forgetting my camera was a good idea.
tifu-test-07499,i'm a complete idiot who doesn't know how to check my license plate.
tifu-test-07500,i sat on a crush with a crush on my crush and a girl who was sitting next to me.
tifu-test-07501,i left my keys in the same time and my brother found it.
tifu-test-07502,i was a stupid idiot and ended up selling a few thousand thousand dollars to the company.
tifu-test-07503,"i locked my backpack in the parking lot of my car, and now i have to pay a new one day to the police."
tifu-test-07504,"wasn't paying attention to the sun, ended up with a massive wind and a bad nose."
tifu-test-07505,i sent a photo of a company that was meant to be funny and i was too stupid to realize i was supposed to get my work.
tifu-test-07506,"i tried to do a football game, ended up with a broken leg in the process."
tifu-test-07507,**
tifu-test-07508,"i asked my girlfriend to go to a cadet dance with her, she asked me to go to a dance with her, she asked me to dance and i had no idea to go to dance."
tifu-test-07509,i accidentally sent my company a video to my coworkers and my coworkers.
tifu-test-07510,i was an idiot and i was too embarrassed to drive my licence.
tifu-test-07511,i was a fucking fidget and i am not a fucking idiot.
tifu-test-07512,"i spilled milk in microwave, it smelled like an idiot."
tifu-test-07513,"i tried to save a new phone sim4 with a net on net, ended up costing her $10$ worth of $10,000$ worth of $10 on a $10,000$"
tifu-test-07514,"got caught with my friend, sent a picture of my phone to a school party, got caught by a girl, and now i'm in trouble with a girl."
tifu-test-07515,i blocked a girl on fb and now i'm going to kill my parents.
tifu-test-07516,"i fell down a knife, got stabbed, and got stabbed."
tifu-test-07517,i accidentally dropped a cheesecake on the counter of a cheesecake roll and got fired.
tifu-test-07518,"i bought amazon for amazon, and got my credit back back to amazon."
tifu-test-07519,"tried to wax my hair, ended up having a hair burn and now i have to get a hair burn."
tifu-test-07520,"i fucked up by not realizing i was supposed to be a good one year old, and now i have to write a new one year of the room to the room tomorrow."
tifu-test-07521,i tried to propose my girlfriend to propose to propose to my girlfriend about how to do.  she said i'm dating and now i'm going to die.
tifu-test-07522,i made a little brother laugh about being autistic and now i feel like a dumbass
tifu-test-07523,"i'm a horrible person who's been having a bad crush with a girl i like, and i'm in college with a girl who's going to have a bad crush."
tifu-test-07524,i was being a nice douon and i thought it was a nice idea.
tifu-test-07525,i got my hair hair stuck in the back of my hair and got the kid fired out of my hair.
tifu-test-07526,i threw a fire in the middle of the beach and it blew up.
tifu-test-07527,"i pooped on my daughter's face, and it was a little bit of milk."
tifu-test-07528,i was invited to a bar and i accidentally jumped into a bathroom. i was too embarrassed to my wife and i accidentally punched her up.
tifu-test-07529,"i got a kale mask mask, burned my face with a kale, and now i have to wear a kale face for the next day."
tifu-test-07530,"got caught by a cop security, got pulled up by a security security security."
tifu-test-07531,"i fucked up by not paying attention to my girlfriend, and now i'm fucked up by a new one year."
tifu-test-07532,"i tried to make a course in my class, ended up handing myself in the middle of my class and my class in the middle of my class."
tifu-test-07533,i kicked my foot down a mattress and kicked it out.
tifu-test-07534,"i put water on the sink, and the sink exploded down the sink."
tifu-test-07535,i tried to sell a xbox that was supposed to be a good idea and ended up being fired by a customer.
tifu-test-07536,i played a cyisexual joke at work and now i'm a moron.
tifu-test-07537,"went to play with friends, got shit in the toilet, shit myself out of my keys and shitty."
tifu-test-07538,"i got drunk and punched my hand into a fence, got a concussion, and now i'm a dick."
tifu-test-07539,"i tried to save a boat drum, ended up with a huge oil drum and a half of water."
tifu-test-07540,i got a chemical burns on my body and it hurt me.
tifu-test-07541,i'm an idiot.
tifu-test-07542,"** tifu by accidenting a tiger tiger in the zoo, and i didn't know how to do it, and ended up getting caught by the entire animal."
tifu-test-07543,"got a rash, thought i had a red eye, turned out to be a doctor, now i'm a dumbass."
tifu-test-07544,"i left my gf's house in the middle of my gf's house, and now i have to start a dryer with my gf."
tifu-test-07545,"i asked a girl out of a coffee, she's a stalker, and i have to ask her out."
tifu-test-07546,i told my old neighbour that he was dying and i was talking about it.
tifu-test-07547,i got drunk and my sister and i spent the night with my sister.
tifu-test-07548,i was a racist male and now i'm a racist racist.
tifu-test-07549,"i lost my old ball and lost my wallet in a gym, and now i'm going to the gym to get it back to my car."
tifu-test-07550,i sneezed my neck and sneezed my throat.
tifu-test-07551,"i accidentally gave a pint of a banana, and a half-year old man was in the same time."
tifu-test-07552,i'm an idiot and i'm not going to make a joke about it.
tifu-test-07553,"went to the cinema for the first time, ended up buying tickets for a dead time and now i'm going to see a screen of people."
tifu-test-07554,i tried to fix a lamp with a lamp and a pencil on my mom's lamp.
tifu-test-07555,"i tried to clean up my junk, ended up with a wet mess and a bunch of piss."
tifu-test-07556,i sent a new email to a new employee who was supposed to be a new colleague.
tifu-test-07557,"i put a hot bug in my vagina, it exploded in a hot bath, and now i have to wait for a month."
tifu-test-07558,"** i cooked jalenoeno with jaleno, didn't realize it was the most important thing, and i had to have a very hot time with my girlfriend."
tifu-test-07559,i got into a new school and got arrested by a girl who was trying to get me out of the library.
tifu-test-07560,"i got high and jumped in a bottle with my friend's car, and i got a half drunk, and i got a halfnd degree burns."
tifu-test-07561,"** i thought i was a part of my brother's car, and it was supposed to put it out before i was supposed to put it out."
tifu-test-07562,i accidentally created a british test that caused me to spit a test that was actually my white.
tifu-test-07563,i played my 3ds game on my 3ds game and now i have a new game on it.
tifu-test-07564,"i was masturbating, fell asleep and fell asleep in the bath."
tifu-test-07565,** i played a game game and played it on my website.
tifu-test-07566,"got high with friends, shot them over the roof, shot them over the roof, and now my friend is mad at us."
tifu-test-07567,i didn't pay attention to my high school class because i didn't know how to do.
tifu-test-07568,i got a spicy burger that i thought was spicy and it was a good idea.
tifu-test-07569,"i tried to walk a wheelchair, ended up breaking my hand and a disabled person in the process."
tifu-test-07570,"got drunk, got stung, burned my balls, and now my girlfriend is pissed."
tifu-test-07571,"i tried to make a pizza at work, and ended up getting a fire attack."
tifu-test-07572,i used a hot shaver and ended up with a burning electric electric razor razor that resulted in my legs.
tifu-test-07573,"i tried to flush my host with a guy, ended up pissing my host and making a horrible joke."
tifu-test-07574,i am a dumbass who is probably a pervertile.
tifu-test-07575,i ate a mint for the first time and got the mint.
tifu-test-07576,i got a bloody shit and ripped my sack and had to go to the er.
tifu-test-07577,"i lost my laptop, and my sister is mad at me."
tifu-test-07578,i'm not a dumbass and i'm not a dumbass.
tifu-test-07579,i'm a dumbass and i'm not a dumbass
tifu-test-07580,"i was lazy to work, decided to be a good idea, ended up with snowing snow and ice."
tifu-test-07581,i got a bad time and didn't realize i was able to be a good grade.
tifu-test-07582,i punched a piece of my desk and the cracked a piece of my desk.
tifu-test-07583,i called a porn call to my mom and she called me a porn call.
tifu-test-07584,"i was a stupid scooter and i tried to save a new one night, but i was too embarrassed to the police, and i ended up getting arrested by a police."
tifu-test-07585,"i was too lazy to get a job, ended up getting a shitty and a half of my life."
tifu-test-07586,i fucked up by not paying attention on my grade because i didn't know how to do.
tifu-test-07587,"got caught in the middle of my gf's garden, got a shitty, had to go to the er and get a shitty in the er."
tifu-test-07588,"i was meeting a woman at work with my colleague, i told her that she was a woman."
tifu-test-07589,"i tried to talk to my best friend, but i ended up being gay and now i have no idea of my life."
tifu-test-07590,i fucked up by making my girlfriend's tits and she's pissed at her.
tifu-test-07591,i got a bad blowjob and stuck in the back of my girlfriend's car.
tifu-test-07592,ate bj's bf and accidentally ate a bj and then accidentally ate it.
tifu-test-07593,i left my porn video in my house and my dad saw it.
tifu-test-07594,"i drove into a blind fender, got chased by a deer."
tifu-test-07595,"i left the key to my car, and now i'm stuck in the car."
tifu-test-07596,i got a bath bath and soaked my laptop.
tifu-test-07597,i accidentally wrote greekaki cheese and made a greek joke about how i was.
tifu-test-07598,i pooped and had to poop.
tifu-test-07599,i took a picture of a yellow car and the yellow flag of brazilian and the yellow flag of the front of the front of the front of the front of the car.
tifu-test-07600,"i accidentally sent a customer a delivery delivery to my boss, and then i was told i was going to be a delivery."
tifu-test-07601,"i got a muscle run, and got a muscle run 2 miles of 3 miles."
tifu-test-07602,"i got a shirt full of my mom's vagina, and i accidentally got a bit of my life."
tifu-test-07603,i turned off my dad's iphone and i turned off the internet.
tifu-test-07604,i'm a mom and i'm not sure if i'm a baby.
tifu-test-07605,i was watching my brother's phone and he told me to masturbate on my brother's phone.
tifu-test-07606,"girlfriend had a crush, i called her daughter, she called her daughter to the police, and i called her daughter to cry."
tifu-test-07607,i dropped soap on my head and it exploded in my head.
tifu-test-07608,i mixed up with food and got a dye on my face.
tifu-test-07609,i made a wafflele and it was in the morning.
tifu-test-07610,i was a dumbassass and i got my friend kicked out of my friend.
tifu-test-07611,i farted my pants with diarrhea and it was a diarrhea bug.
tifu-test-07612,i got a white girl out of the house and she got a shitty from the house. i'm a dumbass.
tifu-test-07613,"left my flat on fire, left it on fire, had to wait for a year, got caught on fire, and left the fire on fire."
tifu-test-07614,i tried to kill myself by telling my mum about suicidal life and now i'm unemployed.
tifu-test-07615,i tried to help my cat with a cat and accidentally destroyed a dress.
tifu-test-07616,i took my mom to the wrong train and ended up getting a bus
tifu-test-07617,"i swallowed a tube tube, got a juked, and had to vomit in my mouth."
tifu-test-07618,"i was a ninja in the middle of the back of my leg, and i was forced to be a ninja."
tifu-test-07619,"i left my bike to town, forgot about it, and now i have a bike."
tifu-test-07620,i got drunk and left a new bed with a girl who was trying to get laid up with me.
tifu-test-07621,i tried to control my computer card and ended up destroying my computer card.
tifu-test-07622,"tried to fix a hole, ended up with a new one."
tifu-test-07623,i burnt a metal hole in my arm and now my brother is sore.
tifu-test-07624,"i tried to get a new phone, but the guy is paying for it."
tifu-test-07625,i farted my gf's car and she got a gas full of gas.
tifu-test-07626,i gave my dog spray spray into my room and the shittingly sprayed my room into the microwave.
tifu-test-07627,"i got high, went to a friend's house, and ended up with a threesie."
tifu-test-07628,i got a fucking accident and got hit by a car.
tifu-test-07629,"got drunk, got really drunk, got really drunk."
tifu-test-07630,"i made a joke about a sexual joke, and got laughed at by laughing at it."
tifu-test-07631,i put fish fingers in the freezer and it exploded.
tifu-test-07632,i got my phone stuck in a very early interview and my boss was talking to me.
tifu-test-07633,i was 12 years old and decided to fix a toothro and cut my tooth open my leg open and a tooth.
tifu-test-07634,i was in a bad time and i jumped down my friend's ass.
tifu-test-07635,i accidentally sent my fiance hot sauce sauce to a stranger.
tifu-test-07636,i'm an idiot who wants to cook a new recipe of garlic.
tifu-test-07637,i threw my dad's watch watch and lost my watch.
tifu-test-07638,"i took a full shot of a high-up, and then i had a very high time to take a hangout of my life."
tifu-test-07639,"i accidentally masturbated my dad in a soccer game, got caught by a doctor, and my dad saw it."
tifu-test-07640,i lied to be a satan and lied to my college.
tifu-test-07641,i got fucked up by my cousin and i was too embarrassed to get a dress.
tifu-test-07642,i tried to spray my own rubber band with a rubber band and ended up with a rubber band.
tifu-test-07643,"i cut my finger open, cut my finger, and had to wait for it to get a knife."
tifu-test-07644,"i tried to clean my laptop, but instead i'm a smudge."
tifu-test-07645,"got suspended for a test, got suspended for the last day, got suspended from school, got suspended for the last day."
tifu-test-07646,i turned my burner on my heater and turned it off the heat.
tifu-test-07647,"i got drunk and knocked my arm into a rooftival with a friend, he thought i was going to catch it."
tifu-test-07648,i was too loud to hear my housemate who was masturbating in my house.
tifu-test-07649,"i got a little bit on a bike ride, and i got a concussion."
tifu-test-07650,i was a little kid who jumped in my locker and i got stuck in the locker for a while i was going to die.
tifu-test-07651,i got my god kicked out of my parents and i'm an idiot.
tifu-test-07652,i made a shitty of the first time i had to take a shit out of my life.
tifu-test-07653,i got my dad's birthday cancer cancer and he had to die for a year.
tifu-test-07654,"i tried to help my cat to get him a nap, but instead i'm a pervert."
tifu-test-07655,i was a stupid idiot and made a presentation about a presentation file that my class was in trouble.
tifu-test-07656,i missed the wrong class and the other class i was too late for a new one.
tifu-test-07657,i tried to defrost a fridge and ended up burning the fridge down the fridge.
tifu-test-07658,"i put my phone in my underwear, and it got soaked in my underwear."
tifu-test-07659,i let a cat out of my cat peeing on my face and she peed on me.
tifu-test-07660,i accidentally spilled a gas tank and it exploded in my mom's car.
tifu-test-07661,i got caught by a church and my son was in the face of a group of a group of people.
tifu-test-07662,"i went to the tifu, forgot about it, forgot about it, and now i'm probably going to be a bad deal."
tifu-test-07663,"i got stoned by a stoned on my foot, and now i'm too busy to get a stank."
tifu-test-07664,"ate some sugar gummy gummos, ate too much sugar, and ended up shitting myself in the bathroom."
tifu-test-07665,"i tried to find out the flat, but the door was called by my friends, and the police were called by the fact of the flat."
tifu-test-07666,"i was too lazy to work on a construction day, but i was too lazy to have to pay attention to my work."
tifu-test-07667,i went to the hospital for a week and ended up with a blood in my arm.
tifu-test-07668,"tried to light a lightbul in my high school, ended up burning my entire light."
tifu-test-07669,i bought tickets for a party that was a good idea.
tifu-test-07670,"went to chicago concert with tickets tickets, bought tickets for tickets, and now i can't buy tickets."
tifu-test-07671,i was a little shitty and the light of the bathroom.
tifu-test-07672,i accidentally spilled a bottle of alcohol in my junk warehouse and it exploded in the closet.
tifu-test-07673,"i tried to get a soft disk, ended up getting stuck in the wrong box and the hard drive."
tifu-test-07674,"i tried to do a good thing, ended up breaking my neck."
tifu-test-07675,"i got a shitty day, and now i'm probably going to be the hospital."
tifu-test-07676,told my partner i like a kid that he was smoking with kids.
tifu-test-07677,"i posted a picture of a friend's profile, and now i'm a dumbass."
tifu-test-07678,i tried to fix a welding and ended up breaking my face.
tifu-test-07679,i'm a masturbating.
tifu-test-07680,"i cooked rice on the stove, and now my kitchen is covered in the kitchen."
tifu-test-07681,"i was tired and i didn't get my car, and ended up in the parking lot."
tifu-test-07682,"i decided to kill a cactusus with a cactusus, and it fell out of a tree."
tifu-test-07683,"i was sitting on a train, threw a spider, and threw it out of my own arm."
tifu-test-07684,i chewed my gum and it was a piece of gum.
tifu-test-07685,i ate lunch and ate a very bad man's dinner.
tifu-test-07686,"i accidentally sent a picture of a gifu to a gifu, and it ended up being a big deal of the gifu."
tifu-test-07687,"i went to school for a high school trip with my high schoolfriends, and then proceeded to get a shitty of my shirt and ended up getting a huge stench on my shirt."
tifu-test-07688,i was trying to get a free video with a vapey video on a school and got caught by a gang.
tifu-test-07689,i'm a leg
tifu-test-07690,"i broke my john's john, got a broken meat, and got a broken ass stuck in my johny's apartment."
tifu-test-07691,** got a tube tube stuck in the middle of my tube and it was a good idea to be a doctor.
tifu-test-07692,i got home and locked my housemate's house.
tifu-test-07693,i was too lazy to go to bed and accidentally drowned my ps4.
tifu-test-07694,i fell down and fell on my face and fell on the ground and hit my face.
tifu-test-07695,i accidentally stabbed my cat in the middle of my work and now i'm a dumbass.
tifu-test-07696,"i ate a pot of weed, got a bad shot, and the whole thing i thought i was dying."
tifu-test-07697,i tried to put a gun in the head and ended up almost killing my friend.
tifu-test-07698,"i went to the checkout with my boss, and ended up making an emotional joke."
tifu-test-07699,i tried to clean up my trumpet and it ended up vomiting all over my shirt and my shirt.
tifu-test-07700,"i tried to have a vagina with my tampon, ended up peeing my vagina and now i have to wait for a while trying to get it out of my vagina."
tifu-test-07701,i tried to kick my own knee and ended up with a cripping knee.
tifu-test-07702,"i beat a bunch of ants on my pants, and got beaten by a bunch of ants."
tifu-test-07703,"i tried to be a good day, ended up breaking a pot of tea and a pot of my house."
tifu-test-07704,"i accidentally gave myself a jar of oil in my hands, and now i have a big mess."
tifu-test-07705,"i let my roommate use a fart, and now my roommate thinks i'm a horrible asshole."
tifu-test-07706,"i got tickets for my first time in the carnival, got tickets, and got caught by the Carnival."
tifu-test-07707,i accidentally drank a bottle of pee and then proceeded to get a pee from the fridge.
tifu-test-07708,i got a shitty car and a friend who i thought i was being a revenge.
tifu-test-07709,"i sent my girlfriend a birthday gift for her birthday, and her mom's mom is a gift."
tifu-test-07710,"i tried to save kids, ended up drowning a kid's job."
tifu-test-07711,i accidentally opened a free doll of a group of work i was working on a website and got fired.
tifu-test-07712,i met a girl at the wrong time and she got drunk and i told her that she was going to the beach.
tifu-test-07713,"i fucked up by not knowing what i was doing, and i told her that she was going to fuck me up."
tifu-test-07714,i was being a dick and my dog saw me a dirty dick.
tifu-test-07715,"i accidentally left a crazy girl in the back of my wife's house with her husband, and she's mad."
tifu-test-07716,"i was a bitch, got attacked by a monkey, and was forced to be a criminal by a monkey."
tifu-test-07717,"i met a girl in australia, she's pissed off and now i'm leaving."
tifu-test-07718,"i went to the bathroom, and ended up getting a shitty."
tifu-test-07719,i tried to make a shitty shit and ended up with a shitty shit.
tifu-test-07720,"** i was supposed to be a good idea to buy my passport, i lost my passport and ended up getting it back in the middle of the future."
tifu-test-07721,"i got a girl who i had a crush on my laptop, and she broke her. i had to pay for it."
tifu-test-07722,i tried to help a friend to get a hit scooter at the back door and ended up breaking it up the front door.
tifu-test-07723,dog shit everywhere.
tifu-test-07724,"went on a date with a girl, got a date with a girl, she left her on the roof, i was left the window, i had to have a date with a beautiful girl, and a half hours later."
tifu-test-07725,i'm tired and my friend is in the hospital.
tifu-test-07726,i got caught with a girl and told my sister i was a creeping about a tr.
tifu-test-07727,i slept in my friends house and my friends slept in the morning.
tifu-test-07728,i left my bag in the trunk and it's the only way to be in my car.
tifu-test-07729,i'm an idiot and i'm in the middle of my life.
tifu-test-07730,"i took a shitty while taking a shit in the bathroom, and ended up with a hand full of the hand."
tifu-test-07731,"i went to a friend's place to a friend who had a friend, and i ended up being in the middle of the night."
tifu-test-07732,i poured hot water in my work and it exploded in my mouth.
tifu-test-07733,"i got a migraine, and woke up in a shitty."
tifu-test-07734,"i got drunk, tried to help my dad, ended up getting a shitty and getting my dad called out of the hospital."
tifu-test-07735,i got drunk and kissed my best friend and now i have a chance of my best friend.
tifu-test-07736,"i got a vibrator from my mom's house, and she got caught in the shower."
tifu-test-07737,"i fell down the snow drain, fell and fell on the snow, and fell on the rain, and got a wet foot in the rain."
tifu-test-07738,i tried to clean up a chocolate bottle of chocolate milk and it ended up being a bad mess of ants.
tifu-test-07739,"i tried to wipe my eye with my left hand, and now my eye is covered in my left hand."
tifu-test-07740,i made a joke about feminism and made a joke about feminism and got a feminist joke.
tifu-test-07741,sent a picture of my friends to a friend who was taking a picture of a guy.
tifu-test-07742,i was playing with a chicken game and got a chicken shot.
tifu-test-07743,"i was trying to get my dad's phone number, ended up with a random guy and now i have a new phone."
tifu-test-07744,girlfriend and i had sex with her girlfriend.
tifu-test-07745,"i told my wife i wanted to have a new girlfriend, and she's pissed off."
tifu-test-07746,i tried to break a bologos with a bowl of sausages.
tifu-test-07747,i fucked up by putting a plunger in my kitchen sink and now i have to pay a plunger.
tifu-test-07748,"i was watching porn, and my dad found porn porn, and i found out he was watching porn."
tifu-test-07749,i got a shitty stuck in my pants and my pants broke my shorts.
tifu-test-07750,i tried to help a friend with a truck and ended up getting into a road.
tifu-test-07751,i wore shoes in my shoes and got them wet socks.
tifu-test-07752,i tried to hold a heavy and ended up with a heavy hand.
tifu-test-07753,"i was on a train, i drank a lot of shit, and i was so i was supposed to be there."
tifu-test-07754,i got a sweaty sweat on my dick and it turned out to be a good idea of my dick.
tifu-test-07755,"i called a little kid a call from a child and she said ""dad"" and i told her to break my family."
tifu-test-07756,i told my boss he was a gift for a gift. he told me to open it. i'm pissed.
tifu-test-07757,i left the water on my house and it flooded the house.
tifu-test-07758,"i tried to exercise ball ball, fell on the floor, fell on the floor and hit my wrist, and hit my wrist."
tifu-test-07759,i went to walk and fell and fell on a dog in front of my friend.
tifu-test-07760,i got wasted and drank a lot of whiskey for my parents and now i'm probably a dumbass.
tifu-test-07761,i tried to post my post to post to post my rums on rumsz's video.
tifu-test-07762,"i got a new hair cut in my face, my sister and i had to clean it up with my sister."
tifu-test-07763,i set the wrong room to get my stepfather’s house down and set the house down the house.
tifu-test-07764,i got a new date off with my ex and now i'm a dumb asshole.
tifu-test-07765,i fell down and fell down the bedroom door and fell down the stairs and had to get my dog fall down.
tifu-test-07766,"i tried to take a walk, but instead i'm a lazyass."
tifu-test-07767,i called my boss a stomach and called him saying i was sick.
tifu-test-07768,"went swimming, got swimming in the sand pool, got stuck in the sand."
tifu-test-07769,i got suspended for a kid and got kicked out of the school by a kid.
tifu-test-07770,"i'm a woman who is not pregnant to sit on the bus, but i was too lazy to hold it up."
tifu-test-07771,"i broke my pc, and it broke the power off."
tifu-test-07772,"i asked a girl out, she said she was going to the first date, and i ended up dating her."
tifu-test-07773,i shit myself in the ass and my pants was on my ass.
tifu-test-07774,i got drunk and passed out of my best friend's party.
tifu-test-07775,i got a boner and my peniser used it in my penis.
tifu-test-07776,i got a big rain on the rain and my parents saw me naked.
tifu-test-07777,i accidentally let a guy know he was doing the same time and he was drunk.
tifu-test-07778,"i got a girl's first time, she got mad, and i got caught by a girl."
tifu-test-07779,"i took a shitty, and my pants fell in my pants, and my pants was covered in my pocket, and i had to wait for a while i was taking a shitty."
tifu-test-07780,i walked in grocery store and walked to my grocery store.
tifu-test-07781,"i asked a girl if i wanted to get a prescription from her from the reception, she said i was talking to her. i ended up getting a rude and i was going to the reception."
tifu-test-07782,i gave my dad a cash bill and he gave me a cash.
tifu-test-07783,i was being a lazy ass and my dog was being told me to go to the park. i am now in the dark.
tifu-test-07784,"got drunk, got locked in a truck, cops called me, cops called me, cops called me and i'm a dick."
tifu-test-07785,i tried to show a guy a gator and he got it stuck in my mouth.
tifu-test-07786,"i tried to make a water balloon, ended up breaking a water balloon and a water balloon in the kitchen."
tifu-test-07787,"sent a joke to a friend, got sent it to the teacher, and now i'm a dumbass."
tifu-test-07788,i was in a rush to play a switch and a switch switch switch went on the whole day.
tifu-test-07789,"i got drunk, and woke up my own house."
tifu-test-07790,i was sleeping and my son fell asleep in the bed. i was sleeping in bed. i fell asleep and i woke up my wife in the bed.
tifu-test-07791,i pissed up by pissing in a cup of pissing in the middle of my dorm and the bathroom.
tifu-test-07792,"i tried to do a little shit in front of my school, ended up ruining my performance and ruining my performance."
tifu-test-07793,"i was mollymoo, decided to be mowmow, ended up with a small cutler."
tifu-test-07794,sent my tutor a text to a friend about a class and now i have to pay it back.
tifu-test-07795,"i was a friend and i liked to go to prom with my best friends, and i ended up being too high and i was too embarrassed to the fact of my friends."
tifu-test-07796,i accidentally threw a blender out of my son and it got a full full of the blender.
tifu-test-07797,"i drank too much, and had a hangover, and my bed is still dead."
tifu-test-07798,i tried to flush my eyeball with a large bottle and ended up with a half-eye of my eyeball.
tifu-test-07799,i tried to talk to a girl who was doing and ended up with her friends and i like her and her friends and i'm now in a bad mood.
tifu-test-07800,i'm a dumbass who has no idea to send them back to my ex and i have to pay for it.
tifu-test-07801,i tried to get a hole in a bucket and it fell on my foot and had to get it out.
tifu-test-07802,i left my room open in my room and now my roommates is covered in my room.
tifu-test-07803,"i got a boner, and now i have a masturbation."
tifu-test-07804,"i made a joke about a joke, and now i'm probably going to be a badass."
tifu-test-07805,i thought my sister was talking about fruit and it was about it.
tifu-test-07806,i tried to pee on my cat and ended up peeing on the toilet and my cat jumped in the toilet.
tifu-test-07807,i accidentally googled my work card and my team saw it.
tifu-test-07808,"i thought i was going to go to a pub, but instead i was not a good idea."
tifu-test-07809,"bought a new ty tyres, ended up costing £3,000 dollars on the side of new roof"
tifu-test-07810,i ate my tic tic tits and now i'm going to the dance with my mom.
tifu-test-07811,** i watched my dad a free movie for free money and he has to watch it.
tifu-test-07812,"i wrote a text saying ""cancin"" to a female and it's a ""sit"""
tifu-test-07813,"i accidentally said ""more"" to a woman who was in the hospital for her."
tifu-test-07814,"i'm an idiot who doesn't like a new girl who is trying to talk to me, but i'm too paranoid and i'm afraid of getting a new friend who is a new friend."
tifu-test-07815,i shaved my butt and got a bloody ass.
tifu-test-07816,i left the library for a library and got stuck in the middle of a library.
tifu-test-07817,"i tried to clean up a car, but instead i was cleaning it up and i was forced to clean it out of my car."
tifu-test-07818,"got mad at the face, got mad, got mad."
tifu-test-07819,"went to a box with my girlfriend, left her house in the middle of condentines, got caught by a box of condentines and a box of condoms."
tifu-test-07820,i was a racist and my girlfriend and now i'm a racist asshole.
tifu-test-07821,"i tried to try to do a co-worker's day, ended up getting naked and having no sex in the pool."
tifu-test-07822,i passed out my final test and passed out to the bathroom.
tifu-test-07823,"ate a chocolate, thought it was a good idea."
tifu-test-07824,"** forgot to lock my door in a parking lot of dinner, got locked out of my car and locked the door in the parking lot."
tifu-test-07825,i shaved my towel and now my wife is in the toilet.
tifu-test-07826,"ate a big sauce, got some stungy, got a huge mess, and now i'm fucked up."
tifu-test-07827,i tried to make a grapefruit and ended up making my cat cry.
tifu-test-07828,i'm unoccupied with my landlord and i'm now going to move out of the room.
tifu-test-07829,**
tifu-test-07830,"i thought my cat was a good idea, he got mad at me, i got mad at the pitch, and he got mad."
tifu-test-07831,i tried to be a niceass and ended up getting a seat of a guy who was supposed to be there.
tifu-test-07832,"drank a lot of whiskey and got a good drunk, got a cock and a half-toard."
tifu-test-07833,"i tried to be a good night, ended up with a broken breast and a broken chest."
tifu-test-07834,"i bought a fridge and a fridge to the fridge, and now i'm stuck in a fridge."
tifu-test-07835,i accidentally put a new coffee machine into a pot machine and it flooded the pot.
tifu-test-07836,i told a girl i was looking for a job that was too attractive and she was really scared.
tifu-test-07837,i fucked up by not knowing how to be a recruitor.  i was too stupid to ask the interview i was interested in.  i got a job offer to a job and now i’m stuck in the interview.
tifu-test-07838,"i was trying to get a drink bottle in my own dick, and i ended up with a new one of my dick on my desk."
tifu-test-07839,got drunk and kissed my brother's house and didn't know what it was a girl.
tifu-test-07840,"sent a message to a company, boss found out it was not working, i sent it back to a meeting with the boss."
tifu-test-07841,i thought i was a good idea of fish oil oil.  i got sick and vomited everywhere.
tifu-test-07842,i was being a toy and i accidentally threw away my toys and i was supposed to be a toy.
tifu-test-07843,i fucked up by telling my recruiter gpa that i was a good idea.
tifu-test-07844,i'm a dumbass and i'm a girl who is having a new friend who is about to do it.
tifu-test-07845,i tried to save an egg in my hand and ended up with a small egg in my hand.
tifu-test-07846,i got yelled at a party and my friends got yelled at me.
tifu-test-07847,i told my wife i was trying to be a bridal sex and she got a bratmaid. i ended up being attacked by the fact that i was too embarrassed to the fact.
tifu-test-07848,i'm a kid.
tifu-test-07849,i told my friend i liked her and now i'm dating a liar.
tifu-test-07850,i told a woman that i wanted to be a couple of people who was supposed to be married to a couple of people.
tifu-test-07851,i threw a poop and my parents found out my dog had to poop my dog.
tifu-test-07852,"went to a bike to help a friend, got locked out of it. got locked."
tifu-test-07853,"i played football, broke my arm, and now my family is going to be able to play football."
tifu-test-07854,i went to walmart with money and ended up getting my phone in walmart.
tifu-test-07855,"i told a girl i liked to be cute, but ended up being a bad joke."
tifu-test-07856,i tried to make a candlemmallows and it exploded like a candle.
tifu-test-07857,i asked a client that i was a dick and i was a dick and got caught.
tifu-test-07858,i tried to unplug my hand and ended up with a brokenass.
tifu-test-07859,"i invited my friend to come home to night, he invited me to see my friends."
tifu-test-07860,"i went to a college, got locked out of my friend's apartment, and now i'm in the process."
tifu-test-07861,i used a phone with my girl and my phone was showing it to the picture of my penis.
tifu-test-07862,i fucked up by putting ice cream in my mouth.
tifu-test-07863,"i didn't watch the show, and ended up getting kicked out of a show that i was a part of a show about the show."
tifu-test-07864,i went to the bath and ended up getting a shitty hole in my butt.
tifu-test-07865,i was a prank and told my friend i was going to get a cop call from a friend's house. he ended up being a cop and now i'm a cop.
tifu-test-07866,"i got blood, passed out to be a blood, almost died."
tifu-test-07867,i sent my dad a text to a birthday text and accidentally sent him a text.
tifu-test-07868,i went to a gym and ended up getting a ride on the ground.
tifu-test-07869,"i let my daughter sleep sleep in bed, but instead of my little little daughter's a little little little little."
tifu-test-07870,i was running at a basketball game and got my head stuck in the parking lot.
tifu-test-07871,i locked my house in the car and got locked in a window.
tifu-test-07872,i bought tickets for my husband's credit and i didn't even have enough money to buy them.
tifu-test-07873,i called a fake cider cider cider on a school cider cider and got a fake name.
tifu-test-07874,"i tried to make a new stereo to work, but instead i'm too lazy to turn out the oil to the stereo."
tifu-test-07875,i tried to help a bully by making a mowery bike and ended up with a beating arm.
tifu-test-07876,i was too lazy to meet my family and i was too busy to meet up my family.
tifu-test-07877,"i tried to get chicken nizz in the microwave, and ended up with a half-degree nizzetzing."
tifu-test-07878,"tried to eat peanut butter, ended up with my tongue, and my daughter."
tifu-test-07879,"i took a shit out of my boss's window, and now i'm going to take a shit."
tifu-test-07880,i got caught with a woman and then got caught by a rape harassment.
tifu-test-07881,i fell on a seat seat and fell on the seat of the seat.
tifu-test-07882,i gave my dad a picture of a blue toothbrush. he thought it was a pedy and i was supposed to prove him to be a good one.
tifu-test-07883,i got caught by a tour and got caught by a tour.
tifu-test-07884,"got horny, fucked up by a girl who had a crush on my car."
tifu-test-07885,"i thought i was alone and i was going to eat some weed, but i thought i was a drug test. i was a bit of the worst man who found out i was smoking it."
tifu-test-07886,"i got drunk, tried to walk into my house, and ended up getting kicked out of my house."
tifu-test-07887,i got a new ipod and got my ipod stuck in the middle of school.
tifu-test-07888,i bought a vacuum vacuum and bought a $200 vacuum to a few days.
tifu-test-07889,"i left my phone in bed, and my phone fell in bed, and i had to pay for a $2 days to get it off."
tifu-test-07890,"i got drunk and passed out of work to work, got caught by the cops."
tifu-test-07891,i was an idiot and i decided to keep a shit out of how i was supposed to be a doctor and ended up being called to the doctor that i was not being able to be able to find out of my life.
tifu-test-07892,"i got a bony on my high school, and got a huge fian by a bunch of humor."
tifu-test-07893,got drunk and slept with my ex girlfriend and his exs brother is having a boyfriend and now i'm in a bad mood.
tifu-test-07894,"i was at a friend's house, got really drunk, and had to go to a funeral to get rid of the lights."
tifu-test-07895,"got drunk, got drunk, got naked, got naked, got naked in puke"
tifu-test-07896,i got a capriri from a capri because i was too lazy and lost my job.
tifu-test-07897,i took my sungover and dropped my glasses on the toilet.
tifu-test-07898,"i applied for mid year's mid year old grades grade, and got kicked out of mid mid-year grade."
tifu-test-07899,i got suspended by a teacher and now i'm a dumbass
tifu-test-07900,"went swimming, got stuck in a pond, almost drowned."
tifu-test-07901,"i got a heart attack, and i told her i was going to the hospital to get a heart attack."
tifu-test-07902,"i laughed about being a guy, laughed at me, and laughed at me."
tifu-test-07903,i shaved my mother's mother's shower and she shaved her head.
tifu-test-07904,"i tried to play ninjas, but instead of the nsfas, and i ended up in the process of the north of the north of the black americest."
tifu-test-07905,"i let my dog sleep in the bed, and i'm now in bed."
tifu-test-07906,"i told a guy i had a brazilian blower, he was actually a brazilian, and now he thinks i'm a creep."
tifu-test-07907,i smoked my hand in the crosswalk and inhaled a cigarette.
tifu-test-07908,i accidentally mocked a guy in an edan's hand at a party and now he’m a freak.
tifu-test-07909,i left my tablet on a game and my boyfriend found it on me.
tifu-test-07910,i was a piece of hair and my mom had to stop eating hair.
tifu-test-07911,i sat on a plane with a pig in a plane and made a joke of people cry.
tifu-test-07912,"i got a prankster call by a kid who was in trouble with a gang, got hit by a gang, and got punched out of the bus."
tifu-test-07913,i cut my thumb open with a metal metal game and got a 3 stitches of my thumb.
tifu-test-07914,i was in trouble and my mom saw my keys and i got grounded for it.
tifu-test-07915,i tried to play a good leg with a broken arm and ended up getting my knee kicked out of my knein.
tifu-test-07916,i accidentally threw a garbage bag of garbage bag and it exploded.
tifu-test-07917,"my grandma's birthday, i have a terrible breakdown and now i'm leaving for a long time."
tifu-test-07918,"i tried to make a candle at work, ended up being a nice man's office."
tifu-test-07919,i was a dumbass and got the wrong notice of the green party and was told i was a liar.
tifu-test-07920,i was a horny and my wife and i accidentally caused a massive blowjob.
tifu-test-07921,"i got into a fight with my best friend, and now i'm a fucking idiot."
tifu-test-07922,"tried to refank my hands with lighter lighter, ended up burning my hands."
tifu-test-07923,i accidentally played the pc of my friends and now i'm a dumbass.
tifu-test-07924,"i locked my keys in my car, and it got stuck in the car. i was too excited."
tifu-test-07925,i fucked up by telling my ex that i was going to die and she was in love with me.
tifu-test-07926,"i took a shit, got sick, shit myself, and took a shitty, and got a shitty."
tifu-test-07927,i got a horny girl over the arena and now i'm a creeper.
tifu-test-07928,"got drunk, went to a pub with no toilet paper, got lost, had to pay for toilet paper, and ended up having to get a new girl's phone."
tifu-test-07929,"played cricket with mates, got kicked out of the club."
tifu-test-07930,i got some chocolate chocolate chocolate and it was the next day of my bed.
tifu-test-07931,i didn't pay attention and paid $50.5.5.5.5.5.5.5.5.5.5.5.5.
tifu-test-07932,"i threw a frisbee in my school, it was a good idea to be a good idea, i got a fight and a half-year-year-year-h"
tifu-test-07933,i put a piece of satan in my mouth and it burnt and burnt my mouth.
tifu-test-07934,i was too deaf and told my professor i was deaf and screamed at me in front of my professor.
tifu-test-07935,"i burned my legs on fire while trying to get a spark of blood, but instead of my son's blood."
tifu-test-07936,i got a dog stuck in the middle of my family's birthday.
tifu-test-07937,"i ate a lot of tandm, got a new one day off, and the stall was sold the same thing to the same place."
tifu-test-07938,i was late for a presentation and got a presentation from a violent riot.
tifu-test-07939,my little brother and i thought my brother was a picture of my brother.
tifu-test-07940,"i tried to upgrade a usb video, ended up installing a new one of data."
tifu-test-07941,i accidentally gave a customer a customer a shirt and she was supposed to be a customer.
tifu-test-07942,i was in a rush with my girlfriends toothbrush and accidentally threw it up.
tifu-test-07943,i accidentally opened a bunch of a bunch of a mocks in my class and got sent to the police.
tifu-test-07944,i punched a golf ball and hit a golf ball with a golf ball.
tifu-test-07945,"i got a prank from a prank and the neighbors thought it was a prank, and got a prank."
tifu-test-07946,i was supposed to be a teacher in the face of a school and i was supposed to give him a pie to get it out.
tifu-test-07947,i wore a pair of my backpack in my backpack and now i'm a genius.
tifu-test-07948,"i was sick, and i went to bed with a really bad time, and now i'm feeling sick."
tifu-test-07949,i ate a sandwich sandwich and dropped it on the floor.
tifu-test-07950,i was a dumbass and got arrested by a police and got arrested by a cop.
tifu-test-07951,"i tried to make a balloon, and ended up inhaling my lungs."
tifu-test-07952,"i threw a jar of olives, threw it out, and threw it out."
tifu-test-07953,i got in a gym and got a shitty choud.
tifu-test-07954,"i got pissed off by a girl, and made a joke about it."
tifu-test-07955,"i went to a bar with my hands, ended up with a clogged toilet and clogged my hands."
tifu-test-07956,"i took a shit in front of a shitty kid, and then i didn't know how to do it."
tifu-test-07957,i am a man who doesn't know what to be.
tifu-test-07958,"i tried to fix a wifi password with no wifi, but it didn't work."
tifu-test-07959,"i got bored at work, and got caught by my manager."
tifu-test-07960,"sent my husband a text message to my husband, she sent me a text from my mom and my mother."
tifu-test-07961,i sent my husband a birthday and she was upset for a birthday.  he didn't know what happened to her father was the same way.
tifu-test-07962,"i thought my girl was dating, she was dating, i met her mother, and i had sex with her."
tifu-test-07963,"i posted a free subreddit to a game, and then got a free copy of it."
tifu-test-07964,i tried to get my own ass kicked out of my own office and ended up being a gay ass.
tifu-test-07965,i'm not a smart idiot.
tifu-test-07966,i got a lot of my laptop and now i can't play with the chicken.
tifu-test-07967,i'm an idiot and need to learn how to do that long.
tifu-test-07968,"went to the chank, got lost, missed the train, missed my train, missed the train, got lost, missed the train, missed the train, missed the train, missed the train, missed the train, missed the day, missed the train, got to get home, missed the train, missed $30 hours, and got to get home to get home."
tifu-test-07969,"i got a concussion, passed out, broke my nose, and got a concussion, and got a concussion."
tifu-test-07970,i was too lazy to read a story and my mother was sleeping at 3am.
tifu-test-07971,i thought i was a good idea of a rap or not knowing it was a good idea.
tifu-test-07972,i was in the bathroom for my girlfriend and my girlfriend and my girlfriend saw me a boner.
tifu-test-07973,"i got cocky, and had to buy a huge gig for the first time."
tifu-test-07974,i locked myself out of my neighbors room and had to call a nakedmith to get my key in my room.
tifu-test-07975,i'm a female and i'm a female.
tifu-test-07976,i went to a public bathroom and ended up having to shit on the way.
tifu-test-07977,i got a abuse from my english class and now i have a terrible breakdown.
tifu-test-07978,i was masturbated and locked my dad in the middle of my own room.
tifu-test-07979,i tried to take a truck and instead of a flash truck. my mom is also a creep and i'm not sure to be a creep.
tifu-test-07980,i accidentally killed a spider and then i had to go to the bathroom to get it out.
tifu-test-07981,"my phone went to my gf's house to see my phone, i thought i was dying, he was in the hospital, i got a shitty and he tried to get it back."
tifu-test-07982,"i took a dose of benze, and ended up getting high in the middle of the night."
tifu-test-07983,"** forgot i ordered a pizza for a pizza, forgot about it, went to eat pizza, got a pizza instead, ate pizza, went home, woke up with a half of pizza and a half of pizza, spent a night of pizza, and a half of my pizza bar instead."
tifu-test-07984,"i asked a girl out, she asked her to text her, she said she was in the morning and i had to text her."
tifu-test-07985,"i got a free injury, broke my ankle, and now my ankle is broken."
tifu-test-07986,"got drunk, got robbed, got robbed by a homeless man, and now i'm probably going to get my car to a hotel."
tifu-test-07987,went to the plane and saw some planes to flyo.
tifu-test-07988,** tifu by accidently put a chemical chemical into my dick and it turned out to be a bit of my dick.
tifu-test-07989,i got pranked by my boyfriend for a year and he didn't talk to him.
tifu-test-07990,** i was too lazy to teach my daughter to hit her when he was trying to talk to me. i was not a mother and i was told her about it.
tifu-test-07991,i tried to help a friend with a hooker and ended up with a hookpipe.
tifu-test-07992,"i got high, and i lost my chances."
tifu-test-07993,i got pissed off by a guy who was making fun of the other one of the subs.
tifu-test-07994,"i was texting a girl that i was texted on her, she was texted and i had to text her."
tifu-test-07995,i bought a car that was a car and i thought it was a car.  i bought a call from my dad and i bought it.  i told my dad i was a car.  i'm going to drive it.  i'm going to drive it.  i'm going to see what i'm going to work.  i'm going to buy the car.  i'm going to buy it.
tifu-test-07996,i tried to make a cup of tea and ended up getting a shitty and my mom was pissed at me.
tifu-test-07997,"i ate a cheese stick, it exploded in my mouth, and i got the worst cheese stick."
tifu-test-07998,i made my mother cry like a dying tumor and she got a shitty.
tifu-test-07999,"i fucked up by costing $120 worth of $120,000 to the building."
tifu-test-08000,"went to the gym, got a run, almost died."
tifu-test-08001,i pooped in a litter box and it exploded in my gf's face.
tifu-test-08002,i accidentally threw out a cookie of ants and got caught with ants.
tifu-test-08003,"got caught with weed, went to jail, got caught with no cops, got caught by police, got caught by cops."
tifu-test-08004,i made a shitty joke about a school and the restroommate was in the restroom.
tifu-test-08005,i was too polite to get rid of jews and it ended up getting put away from the country.
tifu-test-08006,"i was a bad person and decided to be a good person, but i got caught."
tifu-test-08007,i was installing linux on my computer and deleted all of my computer.
tifu-test-08008,"i got high and told my friend that he was gay, i said he was gay, i said he was going to the police station and i said he was going to the police station."
tifu-test-08009,"i tried to take my dog home to the garage, but my dog got stuck in the garage, i almost got a bit of the garage, and i am now scared."
tifu-test-08010,i thought i was a cute person and ran over a crosswalk and ended up getting a red eye.
tifu-test-08011,i ripped up by not paying attention to a co-mart book.
tifu-test-08012,i ate a chocolate bar for the first time and it was a bad idea of chocolate bar.  she ate it and i ate it.  she ate it and now i'm a bit of her life.
tifu-test-08013,"i was so sleepy and woke up late, woke up late and woke up my house."
tifu-test-08014,"ate spicy food, shit myself in the toilet, shit myself and shit myself."
tifu-test-08015,"i accidentally left a customer's grocery store, and i told her it was a total, and she got pissed at me."
tifu-test-08016,"i fucked up by not getting my computer's computer, and i'm probably going to buy a new one month."
tifu-test-08017,"i got my bike stolen, and my neighbour got stolen, i was too lazy to call me, i got a new one of my own bike, and i got my bike back to my house."
tifu-test-08018,i broke up with my boyfriendfriends face and he broke up with his boyfriend.
tifu-test-08019,"went to meet gf, got busted by a fian, she punched her in the face."
tifu-test-08020,"i made a nice joke about a meeting with my coworker, and she's pissed at me."
tifu-test-08021,i got fired for a job interview and got fired.
tifu-test-08022,"i tried to get a hair, but instead of my hair hair, my hair is now living with liceas, and my hair, and my hair are now living."
tifu-test-08023,"i was offered to offer a company offer, but i ended up getting offered to give them a offer."
tifu-test-08024,i told a female lady i was a bitch and she thought i was a bitch.
tifu-test-08025,i got a weird laugh at the wrong time and ended up getting a tant in my hand and a broken hand.
tifu-test-08026,"i farted in an elevator and made a massive mess of my college, and she threw up on me."
tifu-test-08027,i tried to drive my mom's car and ended up almost drowning
tifu-test-08028,i went to a handicapped stall stall and saw my dick open.
tifu-test-08029,"i thought i was a friend, but it was a racist, i was wrong and now i'm not a racist person."
tifu-test-08030,"i forgot to take a dumps at work, but forgot to wipe my ass off."
tifu-test-08031,"i'm a moron who has a horrible bruise, and i'm pissed at him."
tifu-test-08032,"i ate cat poop, shit on my friends and it smelled like shit."
tifu-test-08033,i got high and lost a lot of money because i didn't have the wrong one.
tifu-test-08034,i got drunk and broke my apartment.
tifu-test-08035,**
tifu-test-08036,i laughed at a girl i like a picture of myself and now i feel like a joke.
tifu-test-08037,i tried to play a swingset and got my friend called him a week.
tifu-test-08038,i let my dog run off the woods and she almost killed my dog.
tifu-test-08039,"i accidentally put ketchup packets on my toilet, and then proceeded to pee up my roommate's toilet."
tifu-test-08040,i'm not a smart idiot who is going to take a walk to work.
tifu-test-08041,"went to get a knife, got a knife stuck in wolly place, went to hospital with a knife and a knife."
tifu-test-08042,i got a pokop that was a pack of pokest and my pants is still in the process.
tifu-test-08043,i took a huge gobful of candy that i thought was a huge potful and it was a huge bit of my life.
tifu-test-08044,i opened a window open window to a friend and it got stuck in the back of the window.
tifu-test-08045,i was being a speeding driver and got hit by a police truck.
tifu-test-08046,i accidentally locked my phone in the face with a stranger and now i’m a woman.
tifu-test-08047,i tried to comb my hair and ended up with a concussion and my neighbor saw me
tifu-test-08048,"i got lost, and lost a lot of a bunch of mud."
tifu-test-08049,told my boss i like a thaku man who had a crush. he was a lot of work and i felt like an asshole.
tifu-test-08050,went to go to the bios with no matter to see the border and got banned by a car.
tifu-test-08051,"i got drunk, and had to sleep with my mom, and my mom found out of my bed."
tifu-test-08052,i licked my hair and now i have a nice haircut.
tifu-test-08053,"i was in a bad way to kill my best friend, and i lost him."
tifu-test-08054,i put some hair hair with my sheets and ended up with a dead mess.
tifu-test-08055,i broke a trampoline and broke my neighbors's roof.
tifu-test-08056,got drunk and made a joke about a guy i was talking to be funny about being a guy and made a joke about it.
tifu-test-08057,i left my glasses in the sink and now i have a bottle of rubbing alcohol.
tifu-test-08058,i was loud at work and my boss heard my boss's music
tifu-test-08059,"i took a pad pad to my friend's house, and i had to wear a pad in my pocket."
tifu-test-08060,i asked a girl out of me and she said i was talking to her about it.
tifu-test-08061,i tried to yell at my house and instead of being chased by a man.
tifu-test-08062,"i was wearing flipflops, and i lost $150 on the first day."
tifu-test-08063,"i got drunk, got a dick stuck in my dad's dick, and my dad found it up."
tifu-test-08064,i used steam steam on steam and steamed all day.
tifu-test-08065,tried to show my baby my baby to watch porn.
tifu-test-08066,i was a male and made a woman think i was going to meet a woman at the wrong place.
tifu-test-08067,i got fired for my first job and my boss was caught in the face of my office.
tifu-test-08068,"i met a friend, she didn't like me, i was so close to the girl i met, i didn't know her, and i'm afraid she's going to be friends."
tifu-test-08069,"i tried to pee on a friend's bathroom, he was pissed on my legs and i got pissed."
tifu-test-08070,"i was too excited to a child, and i ended up with a baby."
tifu-test-08071,"tried to move down a glass door, fell on the side door, broke my front door, and broke my face."
tifu-test-08072,"sent my friends a picture of a friend, now i'm in trouble with a friend."
tifu-test-08073,i laughed at a girl and now i'm a freaking idiot.
tifu-test-08074,my dog locked my door door door and i locked my door door door and my dog in my garage.
tifu-test-08075,got kicked out of my id id and got kicked out of the bar.
tifu-test-08076,i got a concussion on a train park and got a concussion.
tifu-test-08077,i got drunk and told my ex that i had a crush on my girlfriend's couch.
tifu-test-08078,"i forgot to put my alarm off my alarm, and i forgot to put it off."
tifu-test-08079,i was too lazy to my new phone and my phonemate saw it.
tifu-test-08080,i tried to give my friend a stop and ended up breaking my life.
tifu-test-08081,i farted in a crowded fart and got caught by a guy who was trying to fart me out of me.
tifu-test-08082,"i cut my fingers open my fingers, and got 2 stitches in the process."
tifu-test-08083,i burnt my kitchen down a chimney and now i'm probably in a kitchen.
tifu-test-08084,"i tried to play a table, ended up getting a bit of the table and the next day i have to pay for a table of a table."
tifu-test-08085,i got a free day off at my mum's house and i'm not paying attention to my mother.
tifu-test-08086,i tried to be a smartass and ended up with a huge wire to my parents.
tifu-test-08087,"i got my grandma's car, and i told my grandma to drive it to my grandpa, and she won't drive it."
tifu-test-08088,i was playing football with my cousin and punched him in the face.
tifu-test-08089,"sent my fiance to a girl, she sent her pictures to my fiancee."
tifu-test-08090,"i tried to save a bottle, and ended up with a bottle of chocolate."
tifu-test-08091,i was too lazy to clean my tons off my tons of tons of tons of tons of water and ended up with a water infection.
tifu-test-08092,i fell asleep and fell asleep in the nose with my nose and fell off.
tifu-test-08093,i made a girl cry for a project and her mom.
tifu-test-08094,i found my wife's porn on my computer and she finds it to be a porn.
tifu-test-08095,"i sent a girl a voice note to a girl, she was not happy."
tifu-test-08096,"i was late for an exam and missed my essay, and missed my class to the class."
tifu-test-08097,i thought i was a black bee and i was hit by a car and i was really really really responsible i was going to have a new car.
tifu-test-08098,"i tried to clean pancake, ended up with a blender, and a half-year-old face."
tifu-test-08099,"got drunk, went to a doctor, got a bloody shot in my hand, got a bloody nurse, got a bloody shot in my ass, got a bloody nurse, and now i'm probably going to the hospital."
tifu-test-08100,i sent my dad a gift to a mother's day and she's mad.
tifu-test-08101,i tried to make a stupid joke by telling my teacher i was a teacher and now i'm a dumbass.
tifu-test-08102,i got caught with my sister and now i'm getting fucked up by a shitty.
tifu-test-08103,"i was walking home and hit my shirt, and got hit by a car."
tifu-test-08104,i accidentally slapped my wife's ass.
tifu-test-08105,i was too hot to my mom and saw my step-law-law dad and i had sex with her.
tifu-test-08106,"my mum and i played a lot of jris jam, and i played it."
tifu-test-08107,i got caught by jade about a jade factory and got caught by a jade.
tifu-test-08108,i ate a puppy out of my family because i was too hungry and i ate it.
tifu-test-08109,"i tried to watch a movie with my dad, ended up making fun of them"
tifu-test-08110,i left my bus open for 5 hours early and didn't get to work early.
tifu-test-08111,"i farted in class and my stomach, i made a mess of people, and my entire class, and my stomach was in the middle of a class."
tifu-test-08112,i kicked my hand in the balls and got a concussion.
tifu-test-08113,i got my brother knocked out and punched my hand and got a jar on my hand.
tifu-test-08114,"i tried to make a wood, but instead i spilled it on my nipples."
tifu-test-08115,i got too drunk and pissed off by a woman who was going to the bathroom.
tifu-test-08116,i shit myself in the bathroom and a class.
tifu-test-08117,"i was too lazy to ask my friend on a date, but she didn't see her profile and i lost my phone profile and now i'm probably going to have a date with her."
tifu-test-08118,"got drunk, got drunk, got drunk, got caught by a police and got caught by a police."
tifu-test-08119,"i took a dump, shit myself in the middle of a movie."
tifu-test-08120,"i jumped off a swing swing, broke my arm, and got a broken bone."
tifu-test-08121,i tried to make grilled cheese and ended up burning my entire school down the fire.
tifu-test-08122,i was fired for a manager and got fired for over the manager and was fired.
tifu-test-08123,i didn't check the smell test and got a shit out of a gas test.
tifu-test-08124,"i tried to be a good shot, but instead i'm a man."
tifu-test-08125,i threw my eohnra into a treera and got caught by a turore
tifu-test-08126,"went to a party, got caught with a girl, got caught, got caught by a girl, and now i'm a dick."
tifu-test-08127,i took my ex girlfriend's underwear and left the wrong underwear.
tifu-test-08128,i tried to help out a pair of pants and ended up getting a panic tie.
tifu-test-08129,i got a mirrorburn on the mirror and the mirror turned out to be a naked.
tifu-test-08130,"went to work with girls, got caught by a girl, got caught by a car, got caught by a girl, got caught by a car, and had to drive the cops."
tifu-test-08131,i'm a fucking idiot who thinks i'm a man.
tifu-test-08132,i was a shinja and a metal band of my balls.
tifu-test-08133,i tried to be nice and ended up with a hot ass.
tifu-test-08134,"i broke up with my girlfriend, i'm not sure what she would be done."
tifu-test-08135,i got a new kayak and got stuck in a water with no water.
tifu-test-08136,i ate some pepper pepper pepper and got a shitty pepper on my head
tifu-test-08137,i bought a jelly of jelly beans and got a jelly of jelly beans.
tifu-test-08138,"got drunk, got drunk, got locked out of my house, and now i'm in a bad way to get a new friend back home."
tifu-test-08139,"i got a free free of my friend's card, and my friend found it a few years later."
tifu-test-08140,i got a hair cut in the middle of a haircut and got a bald cut in the middle of my friend's hair.
tifu-test-08141,"got a hemorrhoid, got a bloody mess, now i have a hemorrhoid."
tifu-test-08142,i got a job for a friend and i'm broke up with a $100k for the next few days.
tifu-test-08143,sent a picture of flowers to a friend who was doing a nice thing and then proceeded to kill it.
tifu-test-08144,i made a joke about a firecracker and a half-year-year-old brother.
tifu-test-08145,i ate a bowl of gum and got my mom's diarrhea
tifu-test-08146,i tried to fix a wadadad from a wadad window window window and got caught by a girl.
tifu-test-08147,"got drunk, slept in the middle of a hostel, got kicked out of the night, had to pay for a night to get back to the hotel, got kicked out of my place, and slept out of a cat in the night."
tifu-test-08148,"i told my cousin that she was having a problem with her and her husband and her family, who are in law."
tifu-test-08149,"** i was a hacker, he got suspended from a school computer, and i accidentally made it worse than a result."
tifu-test-08150,i fucked up by forgetting my fiance was the best way of my fiance.
tifu-test-08151,i got stuck in a snow and locked my keys in a snow.
tifu-test-08152,**
tifu-test-08153,i was a creepy girl and i accidentally made a really awkward joke about it.
tifu-test-08154,"locked myself in a chute house, got robbed by a security."
tifu-test-08155,"got drunk, went to the er, woke up with my girlfriend, had to clean up, had to clean up the floor, got covered in her parents's face and had to clean up."
tifu-test-08156,i accidentally downloaded a porn video with my an anime video and my entire family.
tifu-test-08157,"i got sick, puked in the shower, got sick, and had to shit all over my own body."
tifu-test-08158,put acid in my eye.
tifu-test-08159,i was too lazy to talk to someone who was talking to me and i was told them that i was going to talk to me.
tifu-test-08160,"i accidentally left a table in the wrong way to the wrong way, and i accidentally made them look like a mess."
tifu-test-08161,"i dropped my phone and dropped it on the floor, broke it, and broke my phone."
tifu-test-08162,i went to a game and got my first night kicked out of my head
tifu-test-08163,i punched a box of soda machine and the box exploded in the box of a box of the machine.
tifu-test-08164,"i tried to impress my mom, ended up with a broken stump."
tifu-test-08165,i tried to get a tug stuck in my cervix and ended up tearing my cervix.
tifu-test-08166,"i tried to walk a step-dad, stepdad came out of the dog, and i'm getting kicked out of the dog."
tifu-test-08167,i accidentally made a cat a kitten cat.
tifu-test-08168,"i used a colognene on my phone, it smelled like i was a man, and i didn't notice it was because of it."
tifu-test-08169,i accidentally stole my stuff in a grocery store with a customer and a bag of groceries.
tifu-test-08170,i watched the martian in front of a meeting with my laptop on the face.
tifu-test-08171,i tried to clean up a piece of a piece of a piece of satan and threw it up.
tifu-test-08172,"i let a cat out of my cousin's cat, she got scared and we had to go back with it."
tifu-test-08173,i got late and missed the flight to dunk.
tifu-test-08174,shaved my razor blade with a razor blade and got a shaved head.
tifu-test-08175,"went to a strip club with strippers, got wasted, got fucked up by the whole house, got caught by the night, and had to pay $200 strippers for the night."
tifu-test-08176,i'm an idiot who is supposed to play the 9v battery in the room.
tifu-test-08177,"i got a new student's number, and he got me kicked out of a very nice person."
tifu-test-08178,i drank water from the fridge and it was water all over the water.
tifu-test-08179,i went to a funeral and ended up getting a funeral in the wrong place.
tifu-test-08180,"i got my car fixed by a car, and i told him to have it fixed.  i'm a complete owner and i'm now able to have a new one of the next two weeks."
tifu-test-08181,i fucked up by having sex with my wife and she was having a very intimate relationship.
tifu-test-08182,"i made my birthday birthday on my birthday, and my boss thinks i'm a dumbass."
tifu-test-08183,i tried to make a quadroopter and ended up burning a fire.
tifu-test-08184,"i tried to fix a friend's laptop, but instead of it."
tifu-test-08185,i ran on a race and got a run on my back home.
tifu-test-08186,"i was in bed with my son, and my bed got caught by a sex-do-wath."
tifu-test-08187,i made a banana joke about a banana and he almost got a kick out of a banana.
tifu-test-08188,"got drunk, got drunk, got a dick, got caught, and now i'm in the face."
tifu-test-08189,i shit myself and then shat myself.
tifu-test-08190,i tried to make a joke and ended up vomiting on my face.
tifu-test-08191,"i tried to get a shower, ended up getting a hot shower and a broken shower."
tifu-test-08192,"i made a girl a girl, she was mad, i'm now a girl who is probably a creep."
tifu-test-08193,"went to swim, almost got stuck on a boat, almost died."
tifu-test-08194,"i tried to show off a rugby team, ended up getting a scrumrum."
tifu-test-08195,i watched a video video with a video of a bunch of youtube video and got caught by a video of my school.
tifu-test-08196,i got into an exam and got kicked out of the arm.
tifu-test-08197,"i tried to get a good idea of a girl, ended up getting a blowjob, and i got a busted by a girl who was in the process of my life."
tifu-test-08198,i plugged my wireless router to my wireless room and now i'm a dumbass.
tifu-test-08199,i accidentally ate a new noodle and it exploded.
tifu-test-08200,i'm a fucking idiot and i'm not a dick.
tifu-test-08201,i pooped my girlfriend's poop and now i have to poop my poop.
tifu-test-08202,"went to the wrong mall, got stuck in the wrong direction, got stuck in the wrong direction, got stuck in the wrong direction."
tifu-test-08203,"i left a group of girls in the bus, and i ended up getting stranded by a group of people."
tifu-test-08204,"ate some new food, ate some new food, went to the er, and now i'm probably going to eat some new food."
tifu-test-08205,"went to a camp camp, ended up with a rope and a huge child."
tifu-test-08206,"i got a cockroach in class, got caught by a dead chick."
tifu-test-08207,"i tried to help a ncage on his boss's computer, but i can't even get fired."
tifu-test-08208,i tried to help my dog to look at the laser and it ended up being a laser.
tifu-test-08209,i'm a fucking idiot who has a crush and i'm not going to eat.
tifu-test-08210,i slapped my boyfriend's ass in the face of my face and now i'm a horrible asshole.
tifu-test-08211,i dropped a cake in a box of 40 people and dropped a cake in the cold box of the cold.
tifu-test-08212,"i got a new breakup break up with my boyfriend, and i ended up being in love with a year."
tifu-test-08213,"i got caught in my friends room with a fleshlight toy, and got caught by a naked dick."
tifu-test-08214,"sent gf to a girl's school chat, she didn't get a message, i'm so embarrassed to go to her for it."
tifu-test-08215,i got a contact ear stuck in my ear and got a really tight ear stuck in my ear.
tifu-test-08216,i was a big idiot and my dog got hit by a baseball.
tifu-test-08217,"i tried to save an old guy's credit with a credit card, ended up getting fired by a job and now i'm going to be fired."
tifu-test-08218,"tried to get high with my hands, ended up burning my arm and a fire and a half of my arm."
tifu-test-08219,i put my bathroom in the trashcancan and they went to the bathroom.
tifu-test-08220,i got a bath and ripped my vagina off my vagina and now i have to have a new blood.
tifu-test-08221,i tried to clean my puppy with a puppy and ended up breaking my face open with a huge mess.
tifu-test-08222,i fucked up by not paying for a tooth and now i have a tooth.
tifu-test-08223,i drank too much and drank a bunch of whiskey.
tifu-test-08224,"i bought a hpu ad, it broke my hpu, and now i'm going to be fired."
tifu-test-08225,i told a boss that my co-worker's name was a task file.
tifu-test-08226,i tried to walk a hill and ended up breaking my ankle
tifu-test-08227,i forgot to celebrate my graduation's graduation and i took a shit out of it.
tifu-test-08228,"i tried to clean cat's cat, ended up with a shitty, and then i had to clean up the cat."
tifu-test-08229,"i was a pussy, got a bloody ass on my skirt, and got a bloody mess in my pants."
tifu-test-08230,i tried to wax my crazilian with a waxer and ended up with a half-deal of wax remover my penis.
tifu-test-08231,i farted my boss a fart and farted my boss.
tifu-test-08232,"i got a new PS4, played with my wife, and now i'm going to play with another game."
tifu-test-08233,"i went out with a friend and had to hang up with my friend, and he had to hang up with me."
tifu-test-08234,i had sex with a car and broke my knee and now i have to live with a broken ankle.
tifu-test-08235,"i got a bully, and got a bully bully, and got a bully attack."
tifu-test-08236,"i told my son that he was a son, he was upset, and now he's going to be treated by a child."
tifu-test-08237,ate a fried chicken and burnt my wife's njch.
tifu-test-08238,"i tried to make a nice joke, ended up pissing my pants and my brother's mother in the process."
tifu-test-08239,"i tried to kill a spider, but ended up being a spider."
tifu-test-08240,"i tried to make a joke, ended up being a shitty farting and a half of my life."
tifu-test-08241,"drank too much, got a shitty and shits everywhere."
tifu-test-08242,i was a little kid and made a joke about my parents and my parents think i'm a pedophap.
tifu-test-08243,i am a fucking idiot.
tifu-test-08244,i broke my ankle and broke my ankle.
tifu-test-08245,"i tried to be a goodass, ended up with a flashlight and a broken spider."
tifu-test-08246,i found out my photos on my new bed and found them on a picture of my life and found them the most likely in my life.
tifu-test-08247,i accidentally threw a run-fight marathon to a guy who was running in the tv and he didn't know what i was going to be a runner.
tifu-test-08248,i accidentally spilled a v-tini tape into a radiiger and got a very dirty lab.
tifu-test-08249,i got a very bad night and almost got a shitty and almost died.
tifu-test-08250,"got drunk, got drunk, lost my friend's number, and was in the hospital."
tifu-test-08251,"got really drunk, passed out of exam, got a second degree, and lost my exam."
tifu-test-08252,"i thought i was a vase, i was not a vase, and now i'm probably going to be fired."
tifu-test-08253,i was walking home to the house and i accidentally killed a snake.
tifu-test-08254,"i ate laxatives, got a laxative, and shit myself in the middle of my roommate."
tifu-test-08255,"i threw a ball at a kid, he threw it in the eye, i threw it back and hit it in the face."
tifu-test-08256,"got fired, got fired, now i'm not paying attention and now i'm not paying for work."
tifu-test-08257,i broke my arm and broke my arm
tifu-test-08258,i broke my boss's car and it broke.
tifu-test-08259,"i got a purple shower, and my dick is the same idea of my dick."
tifu-test-08260,i got into a fight with a kid and a kid got mad at by a funeral.
tifu-test-08261,i told my nephew that his nephew was using condoms to my condoms.
tifu-test-08262,"i peed in my pants, got caught in a piss, and had to wait for a few hours."
tifu-test-08263,i ate chili on my thigh and it exploded on my thigh
tifu-test-08264,i jumped my leg into a trampoline trampoline and got my leg kicked by a cactus.
tifu-test-08265,i went to a bus and got kicked out of someone else.
tifu-test-08266,i got a wrestling wrestling wrestling and ended up with a broken arm in my arm.
tifu-test-08267,"my dog ate her period, i had to shit, and i threw up the bag of my dog, and then proceeded to shove it all over the floor."
tifu-test-08268,i sent a customer a card and ended up costing $300 worth of it.
tifu-test-08269,i tried to wake my dog up and ended up getting a new one night early.
tifu-test-08270,i made a joke about a dead joke about dead people in front of a dead person.
tifu-test-08271,i was a runner and i really wanted to run my arm.
tifu-test-08272,i'm a fucking idiot and my laptopmate is on his laptop.
tifu-test-08273,i got an email interview interview and didn't know how to ask my interview was an interview interview.
tifu-test-08274,"i went to the bathroom, got caught in the bathroom, and had to go to the bathroom, and got caught by the wrong person."
tifu-test-08275,i pooped my pants in the bathroom and it ended up with a poop poop.
tifu-test-08276,i left a sink in the sink sink and got fired.
tifu-test-08277,i got a huge infection infection and got a huge infection stuck in my mouth.
tifu-test-08278,"i met a girl i like a csd, she was talking to me, i was talking to me, i was told her i was talking to her, and she then proceeded to get a mental reaction."
tifu-test-08279,i ate a trip at a college and threw up all my body and threw up in the car.
tifu-test-08280,i wrote my professor's thesis thesis and now i'm a plagiar thesis.
tifu-test-08281,"i spilled a gallon of my lawn, and it exploded everywhere."
tifu-test-08282,i fucked up by not knowing my girlfriend and now she's working in the process.
tifu-test-08283,"i accidentally insulted a freelance man with a guy, and then got fired by a coworker."
tifu-test-08284,"i was too high to go to the bathroom, and i ended up making a really nice smell of people."
tifu-test-08285,i got a noseblebleed and fainted my face.
tifu-test-08286,i wrote a plagiarism on my school computer and got a plagiarism.
tifu-test-08287,"i tried to get my friend's head, ended up getting a concussion and a half of sleep."
tifu-test-08288,"i got wasted, and my girlfriend threw up on a couch."
tifu-test-08289,"i added a picture of my classmates on my school project, he got a dick on it, and i ended up sending him a picture of myself."
tifu-test-08290,i told a client that was a smart idea.
tifu-test-08291,i was at the beach and my husband saw me a cold.
tifu-test-08292,"i was a racistass, thought i was stealing a wallet, got robbed by a homeless kid, and now i'm a racist."
tifu-test-08293,"i thought my little little neighbor was a rat, but it was a rat and i thought she was a rat."
tifu-test-08294,i ate some chocolate tour at a test and left my family's chocolate in the park.
tifu-test-08295,"i got high, got high, got a pee spray spray, and got a pee spray in my nose, and got a nose full of school."
tifu-test-08296,"got drunk, got drunk, pissed off by a girl, and was too drunk."
tifu-test-08297,i got a blood on my face and ended up bleeding on my face and having to go to the hospital to get it all day.
tifu-test-08298,i asked my teacher if he was watching movies in front of grey movies and asked if he was watching a movie.
tifu-test-08299,"drank too much, got really drunk, woke up with a lot of alcohol, now i'm fucked up by a doctor."
tifu-test-08300,"i tried to help a wheelchair to get a wheelchair driver, ended up getting a wheelchair and a wheelchair in the middle of the hotel."
tifu-test-08301,"i hit a tennis, and now i'm a fucking idiot."
tifu-test-08302,i did my friends do an hour of the wrong hand of my high hand.
tifu-test-08303,"i got a new boyfriend, and now i'm going to have a new house."
tifu-test-08304,"i dropped my phone in the toilet, and now my girlfriend is pissed at me."
tifu-test-08305,i tried to be a slicer and ended up with a finger.
tifu-test-08306,i was watching a video of my english class and my teacher heard it.
tifu-test-08307,"i thought i was going to be a bowling bowling with my gf, but instead i was too embarrassed to my gf's."
tifu-test-08308,i took a shit in my macbook and my macbook was in the toilet.
tifu-test-08309,i'm an idiot who is not a man.  i'm not a man.
tifu-test-08310,"locked myself out of house, had to go to work with my parents, had to call the keys to open door."
tifu-test-08311,i tried to do a movie with a big kid and ended up getting kicked out of a big fight.
tifu-test-08312,i got a piggy ride in my head and my head got stitches in the face.
tifu-test-08313,i told my aunt that her husband was dead and she was laughing.
tifu-test-08314,"i got a cut on my elbow, i got a cut on my desk, and now i have a bloody cut on my arm."
tifu-test-08315,"i went to my bf's house to get away, ended up having sex with a huge frenchy mrench."
tifu-test-08316,"sent a picture of a girl to a girl that was a cute girl, sent it to a link to a girl that was a liperp."
tifu-test-08317,i thought i was a female and didn't answer the question.
tifu-test-08318,"i dropped a piece of my friend's foot on the ground, and it was a black one week later."
tifu-test-08319,i got my first day old and my brother almost died.
tifu-test-08320,i hit my head on a bike and landed up with a helmet.
tifu-test-08321,"cut myself in office, cut my bread, cut my bread, and now have to wear a lunch."
tifu-test-08322,i tried to change the oil filter filter and ended up with a new oil filter.
tifu-test-08323,i was playing a game and my son was playing a game.
tifu-test-08324,i tried to do a stapler and ended up cutting my hand with a stapler.
tifu-test-08325,"i left my cat open on my phone, he was sleeping on the bed, i woke up and i woke up my cat's room."
tifu-test-08326,i left my class in my car and got caught by a high school.
tifu-test-08327,i shit myself in the park and then i shit myself in the park.
tifu-test-08328,"i hit a golf ball in the golf, and it hit the hole."
tifu-test-08329,"i was in a class with a girl i like, but i was too embarrassed to my own class."
tifu-test-08330,i got blackout drunk and ran into a crowded bus to get a blacked of people.
tifu-test-08331,"i got a coughing, couldn't take a doctor, and ended up with a cold infection."
tifu-test-08332,i'm an idiot and i'm not sure what to do.
tifu-test-08333,i painted my own business on a piece of house and now i have to pay for a new job.
tifu-test-08334,"i tried to start an online quiz, ended up failing to get a new one of my parents and now i have to pay for a new job."
tifu-test-08335,i wore a skirt in a movie and it was a nice idea.
tifu-test-08336,"i failed my driving exam, got a shitty exam, missed my driving exam, and missed my driving exam, and missed my driving exam."
tifu-test-08337,** i told my dad that i was a terrorist who died in the 9th of a plane.
tifu-test-08338,"told a girl i liked her, she was going to tell her that she's a good friend."
tifu-test-08339,"i got into a drive, got hit by a car, and ran into a tree."
tifu-test-08340,i accidentally called a dumpster and the cats was actually a little person who was taking the dumpster.
tifu-test-08341,i got sick and told my buddy to go to the hospital.
tifu-test-08342,i told a group of people that i was talking about how to have sex with a sex from a group of people who was talking about it.
tifu-test-08343,"i got a drug test and didn't go to the doctor's test, and now i have to retake my mom's test."
tifu-test-08344,"ate skittles, ate a pack of skittles, and now i'm an idiot."
tifu-test-08345,i got a new pepper pepper and puked on my friends and now i'm getting a fucking fuck.
tifu-test-08346,i played a portal portal and got a shitty out of my friends.
tifu-test-08347,"i pooped in my face, and now i'm going to poop."
tifu-test-08348,girlfriend and i like the ex i love her on facebook. i am now in a new one of mine.
tifu-test-08349,i told my professor that my professor was having a test on friday.
tifu-test-08350,i woke up late and woke up my brother's alarm because i was asleep.
tifu-test-08351,i thought i was a guy and my sister was a pervertist
tifu-test-08352,"tried to do a crotchch, ended up with a broken clrotch."
tifu-test-08353,"i thought my cat was dying, but it was the only thing to be taken away."
tifu-test-08354,i'm a fucking idiot and i'm not even a dumbass.
tifu-test-08355,i ran a frog and got a red frog.
tifu-test-08356,"i used my cum, and my dad saw me a shower."
tifu-test-08357,girlfriend's girlfriend saw her hair on fire and i accidentally lit her hair on fire.
tifu-test-08358,"i tried to get my coffee, but instead i'm not a good man."
tifu-test-08359,i was too lazy to my uncle's wedding and i left the door and left the door in the hotel.
tifu-test-08360,"tried to clean my new cat, ended up with a wet bath and a half-blood of blood."
tifu-test-08361,"i told my son i was going to get some co-mast, and she told me to come to the park. i then i was supposed to play with her son."
tifu-test-08362,"i ate a camp, ate it, and then ate it."
tifu-test-08363,"went to a party, got pulled over, got pulled over, got pulled over, got pulled over by a car, got pulled over, got pulled over by a car, got pulled over, got pulled over by a car, got pulled over, got a car, got pulled over, got a car, got a car, got a car, and a car home home home, and a lot of my car, and my phone was a result, and my car is a few hours of my car, and a result, and a result of my car, and a result of my car is a result of my car, and my car, and a result, and a result, and a result, and a car, and my car of a few hours of my car, a car car car car car car, and my car to drive to drive to drive me to drive to drive to drive to drive to drive to drive to drive to drive to drive to be a result."
tifu-test-08364,"i hit a toddler with a toddler at work, he got a very busy deal, he got mad, and he's now i'm probably going to die."
tifu-test-08365,"i got a piece of twine, and i got a piece of twine."
tifu-test-08366,"i tried to pee in a hurry, ended up pissing my dick in the sink."
tifu-test-08367,"i ate chipotleotle, and i'm not a dumbass."
tifu-test-08368,"i told my girl i love her, she said i love, i feel like a dumbass."
tifu-test-08369,i made a baby vomit vomit all over the house.
tifu-test-08370,"i got a phone, smashed my phone, and now i'm fucked up by a new phone."
tifu-test-08371,my mom and i texted my mom.
tifu-test-08372,i was too excited to my best friend and i ended up making a shitty joke about it.
tifu-test-08373,i left my Christmas Christmas on christmas eve eve.
tifu-test-08374,i accidentally threw a bunch of a girl in a van that was being called by a cop.
tifu-test-08375,"i tried to cook rice, ended up with a huge rice cooker and now my cooking is still in the process."
tifu-test-08376,i went fishing and jumped in the window with my pants.
tifu-test-08377,"i broke my collar, broke my collar, and broke my collar, and had to walk for a week."
tifu-test-08378,"i got my brother's foot bike, he is pissed."
tifu-test-08379,i was riding over my bike and my bike was still a little bit of my bike.
tifu-test-08380,i got a free print job for 500 bucks because i didn't know how much i was supposed to get a printer.
tifu-test-08381,"went to a hotel with friends, got lost in the train, didn't get it back, had to walk to the station, got a police station, and had to walk in the train."
tifu-test-08382,"i got drunk and lost my phone, and my best friend found out of it."
tifu-test-08383,i got my friends mormon and he punched me up.
tifu-test-08384,"i applied an entire college on my college, and it was a bit of my father’s career."
tifu-test-08385,"cat got cat fucked up by cat, i took him a shitty."
tifu-test-08386,"i tried to be a good man, ended up with a motorcycle and a helmet."
tifu-test-08387,i'm an idiot and i'm not going to ask my parents that i had a job interview.
tifu-test-08388,i'm an idiot and i'm not sure to make a new one.
tifu-test-08389,"i was having sex with my son, he was very embarrassed about it."
tifu-test-08390,"i broke a piece of my sculpture by making a piece of my sculpture, and i broke it."
tifu-test-08391,"got drunk, got drunk, pissed, got a boner, got a shitty, and pissed off my friend's couch."
tifu-test-08392,"i shaved my neck to a client's face, and now i have to shave my neck."
tifu-test-08393,i bought a nba pass that was out of the new league and now i have no access to watch it.
tifu-test-08394,i cut my hair hair open and it was actually a good idea.
tifu-test-08395,i punched a girl out of my house and she punched me up.
tifu-test-08396,**
tifu-test-08397,"i farted in a hospital, and i had to pee in a hospital."
tifu-test-08398,i got a headache and choked my ears out of my ears.
tifu-test-08399,"i asked a customer to say ""morry"" to a customer who was a customer.  he said ""morry"" and i accidentally made him look like a joke."
tifu-test-08400,"i got cocky, got horny, got horny, and now i have to get my penis stuck in the process."
tifu-test-08401,i forgot my flight and got a flight in the air.
tifu-test-08402,i fucked up by showing a girl my credit subscription subscription.
tifu-test-08403,i accidentally insulted a player of a soccer game that was not a good idea.
tifu-test-08404,"i tried to fix my pants, ended up tearing my pants."
tifu-test-08405,"called my girlfriend a call, she called her name, she called her name, i made her cry."
tifu-test-08406,i tried to steal my car and ended up costing $2 miles of starbucks.
tifu-test-08407,i was working in a gas and set a plastic plastic plastic plastic.  i made a mistake of it and it exploded in the back of the store.
tifu-test-08408,"i got drunk, got drunk, and got a bloody bike."
tifu-test-08409,my dad and i had sex with my dad and i'm being a dick and now i'm a dick.
tifu-test-08410,i tried to hold my car and instead of my car and i almost drowned my car.
tifu-test-08411,i was a student and didn't read a research paper.
tifu-test-08412,i got a job and now i have to pay for a course to get into a training program.
tifu-test-08413,"got drunk, got caught with a girl, got caught by a girl who was a douchebag."
tifu-test-08414,i got a barberber and ended up getting a barber bill.
tifu-test-08415,i walked in the bathroom and the urinalinal was too many people walked in the bathroom.
tifu-test-08416,"i tried to kiss my crush, but instead i'm a pervert."
tifu-test-08417,"i told my mom she was going to church, she told her i was going to church, she told her i was going to church, and she told her i was going to church."
tifu-test-08418,"went to a party, got caught in a red light, got caught by a gay guy who was gay."
tifu-test-08419,"i got a stripperpper, and the stripperpper came to a stripper for a stripper, and she got arrested."
tifu-test-08420,i poured a waste of chlorine gas into my apartment and it exploded in my lungs.
tifu-test-08421,"i made a joke about my friend's children in the air, and his kid saw him a joke."
tifu-test-08422,i got in a fight with a fork and it got me a shitty.
tifu-test-08423,i got hit by a friend and got hit by a curb and got hit by my face
tifu-test-08424,i fucked up by applying for a job interview and now i have to get a job.
tifu-test-08425,i posted a picture of my mom's username and now i have to tell my mom i have to tell her i'm going to tell her i'm a smartass.
tifu-test-08426,"i bought a new laptop, and it blew up my laptop."
tifu-test-08427,i kicked a football game with a bads and kicked my heel.
tifu-test-08428,i got high and pooped out of my pants and had to poop my pants.
tifu-test-08429,i opened a slide in the store and the guy is too big.
tifu-test-08430,i accidentally gave a customer's order to a restaurant and she didn't even get her money.
13862856,Amanda doesn't want to go to the park with Amanda. Hannah finds her number.
13729565,Eric and Rob are discussing a stand stand. Rob is impressed that the train stand up as he likes Russian.
13680171,Lenny will help Bob pick two pairs of her and purple pair.
13729438,Will is going to pick up Emma tonight. He will be home around home. Emma will pick up Emma up.
13828600,Ollie is going to Warsaw in Warsaw. Jane will take care of them after 6 pm. Jane will bring her some spare with her.
13716964,"Danielary, Benjamin and Daniel are meeting for lunch at 2 pm. Benjamin will take the keys to the apartment and have lunch with the keys. Benjamin is having lunch with his keys and will take care of the keys."
13731487,Payton advises to buy clothes from clothes. He likes clothes and buys them.
13814882,Rita is tired at work. Rita finds her work at work. She is tired and tired.
13680876,Lerice is in town. She is worried about the shopping. Leo will buy a scarf.
13809974,Eric is not sure whether to go to Ivan's wedding as he has lots of his parents. Ivan will talk to Eric's parents.
13680771,Wanda and Ganda will go to a party and go with her father's father to have a party.
13729249,Martin and Martin are going to watch a movie together on the new cinema.
13680137,Charlee is in Portuguese. She will start a theater at Portuguese Portuguese.
13864627,Ella is going by car by car. Ella is going by car.
13681139,Luke will send Luke the reservation for Netflix account on Sunday. Luke and Paul are out on the bank.
13680757,Greg needs to stay longer at work until Wednesday and he has to stay longer at work. Becky will pick up Johnnyy up after work.
13716777,Eoby sends Scott and Scott a photo of Scott and they all love to share their conversation.
13828901,Igor is so busy with the notice he has to work on his notice. John will work on two weeks and he will work with the notice.
13728509,Clara is watching a new University involving Dear University. Clara is thinking about it. Clara is a social student who has a serious student in which is about Black children. Clara and Cornel are going to watch it together. Clara will watch a movie about college next year.
13728442,Mike's car is parked on his street today.
13728958,Bethre and Beth are planning to get a birthday party. They are meeting on Saturday at 6 weeks. Beth is going to try to teach her a cake. Beth and Kira are going to give her a cake. Bethre and Kira will meet tomorrow at the salon.
13862397,Gloria is going to read the exam in an exam. The website is due 4 hours.
13829966,Karen is worried about her psychologist. She will call her out for a beer. Karen will call her.
13864400,The passport man lied to her. Irene is 40.
13716103,He's a party tomorrow. Walker and Walkerine agree to ask for a party.
13716128,"Ollie is in Japan, Kelly, Kelly and Kelly are discussing some pictures in Japan."
13682496,Selah can't see Selah's phone number.
13730015,Bella and Eric were offered out of their new client's new colleague.
13731152,Emma is going to arrive at 4.30.30. Ben will come to the bus. She will sleep at the end.
13716107,"Melvin, Max and Maxine will go to the Christmas together. Maxine will get the same list of the 3rd list."
13728966,Carter is at the train station. Mary will lend her some money.
13828761,Paula's name is not such the syllil nor the name of Nily. She's not sure of the name of Naily.
13728735,May and Jack will have a little drink today.
13828647,Margaret will buy a pain for Jack.
13680875,Andge's taking a credit for his credit card. They're on the film for an accident. The film has been taken the credit so they can have to pay it now.
13829728,Martina will buy a hamster for his son.
13864532,Daniel has just started to play DA. It was a good game. Daniel and Daniel think it was good.
13818537,Judy is looking for Andrew to be attracted to her.
13810120,James is on TV. He thinks it is a lot of Chloe.
13731040,"Tina and Tina are on a plane to the airport, they will catch an airport at the airport. They will catch the airport after the airport."
13728229,"Sebastian is busy with the time and he has a lot of money for a year. He is thinking about money for a year. Sebastian has a bet about $ dollars, to make a lottery lottery, and to make a better one of money."
13680571,Son will come home to Frank's place.
13829773,"Ola is not in the mood with her family. Kate wants to buy some new blouse, but Kate's not sure if she's not. Kate suggests some new ones with mother."
13829332,Mike has a new number of John's number.
13862428,Ella has a baby tittenkin and a song about Twuskoo.
13716025,Stephen took his notebook back. Jack will bring it to Jack.
13810245,Adele bought a new dog. It's a 4 months old biscuit. Her dog named his other because he's going to play it. She's a dog named by playing Bones.
13863202,"Krista is playing games games. He is going to get ""Thenemman"" and ""Thenemman"" at the sports."
13829473,Cathy and Cathy will go to Kate's place at 10 tonight.
13819035,Petra is tired with the job and is going to work. Petrara is worried she might have a black belt.
13728057-1,Nick is still fat because he was not into a drink. Nick wants to take a drink. Nick is not willing to take his drink as he's drunk.
13865165,Adam and Nate saw a guy that Nate shared a guy.
13817042,Lilly will be late and get some salad with salmon and basil. Lilly will order the food for Basil and order a salad with basil.
13730929,Cara is at Carara's and wants to go to Carara in the evening.
13863033,Craig needs help Derek with his computer.
13829923,"Emma needs to take a walk, because she has a walk. Emma needs to take a walk with his little kids."
13729905,Cindy doesn't know if Cindy is pink.
13829307,Mary left her credit card at the shop. Mary will pick it up her.
13611548,Lara will pick up Tom at 5:30 pm. Gary will pick up the cake and pick up the cake. He will also be happy for Tom's birthday party.
13680802,Laura is waiting for Paul. Paul is very happy to wait for her. Paul is waiting for Paul 15 minutes.
13818220,Hugh sends the photos of the cat meme meme meme.
13819911,Matt and Oliver got their final. Peter is happy about it.
13864554,Jake and Jake's parents won't be taken because of sick.
13715960,Brandon is broke his credit card. He will try to borrow it in the bank.
13716051,"Inez, Alicja, Gosia and Patry are planning a new restaurant. They will go to a restaurant on Wednesday."
13680457,Ana and Catherine are going to meet tomorrow. They will meet with each other grandma.
13821684,Joyce and Elce are booking a ticket.
13817976,Steven will meet Jane at 4:30. They will meet at the main entrance.
13612149-1,Suzanne and Suzanne are going to a concert next week.
13818620,Liam and Julia are discussing the meeting they have for a meeting with Tess. They will check it together with the city they meet at the city meeting with Tess.
13810034,Ali found his wallet at Ali's place yesterday.
13680607,Laura and Linda will go to the Italian restaurant tomorrow.
13821155,"Natalie, Martin and Natalie are going to meet at all the birthday."
13681586,Mia and Mia are going out for a girls night tonight. They are going to have a ring out for drinks and drink some drinks.
13681541,Jayden doesn't want to have children. She tells Brennan how she's pregnant and decides to end her baby. Brennan doesn't want to end the money.
13680611,Steve and Gulab are playing against the game tomorrow at 2.
13729722,John is coming to the meeting with John because she has already sent her a message. John is free now and she will meet her in 10 minutes.
13730529,Mary is working as she's working as she's working there. Mark is unsure of doing so she would like to do the internet.
13813575,"Tiona prepared a dinner for Chris, but she can't prepare the ingredients. They will prepare the pie, so Tiona prepared the pie."
13865384,Jeadar is in the bar. Helen will join with Clare and Helen. Helentete will join them later.
13728017,Sebastian and Ryan are going to the USSR.
13729058,Zadie and Finn are going to visit a restaurant in an Elephant and some other people at the Main of December. They will meet tomorrow at the Main entrance.
13611803,Jacob sent Jacob an song 3 days ago. It was 3 days ago.
13729817,"Ray is outside of his roommate's roommate, and he needs to go to Max's room."
13728051,Kim has bought a new sofa for Mum.
13810694,"Josh needs to buy an iPad. He's not an option of Apple, Sony or Sony. Brian recommends him the best of Apple."
13820547,Natheie and Olalie are planning a New Year's Eve party for the New Year's Eve. The class is in Siffany's club. They will buy tickets.
13731456,Andy and Frank are going to study tomorrow.
13728313,Kim is looking for a place at Warsaw at the market. He will ask Kim if he can get some fish from pork.
13730868,Tom will be at the Oval Room in 2 PM.
13862919,Ashleigh got the job.
13682034,Reed Danna's Saturday. She's in bed. She's not in bed. Reanna and Reanna have to pay the subscription tomorrow.
13814407,Antonio has been writing his thesis. Anton is already worried about it and suggests she should work on it.
13728444-1,Maddie will buy a white bread and apples for Ass.
13829161,Elliot will call Jordan tonight at 8pm. He is going to a funeral.
13680110,"Flo needs to get her hair dyed, but she'll go to Tesco before her to get a touch-up kit."
13862785,Ann and Ann will meet tomorrow at the grocery store.
13681246,Melany doesn't remember she had sex.
13715777,Samantha sends the video of a video in which is caught at the news.
13729335,Jacky will call Jack when he gets home when he gets home.
13827914,Rick is in Cuba. Rick will try to talk to her at Cancun on Monday. The plane is in Cuba. Rick will inform Rick about 3 hours before he gets the flight in a room.
13864619,Yan has sent ZZ a 10 year challenge.
13612174,Daniel and Daniel are going out for dinner at 6.
13682284,Adelle will clean the hamster after school.
13862773,Randolph will buy Mayas headphones for 5 packs.
13729857,Jane is coming home to London next week. David will get his dad a ipad. David will get him a present and talk about it.
13731140-1,Isabella and Isabella want to talk to her work together.
13680398,Amy is doing fine.
13730772,Alex and Huda will go to the 2 hours in 2 hours.
13819021,Janet considers Trump's election.
13611559,Rashi wants to know if his friends is difficult and needs to choose her. She teaches her how much of earning the choices. Razz suggested he should evolve her choices.
13862818,Corbin is in hospital at the school. Dimitri's friend gave the information about the school. The student gave Coriot IU IU's number.
13829829,Marta is on vacation in IT. She will try to find out his team.
13611640,Fiona and her dad are planning a surprise birthday party. They plan to go to the party.
13828103,Lincoln is unhappy about his situation. Alima is unhappy with Alice. Alene has a problem. Alima and Lene are both unhappy. Alene is stressed to go there.
13829756,Lisa needs to clean the house. She will clean the bathroom and clean the bathroom.
13729790,luke and Mike are going to play football tomorrow. They will meet on the team of the team.
13812001,Julie sends Emily a happy Christmas.
13828618,Fredick and Fredick don't like the new neighbors next door. They are also nice to sleep.
13729101,"Brenda and Brenda are going to a wedding this weekend. Sandra is living on Saturday. Sandra works in Bridgetsworth till 10 years. Brenda and Brenda want to meet on Saturday to a funeral. Brenda used to get a wedding with daughters, but Brenda works from a funeral."
13731428,John will go to see Joan on Thursday at 8 pm.
13680972,George has been talking to Donna about a coffee shop. Donna and Donna will meet tonight.
13863010,Louis and his mom are calling him.
13681192,Irene will take a baby boy with her little son.
13864835,Amy cat is Adassy.
13727809,Matt and Thomas are going to meet Matt at the Dawodadadad.
13727769,Chris and June were in the pool. June was wearing some girls's wet.
13865290,"Jeff, Lia and Jim will go to the village party. They will go to the village party."
13828832,Paul will rent the game on Saturday.
13716127,Fred's train is at 3 pm. Fred will pick Fred up at 3 pm. Fred has to pick Fred up from work.
13729042,Jack and Jack will go to the casting. Ryan will meet Ryan at the casting.
13818511,Joanne is leaving her mum for holidays. She's going to France for a few months ago. Joanne and her mum are frustrated about holidays.
13829996,Carla had a bad night with her boyfriend and went to a friend with her boyfriend and her boyfriend yesterday.
13728493,Angie has a private stomach. She will take care of an appointment to the doctor. Msgie will call her.
13729529,"Kelvin wants to have a CAT class with Navin in the statistics. It's only on her, so they'll talk about it when the others are only given."
13716897,"Linda, Linda and Linda will have sushi place. They will take a lunch to the park at Amanda's to the park."
13730939,Marty will pick up Marcel from school tomorrow. She will take Marcel from school to the school.
13813429,Peyton wants to return a video without his delivery to watch a video he's been able to deliver it up.
13828511,Alicja had an interview tomorrow.
13729320-1,Paul just came back home after midnight. Paul will be home after midnight.
13729210,Sean and Sean are both overs.
13680312,Chris and Tom are going to watch jaczzi's garden. Tom invites Tom and Tom to take them on their own garden.
13730736,Harry is going to talk to Eindy as he needs to contact him.
13829218,Mike took the dog for a walk. He doesn't take him for a walk.
13729697,Murphy is going to Poana on Tuesday and will come back on Tuesday.
13729407,Monica is doing well on the university. She will have a few exams at the university.
13680992,Ms. Ms. Ms and Ms will go for a coffee place in a square alley at the corner alley.
13810012,Jeff has a skin allergy. He doesn't take meds all the time. Tina has a skin allergy and she takes meds daily. She will call Jeff if she gets meds.
13821805,Kristina is watching the TV. Kristina and Kannette are watching TV. Kannette hasn't seen the same season yet.
13819314,Daniel and Marco are flying to Bologna in December. Simco will come to see Marco in December.
13829353,Dale will call Mike in 2 hours.
13729285,Gemma is organizing a bbq at the weekend. She will bring some wine and wine. Gemma is planning to eat food at the weekend. Gemma will prepare wine and cook.
13812250,Pat has a problem with his project on Pat's project. Pat will come to work tomorrow morning. Pat will come to Pat's place tomorrow around 9 pm.
13730167,Erin is doing the interview today. Ashley will meet Ashley in the camp at the camp.
13865416,"Tommy, Tommy and Tommy are going to a power point. The party will be paid for $10 a month for the power point."
13828681,Maxice and Jean are having a fight with a friend at school. Jeanice found a fight with Marcus and a coffee. Jeanice finds Marcus a coffee that is very aggressive.
13864454,"Mike, Ben and Tom will go for a beer."
13828973,Leah was talking to the poetry and didn't know where the guy was talking about him. Samantha got mad and didn't know where the rest of the situation.
13728295,Dave has left his phone at Dave's place.
13863025,Ken has hacked his account and he was hacked by a prankster.
13728896,Alexander has received a taxi and has to send him a taxi.
13830023,Shane and Shane are planning a bouncy party in the hall. The university is in the hall of the hall.
13830056,Sophie is looking for her green folder. Ian has left his green folder on the dining table.
13809969,Simon can't talk now. Simon will be free at 5.
13727853,Jen is angry because she cheated on her way. Jane is angry at Jane's. Jane advises him.
13828797,Poppy is going home tonight and coming for dinner. Poppy will be home for dinner.
13729708,Kat and Gab will meet at Gab's place to a drink man. They will meet at Gab's place next to talk about it.
13681082,Adam has a presentation with Adam. Agatha will study it on it.
13810132,Sally is going to play Dragons Dragons at the ABC Theatre. Sally will join her at 12th.
13829686,"Bez is in the garage and will be home in the evening. There are no water in the basement, so Will will have a pligigze and Kate will have a drink with him to build the garage in the morning."
13612210,Laura will visit her parents next Saturday. She will cook a birthday and her mum will cook for her.
13812772,Pegah and Megah are going to meet up for a cup of tea. They will be back at 22:30:00.
13681309,Pam has a birthday gift for Tom. Robert will pick up the city and help him choose the place centre in the city centre.
13716296,Sody and Jodycy plan to the homeless shelter this year. Tracy is not volunteering at the food.
13729524,Max has a new music producer and wants to know if he's going to the music. Jim will listen to the music when he gets high.
13828739,Shane recommends the new album to mars. Shane recommends it to mars.
13727631,Andy and Paul will visit for coffee in 1 hour. Paul's father will visit them in about an hour.
13680506,Caroline is going to be the doctor. Megan said that the fact that the attached to be intimate.
13810947,Ron needs Ron to check his email.
13681439,Phil's mum perfume is not too expensive. Philbe asked for her perfume.
13728634,Rob and Eve are meeting on Sunday at 2 pm. Eve has to go to the store together.
13728288,"Sandra and Sandra's ex-infriend split up. They will bring the wine to their ex-up, Sandra will bring the wine to Sandra."
13730105,"Peter is picking her clothes. Peter and Peter choose them together. They decide on a moment, e-shirts and wear between 4 pairs of clothes. Peter will choose them in person and ask if they can decide on."
13717162,Dan got a injection. It was swollen but it's swollen.
13727567,Archie is arriving from Southampton. She will be in a bus by the same one hour.
13729057,Chloe hasn't seen the series this week.
13716791,Lauren is thinking about getting a tattoo.
13729824,"David and Wendy's sister have to pay the upstairs. The new one was blocked, so Wendy has to pay the plumber."
13681892,Rowen and Rowlenen are on their way of the left hand.
13864540,Tom and Tom are talking about the Robinson Robinson Robinson Robinson.
13680525,Titus needs help with a photo of a task. Titus will help her with it.
13863152,Aldco took Marcoo's email. Marco will print up at the end of 12 and 12.
13729679,Harris's friend Aoki died yesterday. They suspect suicide. Harris hasn't seen her lately.
13813794,Hannah has no new Year and hopes him to one year. Hannah will try to make a new one year off with her.
13682006,Richard needs Trevor to get the kids as his father-law-law. Trevor and Trevor are getting a heavy Mum.
13728809,Gail has been posted on Facebook. She posts on Facebook. Gail and Julia would like to go on a diet where Julia likes her.
13716618,"Catherine and Anne are dating again. Annea, Anne and Anne have been dating with her."
13821297,Ella asked Barbara to come and help her family food. She needs it.
13727877,Sarah will be waiting for Sarah at New York.
13821268,Allison and Sarah are thankful that they got a scholarship.
13611693,Sam and Samilil are meeting around 9 today.
13680969,Phil and Betty are going to the cinema tonight. They will meet at 6 pm.
13730168,Robert is looking for a new job. He's lost his job. Robert is looking for a new job. Serge offers to show Robert's CV to a new job.
13681928,Lily spent the night in London and she's looking for some serious in London. Lily and Lily are in London.
13730545,Sam will help Sarah advice on the website for his wife's advice.
13681194,Kamin recommends Kimden to have a few friends with her friends on Facebook. He's not a good social social media.
13612013,Jason is going to the gym after work. Mike will join him after work.
13731393,Daisy is moving to her brother. She's moving to her apartment in 6 months. Daisy will come to her apartment.
13681560,Hayden is interested about the embassy. Hayden is interested in Africa. Hayden is interested in Africa. Hayden suggests that he should choose on more than the embassy.
13828403,Alan has found a new cinnamon flavored.
13680216,"Yaz and Mary are going to the club tonight. Mary will pick Yazcheche up at school, and Mary will pick her up at school."
13716003,"Ellie, Camie and Camie are having to the university at the university."
13829937,Nathan sends a photo of a photo. Nathan and Nathan are laughing about it.
13812140,Emma has been waiting for her in 5 minutes. William is in the evening. William is in 5 minutes.
13818707,"Bob has booked 3 tickets for tomorrow at 7 pm. Jake, Bob and Jake are going to meet tomorrow."
13716495,The group discusses what they're watching on Netflix and TV series they like.
13729128,Soni and Soni were going to Sanca last year. They will spend the rent of a flatbnb at Sanca's. Toni's flat is expensive but it's expensive.
13729680,"Samantha, Malik and Malik are going to have some vegan diet on the diet. Malika will go shopping on diet and then Malikika suggested."
13865119,"Phil didn't find a long deal, because he had a very busy deal. Cynthia and Cynthia were very busy in this day."
13813011,Nova and Dominic are at a coffee at Tim's art on some age of Tim.
13611436,Lisa and Peter are going to the gym during an exercise. Peter thinks Peter should get more weights of weight and exercise. They have to do more weight for a couple-up every day.
13680625,Julia's cup is broken. Tom will buy Tom a new one.
13682111,Don will have the test to take his kids test from Roger. It's 5 pm today and he will work. Hank will take the kids to take care of his children.
13864408,"Jessica went to the shop shopping with a giftshop and a gift he bought herself. The place is 50 euros for the night shopping, which all the prices are expensive."
13681509,Damien and Abigail are going to church. They will wear a coat and pray on time a coat.
13682223,Lucian will cook something because he got food.
13729602,Doug is very happy about the shoes.
13818361,"Tessa's boyfriend is trying to stop working on him, but she doesn't want to stop her boyfriend."
13821778,Emily and Kate will meet at the central station at 5.30.
13865298,"Jane wants to go to Lacllele. Jane is allergic to Lalele. Ella is allergic to Pee. Jane is allergic nuts, but Anne tells Jane to go out."
13680874,Railey will buy Railey some burgers.
13727702,Ariana is going shopping with Ariana.
13819698,Jane is going to a Halloween with his sister.
13828146,Mary stayed at school today.
13819724,Toma and Jeff are going to meet up.
13681924,Sophia has a hot photo and wants Sophie to give a photo of herself. Sophie doesn't want to give Sophia a photo.
13821035,"It's a lot of the infinity pool. Ben has to hike the infinity park, so he can't park it up with a lift. Ben and Ben will meet on the phone."
13864917,"Mike, Jake, Jake and Jake are going to the research trip."
13730730,Christine is not going to school tomorrow as she's sick. Annie will drop theflufluts with the flu later.
13730522,Bob is angry with his girlfriend. Jill doesn't want to be angry with him anymore. Jill is angry and will be angry.
13730778,"Peter has to start a babysitteritter, but she will start at 8th."
13815679,Aveam found out his number yet. He will give his number home.
13716512,"George, Paul and Paul are going to play basketball together on Friday at 7 p.m."
13612049,Rory and Mitch will meet for a 7th birthday on Sunday. Sammy will take care of the 7th of December and Sam. Rory has to be there until 10 am. Sam will be back to Croatia and catch the details on the 7th.
13730333,Jonesina and Angelina will meet in the afternoon to the afternoon.
13681165-1,"Alyssa, Adea and Fergie like Fergie's anthem, which is quite funny."
13611834,Lauren will let Lauren know if she has a lot of the morning.
13816051,"Harriette went to the ghost. She didn't like the ghost hunting. Harriette went to the police, but now the police are haunted by her friends."
13810093,Jack has a problem with an application.
13727962,Dan will text Angela when he should meet with him.
13862566,Shaldona sends an invitation invitation to an invitation invitation to her wedding. She hasn't received the invitation yet and doesn't have time to go to the wedding. Shaldona thinks her wedding is too important.
13730927,Ralph and Paula will meet in an hour.
13819626,"Jania, Kasia and Jania are going to the church tomorrow."
13729256,Ema is late. She is meeting with the movie. Emma is already ready.
13864921,"Jeff, Donald, Donald and Donald are discussing the caspian."
13717284,Tim's friend lost his job. Tim had to quit it and he had to quit it.
13820710,"Natalie, Judy and Natalie are going to the new music this weekend. They will go to Regents Street with Helen on Friday."
13715786,"Marie, Marlomy, Marlo, Marme and Marmy are discussing the presentations in their group. Jamie has a new present and it's only 3. Jamie likes the present in them and Marie will join them."
13864952,John is at the park. She's at the park. Theresa is going to talk to her mother.
13730578,Sara and Sara are fans of writing a book on books.
13716485,Debbie will buy the red dress for the store. Denise likes the red one. Denbie and Denise like the red one.
13680358,Emilia is angry.
13819017,Mia will send Tom a link to get her credit ticket.
13819627,"Hugh needs a dentist, but he's not in the centre of the dentist. Hade has a dentist, and Andy will call the dentist if he goes to a dentist."
13731107,Ella won't get a lottery and a lottery in the lottery. She's going to get a lottery.
13819533,Oli and Katie went to the Circle.
13829543,Rob is organizing a game with Rob. Rob will come to his family on Wednesday.
13830143,"Julie, Julie and Julia are going to meet up on the weekend."
13812901,Kate had a motorcycle accident. He is on his motorcycle.
13815477,David's phone is over to Ethan's house. Averyit's sister will be able to blame off.
13864977,Conbecca will be home at 10. Rebecca's place in the coffee shop. Rebecca is waiting for her.
13728129,Clara and Ron don't know if Kasia's naked at Kasia's place last night.
13811007,"Holly is not feeling well, so she won't be coming tonight."
13682536,Jacopo and Jacopo don't have any fun with her.
13820543,Josh is going to the pub tonight. He doesn't like to meet Sean.
13818311,Liam left her phone at Liam's place.
13819098,Claire is going to wear a dress for a wedding.
13728763,David is still working on the way of the office as he was taken off. David is still looking for a new job as the owner of the year.
13715895,Patricia recommends the fair product she got from. Florence wants to buy it from her.
13813827,Ethan and Ethan went to LA last night. Ethan didn't tell Ethan when he was in LA. Ethan is in LA and wants to meet with Abigail.
13681721,Dave is going to take care of Pat's dream.
13821284,Abby and Brandon are in the US. They are discussing Miro. Abby is looking for a party. Abby and Abad are impressed.
13821073,"Julie is home home because of the movie. She is nervous, and Roseie will bring coffee to Julia."
13863055,"Patricia's child is 15 years old, as she thought she should have a child. Patricia and Patricia are 15 years old for 2015."
13716119,"Dan, Tom, Chris and Chris are meeting on Saturday at 8 o'clock. They will go to the centre."
13716169,Kristelia wants to do nails nails for her nails. Amelia and Kristelia think they should do nails nails in 4 hours.
13612245,Sharol wants to work and get her assignment tomorrow. Sharol is interested in the process they have to work. Sharol is interested in the assignment.
13828780,"Helen is sick, because Jack has a fever at the city centre. Helen is sick and Helen at the city centre of the city centre. Helen will look for some of them next year."
13682307,Timise is going to see Louise tomorrow. Louise needs an appointment.
13815437,Caroline doesn't like her mother's new gf as it's weird. Kate will probably live with her.
13730881,Damin broke a lamp. Damcent broke her hand and broke it.
13728369-1,Olaf wants to know if his company is cheaper. He wants his to use a better deal and uses some good deals. Olaf suggests him to use the promotion and uses his ideas. He will contact him the offer.
13715824,Nancy prefers social media to write. Nancy is impressed by Twitter and Twitter. Nancy doesn't like to read Facebook.
13865176,Peter and Dan are looking for the guy.
13682269,Sue will pick the car up after work tomorrow. James will pick the money up after work.
13728099,Alice is on the way to West Bronx. Alice is in a traffic jam.
13862329,Dima's laptop has broken his laptop. Nima's brother has to finish it tomorrow. Nima will pick Nada up the laptop.
13829943,Kelly is so Betty met in 2 am. Kelly went to school. Kelly will talk to her place.
13862409,Adele invited her friends for Easter. Anne will visit her on Friday.
13681010,Peggy is worried about getting a new computer. Peggy will get it repaired tomorrow.
13828943,Jerry is waiting for Janet's as she's waiting for a long minutes. She will be there in 40 minutes.
13717052,"Mark, Anna, Julia and Julia will go shopping together. They will choose a tour to the hotel they will choose on the Internet."
13829210,Stanley and Stanley are having problems with the project. Stanley will finish the project at home. Stanley has been working yesterday. Stanley will start it soon. Stanley will talk to Stanley soon.
13828473,Kimberly left her umbrella yesterday. She's in the cafe. She's afraid of calling a customer to call the umbrella to the cafe.
13828949,Catherine applied for an interview. Jake applied for an interview.
13681987,Fiona will go to a doc's to the doc tomorrow at 8.m.
13716619,Dan will write the wash. Andrea wants to do it herself.
13716075,Claire is cooking.
13731085,Matt doesn't want to know what to be a better person. He will pay Carlos and Carlos after service.
13680843,Ann is organizing his son and is throwing a train tomorrow evening. Katie will pick her son up tomorrow evening.
13729583,"Sharon's parents are upset with his parents, because his parents are angry and temons it. Sharon wants to cheer in his parents for help."
13731321,Rob is tired with Rob's memes and Rob is looking stupid to him.
13728067,Mike and Grace are going to the rest of the rest.
13611929,Cheryl had an argument with her mother. She's angry at home and wont't stand home.
13731391,David is landing in Sevilla at 17:30. Victor will pick him up from Sevilla.
13612194,Josh will pick the laptop up 200 dollars.
13716087,Sara will join the washing up at the cinema. Sam will join him.
13828227,Gary is on Uber. He will drive a Uber to uber. Gary is also driving for a while.
13863223,Lristi got a discount discount for a discount that will get her ID. Kristi will get one of the discount code and a discount card.
13829640,Sue will call Sue when she gets the call.
13828336,And the zoo attacked the zoo. Megan and Megan both got upset.
13862341,"Mick has not received the confirmation from Barbara. The confirmation from emails, so Mick will call them later."
13612024,Alan and Alan sent the boss the file for the conference. Alan has to come back home for him.
13731505,Liam will be there in 10 minutes. She will meet with Nate in 15 minutes.
13727992-1,Duncan is going to the championship this year's high year. Carl has to make a big one of the title.
13681079,Dinny will take the dog away.
13814769,Anastasia and Daranne exchange photos of the school photos. They took a photo of herself and took a photo of herself.
13864517,Kim is going to Seoul for April. She's going to Korea in April.
13809884,Dubanna's dad died in Africa.
13680352,"Josh lost his new Nike, because he has no information with his new one. Josh is going to check gym pool to check the gym pool."
13830106,Bella and Aria are going to buy a coffee. Bella will get some coffee around 6.
13716129,Saw and Yaw are going to play at 8:30.30.
13681757,Daina needs Sarah to put up the casual make-up makeup in an hour.
13820984,Varmola is feeling better after the wedding. Alola will give her a message.
13681755,Madeline had an argument with Jada and he had a hangover. He is not happy about it.
13829396,Betty and Betty will call Grandpa when they haven't been busy.
13681405,"William has sent spargolette soup, which makes sparghetti and the pasta for dinner. William is going to add pasta and some pasta with the pasta."
13820950,Sarah and Sarah are going to meet tomorrow at 5.m. Sarah will be late for the weekend and talk until the weekend. Sarah will be late on Friday and discuss the weekend after the weekend.
13864654,Molly invites Hannah to the Muse concert in Cracowow.
13828411,Tabby is coming to Daisy's party on Saturday. Tabby will join Tabby on Saturday.
13716504,Joel is visiting the couch. Becky and Becky are having a lap. Becky will pick her up from the morning around 10 pm.
13821656,Sosie and Kyie will be there in 5 minutes.
13730814,Clintnie and Ronnie are discussing a waste of road. They agree on the environment they use was about to clean up the waste of the environment.
13814888,Adam is at work today. Tina is still at work. She will text Adam when she gets back home.
13821251,Tom and Sally are gossip about their pregnancy.
13830077,Steve will get some chicken for Nick.
13727832,Gemma and her friends are going to invite Lona and get married. Timmy will come to the reception.
13730976,Millie won't come today because she is sick.
13611757,Daisy is going back home.
13681621,"Sina is running late. She's almost there, so Tina is already there."
13680702,Noah is visiting a trip for William and they're going to the university on the weekend. Sophie's family is involved and will be able to meet with them at home. Sophie's grandson came back from school and now he's getting married. Sophie and Sophie will talk about their terrace at 11-rones.
13811296,Harry is going to Ikea's white table and asks Sarah to use her a table card. She's not sure what to use.
13810083,Cindy is sad but doesn't want to talk about it. Ellie is trying to cheer her up.
13611740,Jadet and Nannet are going to the disco yesterday. Nadia will come to the disco and let Nannet know when they had fun.
13611714,Jeff's new car is 100. He wants to buy a ride. Jeff and Mark are going to ride a ride.
13716588,"Ann, Sue and Suzie are going to a party tonight."
13728148,Oathy's haircut is going to have her hair cut.
13716254,"Mr. Claudia, Claudia and Claudia are having a new client with a client. Claudia will call her later."
13810149,Den's mother is sad about the morning. She wants to invite her out for tea and Finly. Jane suggests she should invite her for tea.
13728835,Mudo and her son are in the room of the room 112. It's no longer than the building. Mum will show Ludo and Charles.
13731212,Chandbebe will pay Phoebe's door.
13865040,Max's sister is studying in China. The whole case of the whole case of China is a big big.
13682204,Russ has a report with Russ yesterday. He will send David an email to the report in midmail.
13829899,"Catherine is upset with the uncle Steve, and he will visit him."
13816899,Clay and Claya are looking for the class in the Library room.
13813888,Sean will take the carwash tomorrow.
13731225,Julia will be late. Julia will call Julia at 8.
13682248,Steve has taken a dishwasher for dinner. Steve is happy with dinner for dinner.
13810207,Michelle doesn't have any information on update for Harvey yet. She's also bugs on her computer.
13729149,Bill and Joy will see each other on Thursday.
13828432,"Henry and Julia are looking for a place to meet up the world at Covensaku's. They are not sure if the idea is closed. Henry suggests they went to the shops, the prices is no longer there. Henry and Julia are waiting to meet at the end of their favourite restaurant."
13728300,Olivia is angry with her account and she's not sure whether she can get any for the last minute. Jake will put the music on their own account. Jake won't be able to record the music so she thinks she's not.
13810177,Emily feels bad about breaking the green cup of her coffee. She's not sure if she wants to wash a cup of the green tea.
13730403,Tom and Camilla decide to go to Dublin this weekend.
13681886,Stella was at a movie and Sandra is going to the cinema. Sandra will take Stella to see a movie.
13728819,"Harley's divorce is a divorce. They have to take the divorce soon. The husband paid Harley a divorce, which is taking her a divorce soon."
13611458-1,Ken is having a lot of work at the weekend. He is working at home and working on Sunday night. Ken and Ang are going to see the grandparents on Sunday.
13730606,Julitus and Julius are going to the derby United today.
13682266,Dexter and Dexter have been talking to her. Dexisyn and Dexynyn have been talking to her.
13821126,"Jason was absent, so he had a dental appointment today."
13829710,Don and Cindy are meeting today. They'll take the hotel room and the management room. The management will take both the hotel and they will take both the tickets.
13821325,"Samuel forgot the place to Laos, and Jack are in Laos. The owner ordered a joint for Laos, which is no rooty."
13612147,Mike wants to go for holiday for holiday.
13680480,Jasmine likes a new song by Charlie Puth. Paola also likes Galway Girl.
13729455,Shaz will pop in the salon on Sunday. Sharon needs to pop it out on Sunday.
13863226,Pete will be home in 20 minutes.
13728535,Laura will check the mess with Laura.
13862347,Jill has to do 30-4 hours per day.
13728698-1,"Amelia, James and James are having a meeting with their art exhibition tomorrow. Mia doesn't know Amelia's art, but she refuses to go to the cinema. James invites Mia and Amelia to meet her at the cinema."
13819478,Mariana and Maita are going to the seminar for their next class class. They are ready to have their texts for them.
13731344,Ostna bought a parking and got her money in the garage. It costs in the garage. It's possible for 2 years. Now the prices are expensive for the garage.
13681335,Hia is on the subway. Julia will pick Hia up the subway when she is hungry. Hia will order the train for her.
13811388,Gavin is annoyed with Kaylee.
13729695,Lara and Marika are coming today.
13729076,Mazie is drinking a drink with her friends and she is probably drinking this day.
13810336,Zrinary baked the flat with Zach. Zach wants Zach to clean the flat and help him clean.
13681084,Joseph has a job interview at a job. He's tired with his second job.
13680347,Sue will let Sarah know how to do time a lady's day off the weekend.
13716807,Brett is playing game games. John and Brett are playing a game game. They play a game game. They play about the game and then they play games.
13682221,Rael is not satisfied with his job as he's not sure about it. Rael wants to find a new job so she can offer to find another job.
13729178,Jill had a date with her date on rollero. Her date was nice. Susan and Jill went to a restaurant andpped it up.
13681075,"Joe, Pete and Pete are going to watch The Deadpool 2 on the Boys together."
13862519,Eu and Dom are talking about tiktok. Dom is curious with it.
13716982,Hugh sends Julia a photo of his son.
13717309,"Jacobie, Anthony and Anthony are planning a trip to celebrate by the weather."
13729802,Lori is on a traffic jam in Prudy for a meeting. Maria is supposed to meet her in Prudential. Lori will be there in 5 minutes.
13829029,Jay is a psychologist. Marta and Marta are gossip about town in town.
13821323,"Telly, Matt and Telly are going to see a party. They are not invited to the New Year's party."
13864448,Patty has a new driver.
13681047,Bill has a new peeling peeling.
13821669,Ryan spent Christmas with Ann and his family in Manchester. Chris is spending a lot of them. Chris is in Manchester with Ann.
13862513,Bruce is raising money for 5000 dollars.
13809909,Liam will pick up Liam and they are late. They will be late.
13829083,"Kate and Chris have a fight with English children. They are arguing on the US that they don't like the situation, or rather in touch. Kate is not sure of that."
13830135,Mark and Meline went on skates with Mark.
13611567,Sarah and Sarah are going to spend the tickets together. Lia bought flight tickets. They will go with them later. Lia will see her family.
13731477,Gene has received a package on Friday. Jack will check it by Jack.
13829744,The meeting starts at Makanda's meeting was postponed. Stephanie has to cancel her up so she cancels her up all day.
13818932,"Clara, Blara and Jenny will meet at the fact of a platform of a platform. They will wait for a platform."
13612134,Charlotte will join Raymond and pizza.
13682409,"Zway and Zway have seen the new Jersey Jersey series. Dwayan likes the new one, like the serious one, Duffa has been doing. Sean and Zinny are considering the new one, Zuffa has been doing some serious for them."
13729103,Chris is standing in the same time and will not be able to send Chris a letter to Chris.
13864578,"Ella went to the new club last weekend. She didn't. Ella had a new club at the new club, which Ella was empty. She was also at the new club. Ella and Ella think it's too."
13818716,"Molly, Peter and Peter are going to Sweden for a week. They are going to spend the tickets for the whole month."
13814235,Frank will come with his friends to the weekend.
13728495,Mair and Mel are going to the pub this week. Adam will take Xand Xand Xander to bring them a bit of them. Meland Xander are going to the party tomorrow.
13864890,Ray and Ethan will meet up after 8 pm tonight. Ethan was there a lot of time.
13813695,Frann is going to a dance class. She can't come to her in a week class class.
13730094,Pam lost her phone and has lost it. Pam will look for a $one to the store on the counter to the store.
13820513,Rodney got mugged. Rodney and Ross are in campus for a robbery.
13611884-1,Deborah and Deborah are going to the forest tomorrow. Lucy will take the kids to the forest after work. Lucy and Hannah will have a lunch together.
13717092,"Alexander, Casper and Cas are going to the lecture tomorrow. Casper is going to see a lecture with Linda and David tomorrow. They will meet in the university."
13682134,Javier has had a tattoo tattoo. She will go to Warsaw if she gets one in Warsaw.
13821554,Jessica and Michael will be at the hotel on 15th of August.
13865301,"Marsha, Marsha and Marsha are going on a trip in a week. They will spend the hotel in the morning. The place they found a place place."
13680993,Crienrien is in London. She saw it this more better than he got from Jathian's. Adrienrien asked her about it.
13680387,"Joanna's dress stained the dress. Joanna gives her to go to the c-do store. Joanna has to wait for her today and to go to the hairder. Joanna has to wait 3 hours of herself, so she'll take it out of her hair."
13611460,Charlie is upset with Charlie tonight. He wants to have a pizza with Charlie.
13821356,"Kris is sick and it's cold outside the cold. It's cold outside the cold. Jason, the clinic is sick and saves it."
13820776,Lora got lost 10 dollars and has lost 10 dollars. She will call it.
13611799,Paula is going to the office tomorrow. Paula has to forget the paper from Friday.
13682118,Ben and Ben will have pizza at Marco's at Marco's.
13680286,Terence took a stolen from Terry's bank. He took a fake link but didn't find it.
13817847,Lucy will throw the garbage out of Lucy's request.
13682419,Villy and Villy are going to lend a car. They will lend it one day for a day.
13680227,Lindsey has just finished her name. She's looking for a beer for her next class. The attendance was written in the attendance.
13729399,Jason and Lucy are going to play a movie this weekend. The movie is already underway. The script is on the weekend and Lucy is away. The script is away and decides to be staying.
13730145,"Jared wants to ask Michelle out, but Jaredle is not sure if they will ask her out."
13821588,Dodson and Dodson are going to the spa for winter in winter. They will stay at a hotel for winter.
13730678,Alex and Zayna are going to meet at 8 pm tonight.
13828477,Grace is considering a party and is looking at a party. Audrey thinks she will apply for the party.
13828779,Monica sends Monica a recipe for the cheesecake she sent to her.
13816998,Jixie will send Jason Ethan's phone number as she's in a minute.
13727927,"Amanda loves the show ""Cincentle"" and Amanda finds it funny."
13729972,Bob bought a game and he doesn't understand it. Bob has to think of money.
13731184,Rid and Sidney are talking about the new nail slipper.
13682287,"Mike and Pat are discussing Chicago and they do not want to talk to the ball of football and see each other, but they still want to have it again."
13728432,Nate is going to the first day and let the registration list to the room everyone are already full.
13680404,Enrique has just finished his collection. Enrique is fond of picking them the class. Enrique wants to bring him the next time.
13828584,Zo and Thomas are in the summit on Sunday. They are meeting on Sunday.
13819068,"Trinny, Susan and Trinny are meeting at 6."
13611680,Emma and Daniel are going to Amiensi tomorrow. Daniel will join Amien at 9 am.m.
13716638,Breian is looking for a 10% discount discount for Brea. He has a 10% discount discount for Breian.
13828316,Hugh will prepare the pizza and prepare the pizza.
13821420,"Chloe, James and James are planning a conference in San Francisco."
13730635,Jim will get the order of the store he has left last month.
13681093,Rhonda will send Rhonda the email to her email.
13681482,Derek will send a Philippine message from her and will be back in Poland for 8:15. Tommy will call him the project.
13611370,Judy will give Judy and teach his keys to feed on Friday.
13820209,"Lel, Kera and Lona are going to see Aquaman on Thursday. Oa and Kona will pay the tickets."
13715827,"Rob wants to start a new exercise challenge. Rob, Anna, Anna and Greg will start on Saturday."
13829919,"Bynett wants to go to Brenthia's place. Cynthia doesn't want to go to the new bistro restaurant, because Cynthia doesn't want to go there."
13821448,"Loren, Amanda, Will and Will are going to the Ruscany in the train. They will take the visa for their trip. They will take the party at the 19th of the 19th."
13730164,Walker wants to bring a Xbox console. Walker recommends Walker's Xbox.
13821583,Kristian has a bad battle.
13862754,Keith and Adam are worried about the city cafe. Adam has to re-built some articles on the river near the river.
13819277,Ana is going to see Katola and Ana for a film. Ana will see 'Alola' on Saturday. Ana will drop by car. Ana and Ana will meet at 7.
13612154,John is not in the morning reading what he had constipated on his poop. John is not in constipated it.
13716336,"James is afraid of going to Japan in Japan. She is afraid that they can go to Japan, Japan and Mary hopes the future."
13680442,Linda is going to have some plants from her garden. Linda will do some gardening on the compost heap.
13862683,Maren is angry with Drade in the group chat.
13864490,Kate's arm went to the hospital so he broke his arm.
13730432,Charlie and Frank will go out with his uni tonight.
13680737,Bella and Bella will meet at 7:30.30 to go for a walk.
13819108,"Ricky, Jose and Jose are going to Cuba. Jose will spend the money to Cuba."
13730348,Rob will cook dinner after work on Friday.
13828587,Dominise is taking the test from the test tomorrow.
13828022-1,Steph is going to buy copperers for a colour.
13729584,Peter can't talk to Anna's in 20 minutes.
13680826,Jesse's razor is broken.
13865006,Matt has a phone number his phone number. Susan and Susan are mad with it.
13716905,"Yvonne is in Chicago. Lucy, Yvonne, Yvonne and Chine are in Chicago."
13730619,"Jack is making butter. Thomas will buy butter, butter, Thomas on his way."
13681203,Helbie has to take her laptop to work today. Helen will bring her to work.
13815421,Jessica got a new sun for her birthday. She will take a photo of it to look for her birthday.
13828505,Erin lost his job in London. Annie moved to London for it. Annie moved there for 5 years. Annie is still in London. Annie moved to London for a new place.
13716957,"Vicky and Greg are going to meet at a fr.30 pm. Josh can't leave them, because of the booking."
13829569,Kaylin and Kaylin are shocked about Cynlin's hair color.
13729275,"Keira saw a video with Keira. Keira saw it. She's in trouble with her sister. Keira saw Lisa 2, but the other one is in town."
13829296,Natacha will pick up Nat at 5:30 and they will pick him up from the R.
13611442,Helen will call Simon when he was in the toilet paper.
13717198,Tom and Shelly went on a trip to the mountains. Ricky and Ricky had a group of friends in the mountains.
13827924,Lucy and Maggie are going to the party together at Lucy's at 8 pm.
13729525,Rose and Jake are going to buy gifts for Christmas gifts. They will buy gifts for Christmas.
13829179,"Make and Jake are thinking about a new environmental impact. Martha thinks it's cheap and prefers Martha to buy a cheap price for her. Martha thinks it's not that cheap, but cheapness will be less than cheap."
13816842,Albert has finally passed his driving test. He will see it on his 4th test.
13611822,Javi's mother is suffering. She has a knee with her mother. Jaya will call her to the doctor soon.
13717169,Lynn wants to have sex with her so she doesn't want to have sex with her.
13682597,Clice had a flu and is sick.
13729534,Marco left Sara at Marco's party yesterday.
13727579,Mum will prepare a food for Steve.
13681972,Daneh has a back pain. She has a lot of pain. Zariah and Zariah will meet later.
13682397,Hannah is very busy and wants to sleep. James will pick him up on Saturday at 8. James has a very busy evening.
13681605,Rachel and Caron will go for a drink tonight. They will meet at 8.
13730987,"Sara and Victor will meet on Saturday, but Victor is busy."
13810073,Mike and Dave think Wendy is prettier. Dave has been to hit her. Dave is busy because of Jerry. Dave has an angel.
13727934,Patricia will talk in an hour and let her a call.
13716072,Mario landed in Malta and was flying out of the airport. Mario is now in Luxembourg now.
13863131,Lena and Brian have a homework. They will meet with their professor tomorrow at the beginning of their professor.
13820610-1,"Elvina went to the theatre with the theatre. She has a lot of actors at the theatre. The theatre is cool, but the theatre are cool. Avery is cool."
13681241,Jair is still busy and will join Callair.
13730001,Jacob is on his way to stop. Jacob will be there soon.
13681603,Ella has a little story with Chuck but she didn't kill it. Molly was scared that she told Molly about it.
13681503,"Sally, Rita and Rita are excited about the new song of Florence and Florence."
13829636,Gloria made a mess and she should need to cook. She will also send it a lot of saella kormies.
13820577,Hess found a photo of a kitten and a kitten in cat. Tenny and Tenny think it's cute.
13821443,Peter and Peter are worried about Brexit in 2019. Peter thinks the economy will be better than Brexit. Peter and Peter think the EU will be better than Brexit. Peter and Peter think the EU will be better than Brexit.
13814648,Alexa will tell Ethan that she wants to sed her up with Ethan. She is very jealous.
13682447,Ann and Meg will meet at school at 7.
13716170,"Lorenna can't come to the party tomorrow, because she has to take a party with Emma and is resting."
13819822,"Adam has a crush for the weekend's boyfriend, he is upset with Katia and Gia."
13681714,Timuel is writing a lot of himself in India and Tim. Tim and Tim are talking about it.
13728433,"Pete has sent a pearcent, but needs to get some pearcent. Jen will get some pear pear on it."
13820579,Eve and Nicole are meeting at the entrance. Nicole wants to find a guy.
13682408,Jenie is looking for a dolphin. Sophie wants to know how the animals is Dione. Sophie does not know how to do that one of the animals is a fox. Sophie will bring the fox of the fox.
13727624,Scarlett is sending her RGS program to her RGS.
13731506,Christie and Katie are tired after the party.
13731254,Sam and Sam are meeting tomorrow. They are going to meet up at 2.
13728818,Lily needs to rent a pop machine for Daniel. Daniel and Daniel will check it together.
13817335,Sara is on a meeting and she needs to buy Lilly Lilly and Stephen for their wedding. They will check for a list somewhere.
13862283,"Matt's first time, but it's not running properly today. Chris will have a different run on his work to drive home."
13828550,"Dan and Dan watched the second season of ""Prunned"" and ""Dars""."
13829902,Hilary and Hilary will go to the mall to buy some yogurt. They will have some ice shoes on the mall tomorrow.
13828281,Jacob and Alex are going to meet next week. There's a lot of them are no formal fashion for them.
13681989,Joana and Joana will play Dixix games.
13819472,Jenny and Joan are going to the concert on Saturday. Joan suggests going to join them.
13811792,Matt and Matt are having a practice today.
13813083,George is coming to meet with George.
13862593,Steve bought new album with Rob. Rob has just seen it yet.
13611749,Martin and Martin will buy two milk for Alex and he's going to buy two milk.
13728321-1,Jeremel wants Hremel to text her sister.
13731258,Joy sends Joy the link to Joy.
13814886,Josh was at New Year's Eve party. Josh had fun on his place.
13681871,Sue is going to be late.
13682100,"Shari, Shari and Shari are discussing the democratory system for the system. The candidate has been elected for the system and voted for the system. Shari suggests Shari should vote for the system, but there's no more than the system of the country."
13681102,Lydia added a Facebook account with Lydia and she's annoyed about her profile. She is trying to talk to him about the same company and Lydia.
13729197,Kelsey got a new job. Kel and Kel congratulate about a new job.
13680968,Sarah cancels his family schedule this week. Boris will come to his family on Wednesday after the next week.
13680767,Blair and Chuck are meeting at the wedding at Nonna's place. They are meeting up at work.
13827932,Alan sent Alan an email.
13730560,Oscar and Olivne are going to meet for coffee at Trist's in 15 minutes.
13682578,Frank and Hope love each other.
13682475,Luke painted a picture of the parrot. Gina needs to send the PDF.
13680955,"Steve and Steve will meet at the car after dinner. Steve is leaving a lot of work, Steve will be home after work."
13729118,"Henrietta sent the video video to the US Trump, the president is pissed off. Rudi and Hermri are angry about the US."
13730685,Cole is in his roommate. He wants to text his roommate.
13728122,Daniel passed his driving test. He will be proud for Kate's license.
13716405,Andrew is sending his meeting with Andrew Anderson at the office.
13681171,Rosie is worried about the positive today.
13682188,Veronica needs French French.
13817819,Emily is waiting for her doctor. She's going to see a nun.
13819721,Lisa and Sarah are going to have a Aquarium for her son. Lisa will call Lisa later.
13730570,Mario is out of kFC from kFC. He wants him to pay him to pay his fries.
13828334,"Inga's Eve gave Claus a parcel of Santa this morning. Inga's place, Santa got home last night. In the afternoon, Santa will be home in. In Santa's place, Santa and Santa will be home in the afternoon."
13864673,"Mason, Damian and Damian are watching the team play."
13730771,"Jay is in Kenya. He wants to buy tickets for Pau and Paulette, Jay and Jay. Joe will be in touch for the event."
13728528,Samantha is feeling well after drinking too much night. Robantha drank too much and did not feel bad. Samantha took a bit with her.
13680873,Adam has been traveling to a foreign country in Egypt. He has never been traveling for a few hours. Adam has never been to Egypt for a few hours.
13810096,Renee advises Gino on his outfit. Renee is worried that Gino would look like a waiter.
13730077,James will be there at 6:15.
13828328,Caleb sent Ela a photo of Maya as a school.
13730593,Javier reminds Marco that the attendance form of the attendance form.
13611413,Josh and Josh are going to the movies together at 7.30.
13728290,Yaz is going to Manchester for a half-up and she's seeing a guy. Taz is worried about her.
13727811,Anna feels bad. Anna feels better.
13862791,Rob shares on a game. He will start on one with his friends about the Bulls site.
13611616,Sergio prepared a speech for Ulrich's wedding and he's afraid of giving him a speech. He will talk to the speech about it.
13821034,Kate and Kate are stressed with the business trip. They are stressed and stressed because the boss doesn't want to go on meeting.
13862536,Robert is looking for a coffee. He will be at 3 pm. Gabriel is meeting Robert's old friends.
13828451,"Susan's day at work, she's going to pick her mother up. Susan needs to pick her up at the office. Susan will pick her mother up at 4:30."
13717358,Noah and Ethan are going to see the Solfafaf on 21.
13828297,Marry is leaving as a present for Rita's and is leaving her. Rita will go to Italy in about 45 minutes.
13717250,Lucatan is free now. He will meet for Lucas in the evening.
13828274,Tandra and Zandra are going to have a birthday party tomorrow. They need to take care of the children and the kids are going to drive at Tricia's birthday.
13716518,Sarah forgot to text Laura and Laura.
13728954,Dave is nervous because he is going on a 10 minutes. Dave and Adam hope he's nervous about it.
13680247,Lena will be home in 15 minutes. She will call Paul in 15 minutes.
13865102,Nigandel and Bob went to the concert last night.
13864950,Julley sent Bradley a picture of an animal at the Greenison.
13729704,Ewan graduated graduated because of his nephew's nephew graduated.
13865120,Daniel is packing in their trip. He's going to bring their friends on the form to Bosnia.
13681594,Ross and Chand Chandler will go out tonight. Chandler will text Karaoke and some of Karaoke.
13611426,Poppy and Poppy are going to a party.
13730553,Brook will come to Gyle's place on his way home.
13865144,"Kate, Regena and Regena were talking to the presentation. Regena and Regena will have a good talk."
13819831,Sean will come over to Sean's and bring the dog.
13729409,Kyle is leaving the club tonight. She's leaving the pub. Kyle is working at school. Kyle is working at school. Kyle will ask his cousin to stop school. Kyle is working at school. Kyle is working late tonight.
13682461-1,Dick is going to buy a room in an apartment he wants to be found by his landlord. Frank is going to help Frank in about 15 minutes.
13611836,Mia and Mia are going to meet at 9 pm.
13829607,Lilly and Lilly will go out for a woman tonight. Lilly will let Lilly know if she can go out with a woman.
13728118,James has texted James. He's angry at the team.
13863014,Priscilla needs to download a new Linux but she was in trouble with the app of Open. Stilla convinced her to make sure the app was stupid.
13828110,Rita will ask Helen to check Salvage repairs for Helen.
13680401,Ginger wants Gylis to come some sugar as she's baking.
13731424,Robert and Robert will meet at 9. Anthony will take a beer for their kids.
13729106-1,Jate has found a job at work. He will call it when she gets bored.
13863084,Jake has just pulled a new game this year. He's going to buy a game. Tom is excited about it.
13830127,Victoria is running her laptop this weekend. Victoria will meet Victoria and bring her the windows to the windows.
13681429,Cass has given the tank number. He will get her a football one. Cass will get the money from Cass.
13681520,Jane's going to take some file with Alex. They will be 10 minutes late. Alex is waiting for Alex's request with Alex.
13731240,Ken is depressed because of the bad mood and stressed she is working. Ellen is worried that they are stressed and stressed.
13829372,Deana found a nice sunglasses from the car. She saw them in the car.
13729918,Alice's dad is coming for a month. Kim and Alice will meet on Friday after 8:30 pm.
13716782,"Jessica is in Italy, because Mickey has some food in Plullano in which has been given by."
13728821,Maria and Spcercer are excited about getting new job. They work at a cafe next year. They both earns money in the cafe next month.
13829842,"Tim will organize some board-fi Rodenos"" with Tim. He is planning to play games games."
13821023,"Richard, Anne and Anne will meet on a project at 8 pm on their project. They will meet at Starbucks around 8pm."
13730896,Gurdun is feeling better after a week. Russun and Russun will meet tomorrow at the weekend. They will talk to the team after the team.
13820473,Leo and Charlie like the video they like is weird. Leo likes the video.
13829374,Mummy and Mike are sharing their friends. They are celebrating Christmas.
13681619,Samara and JP will go to work.
13611491,Michael can't leave the office as he has to leave work before 8 pm.
13810230,Dan will buy a sandwich for Dan.
13729996,Simon and Charlie are discussing their way of the Poland in Poland. Charlie hopes that the idea about the country of the country. They are thinking about how to move the country.
13815087,Tilly's parents got home and she's going to detention for 4 minutes.
13612019,"Glor has a problem with her sister, who is taking care of food. Gloria will do it with them. Gloria's sister, Meg and Gloria are meeting on Saturday. Gloria's sister, they will go to college on Saturday."
13731495,Whitney and Hailey will meet at the Eofa cinema to see Aqua and Whitney as their girlfriendfriends are available. Whitney will be free time of the day.
13821847,George's wife is cooking for Christmas. Jenny will help him with his wife.
13829367,Hincoln had a new toilet and wants to fix a new one. He will probably buy a new one.
13828762,Katherine is going to be at 11 am. She will bring her dad a text.
13817550,Lorena can help with Martinna today. Lorena can't come because she has a new desk.
13729140,Everett gave him his phone number. Amy gives him the number of Ralph. Amy gives him the number to Ralph.
13829783,Diane has to work tonight. She will work 2 hours after work.
13716595,They joke about sex. Edney is going to see a sinful endece sex.
13863098,"Cristina, Gaya and Gaya are having a meeting next week. They will meet at the studio next Wednesday."
13819045,Matt and Matt are going to see the tickets in Poland. They will go to Warsaw next July.
13819958,"Dan, Sara, Ashley and Sara are going to eat the BBQ."
13611946,Harper and Camila will order Ugly Up for dinner at the evening. They will order Ugly wine for dinner at the evening.
13865481,Peter and Harry have a heavy accident. Peter will be late for Harry. Peter and Harry have a Uber.
13728157,Wan will pick up his Samsung S8 phone.
13828502,Jake sends Mike a picture of london and Mike to london.
13681191,Andrea can't come to work today because his son is sick.
13682380,Phil is home in the shop and will be home in an hour for Nancy. He will make an apple pie for Nancy.
13813401,Bryan will send a payment for his manager tonight.
13611734,Richie has scored his first score. He's first man scored next to a football.
13727920,"Sybille is looking for the flight he needs to Paris his son on the 5th journey. The flight is delayed and she had a new flight number. If Flbille can't return the plane from Moscow, so she has to go to Paris with flight."
13864476,"Lara, Harriet and Harriet have to book the flight today."
13731446,Hans and Hade will go to the practice.
13717307,"Ola, Ola and Oula are planning to get her a birthday or a book for her sister. Oula will buy her phone number and some cosmetics and inconces."
13864836,Georgia likes the pictures that she looks great. Roxana likes it.
13681870,Miley doesn't want to go to work tomorrow as she's tired.
13817081,Greg will pick up Nina and go for a business trip to work at his place in Brina's place.
13681521,Amal and Amal like Amalonce's amazing song.
13731261,"Alec and Alexc will watch the last season. Alexcc hasn't seen the candidates, but she's not sure if she's not."
13727739,John has received the rent from his bank and John didn't have the money to give it back to his bank. John will check the rent tomorrow.
13728825,James is busy and wants to work.
13730473,Lillian's mum is at Helen's place.
13814020,Freddy and Simon are going to sing a concert in music. Freddy will send Simon back the music.
13829508,Wayne and Wayne went to the station. Tommy will pick up the bus and get home from the weekend. Tommy will send Wayne photos of the weekend.
13809978,Tobias and Trevor are meeting for a beer at 9.
13829183,Autumn has shown up the dress for her and hasn't seen anything yet. They will show one photos of the dress.
13828929,Henny and Frances enjoyed the farm. They enjoyed the farm and the farm house. Nothing is wonderful. Nothing is the best place in 2019.
13727581,Paula and Paula are happy with the game they are playing bad at 6.
13728981,Bethany is trying to become an ad-time job for the job. Beth suggests that the offer is 20% per day per day.
13863081,Jackie's sister has a little sister. A few years ago she's pregnant. Casrana's sister is pregnant and has a baby.
13821497,Sean and Joseph are going to the lecture tomorrow morning. Joseph and Joseph have to sleep on the lecture.
13810494,"Anna has a bad stomachache. Anna has a headache, and the milk is going to the doctor. Anna will get some tea and then Anna will get some tea with them."
13728942,Dolphler and Ziggler are going to bring his passport tomorrow.
13864860,"Kate and Kate are in the reception with a cake. They went to the reception next to the reception, Kate made a cake with a cake."
13731138,Larry and Kirsten are trying to find a salatory for the first time.
13727549,Lesley's dog is home. Chloe will come over to see Chloe's dog tonight. Chloe is going to see Megan out tonight.
13821299,Jatalie is at the room. Tobias is not there.
13829232,Rob is at work. Rob is going to talk to him tomorrow morning. He will see Rob in his office tomorrow.
13827939,Martin is frustrated about being too busy at the end of a girl. Martin wants to know if she wants to break up with her. Martin is very jealous and she will let Martin know if she wants to break up.
13862717,Mike woke up with what he woke up with his.
13729811,David wants to get a new tattoo. David will get one of his back.
13864470,William will buy spappy sphetti for dinner.
13728767-1,Karen is leaving for the company. Peter is going to finish it without a business trip. Karen is going to finish it. Peter is going to finish it after 6.30. Karen is considering the repairs yesterday.
13730566,Nick needs to watch an internet connection because Nick doesn't have any internet service. Nick will let Matt know when the app is on the application.
13715917,The match of the calendar is next week. Gabriel and Gabriel will go to a match next week.
13864469,"Mia, Jennifer, Jennifer and Peter are upset with the current election."
13716120,Madison found a offer for cheap offer.
13810877,Tina is frustrated with her partner. Tina works at Patrick's place. They have been living on Facebook and has problems with people. Tina will find a guy on Facebook.
13729618,Winnie will visit her leg and his leg. Fred will visit Ninnie and Daddy soon.
13717117,"Mark, Mark and Phil will go to see ""The new ""Bat""."
13731166,Andy has a problem with the apartment and it's very cold. Betty will probably buy the spare to the dining room if it comes to the bedroom. Betty will probably buy the spare to cover the spare and keep the spare.
13682349,Gina locked the door.
13829456,Claire and Jo are planning to meet up to a conference. Joon is planning to go there.
13682321,Kate wants to sell a flat. Rob and Rob are looking for a baby to sell his flat.
13813019,All Ethan talked to Ethan about the function. Evan will try to make sure he talks to Ethan about it.
13682062,"Charlie and Daisy are flying to Italy. Daisy is flying to Italy. Daisy is on a ferry to Italy. Daisy is still in Italy, which he will be at 1-5. Charlie and Daisy will be flying to Italy. Daisy is staying in the US of January."
13811899,Adele is going to listen to Ade's new album library.
13862364,Iaddie has a girl. Maddie met Claire all and doesn't know what happened. Maddie wants to ask her about 1 years ago.
13814079,"Violet is in the suburbs salon. Violet went to a bling salon. Violet went to a bling salon with the hairder, which she was bleeding. Violet was bleeding and he was bleeding."
13862650,Suzy will come to Linda on Instagram.
13716625,John and John need to find a draft for a current league. John suggests that Rribar for a recent game. John suggests that Rrib might have changed the contract for next year.
13819925,Lisa's mum had a diet. Lisa's mother was told her about it.
13716592,"Carrie enjoyed the movie with Carrie. Gina thinks she's better, but she's not sure about her."
13730597,Amelia's favourite colour and is wondering if she's going to get a surprise.
13864432,Mary lives in Southampton.
13716726,Sid's teacher got fired out of school and has to be fired out of school. He has to get fired.
13730711,Alexro likes the Supermanman.
13862372,Marek found a piece of the shopping mall on the mall mall mall. Marek saw it on the same mall and his sister's sister.
13730521,Mark and Mark are going to the river tonight. Mark will get some drinks with Mark.
13680903,"Bart didn't come to school because he was studying for his exam. Adrian spent a semester final semester, but he ended up looking for a bad semester. Adrian is going to play up for the economy."
13864638,Margot didn't buy Nancy's birthday.
13810193,Lindsay and Finlay enjoyed Elliot's birthday party. Amelia has a great time to say it was amazing.
13864511,Jennifer and Jack will watch the latest movie tonight.
13611729,"Sean feels a tortoise, but he feels she has a tortoise."
13680316,Mary is in a baby. Susie's baby is fine.
13728213,Patti has a cat. Greg will pick up the cat after work.
13731296,Kate will buy apples and a tanger for Kate tomorrow.
13728117,Lia is interested in buying earphones. She wants to collect one from the company. Lia will collect one in the process and collect the price. Lia can't be able to collect any more expensive.
13864699,"Meghan has a red dress with a red dressstick. Mary, Meg and Meghan will wear red."
13810210,Emily will bring her blue handbag for Kate tomorrow. Kate needs it for Monica's wedding tomorrow.
13830046,Monica will come to Monica's office in 2nd floor.
13730138,Nathan will probably go to the spring in winter. Nathan has a stationary bike. Nathan will keep it in the hallway for the wall.
13731177,Parker and Jason have waited for the latest episode. The one they need to be released to the DC 7. Jason is surprised by the latest 7.
13728101,Michael is in London. He's on the UK that he's not much tired. He's in London for 3 weeks. Kai is considering to quit the holidays. Kai is considering his manager. Kai is in London he will take care of his manager.
13810006,Jacob will pick up the fruits from Carol's garden on Wednesday at 6 pm.
13730484,Molly is crazy and can't stop with Luca anymore.
13682340,Janette is going to tell her that she needs a mice.
13809965,Lawison will be back with Lawrence tonight.
13731361,Ronald is having a fight with Julia in the weekend. Ronald has a fight with a giraffe in Skaffles and is having a fight.
13682217,Agata's colleague has become a new job and likes her job. He likes Spanish on Facebook but he is not sure of it.
13727573-1,Luzandro and Alej are meeting up for two weeks. They will meet up in December 4th of December.
13731055,Sam started the league League in 2018 an year and he's already started watching a league league.
13828119,Damian will buy a kebab for Ethan. Ethan is hungry.
13863035,Adam will arrive at Hannah's place in about an hour.
13729445,Matthew has a cold. He's going to drink orange juice. Matthew has a cold.
13611880,Kyle will take Harry's car to get him to the mechanic. Kyle is angry at a mechanic but he has to drive him a mechanic.
13828456,"Bailey's closet is too small and she has to buy a box of fabric. She has to buy a few boxes of 4 boxes, too, too many of the old one, too far."
13681174,Susan was in the beach. Her weekend was wonderful. Susan came back from the beach and Susan came back on Friday evening. Susan and Susan haven't had time together. Susan will send her some photos.
13727810,Ova is leaving with a party. Eva will drop Olivia tomorrow. Eva will leave Olivia and bring a bottle of milk.
13814606,Jack will wait for Laura.
13716413,Melissa had a fight with a girl at the feminism. She was not impressed by her friend.
13681516,Zoe is sending Frank a video.
13680521,Josie likes Fendie's opinion by Ursf's opinion and finds it very expensive.
13731077,Evan needs to cancel his lesson tomorrow because he has to cancel his class. Evan will tell him about it tomorrow.
13716564,"Amanda, Amanda and Amanda are going to the city at 9 pm.m.m. They will go to a a free park and Amanda will join her."
13727763,Mickey and Mickey think the name of an article they were studying. They are considering medical problems and the commercial may be called.
13862356,Dave has a lot of statistics from Dave's statistics. Dave has to write them.
13727705,Mark is going to meet Mark and he needs to miss his character. Mark can't come because he's ill.
13829478,Sandy and Joy will be going on Friday evening at 11 am. Joy is going to be on the run. Joy will be late for dinner.
13681362,Val and Val will wait for a meeting with Val.
13727716,Susie is looking for her shower. He will look for a shower from Poland.
13864453,Kyle and Mary are planning to call before 10 minutes.
13730863,Taylor and Harry are going to a party tomorrow. They have to be at 8 pm.
13821078,Tierra hasn't received the grant yet. He's been broke in the bank. Tomas will lend him the grant.
13681055,Cam and Charles are going to the Manchester this weekend. Charles will join him.
13865057,Zamela has not been a member for the RGS grant. Pamela and Pamela think it's not the idea.
13862663,Colin has scored a lot of him. Ava is worried about the pengin.
13819324,Vrsula got a 65%.
13809894,"There was an emergency at school today. Three engines and ambulance came, but it was a drill."
13717011,"Janet, Monica and Janet are planning to go to the mountains together. They will come to Janet's place at 8 pm. Janet will come to the mountains and Monica wants to meet at the mountains."
13811786,Lee is not sure what he should buy the better client's e-order. He bought a secure as well and a gift for him to buy a gift of his account. Lee can't buy the merchandise as he has only be sold.
13680782,Boris's going to bring the clothes. It should be home now.
13819440,"Barry, Dave and Dave are going to meet in the campus at noon. Jake is going to join them."
13729761,John and John will meet at Diana's birthday present for Diana's birthday present. They will meet at 5 pm on the same place.
13828346,Adam got a new cat. Rachel is taking care of it. Rachel is not a new name. Rachel will get the medication to keep it.
13717034,"Matthew, Kristina, Mark and Matthew are going to a party. They will have a party at Mark's house."
13811563-1,Russel is buying a nice present for Diana and Diana. They are buying it for it.
13819343,"Penny talked to Penny, but she talked to her. Neil is worried about it."
13829066,Rachel and Rachel will meet at 4 to the museum. They will meet at the museum.
13716506,Tom is in town. Jack is not in town.
13611791,Elena and Ellena are celebrating a party today. They are going to meet for a party on Saturday.
13729306,Jules and Jules are going to a class tomorrow.
13680305,Jane is sick and can't come to help Jane with A. Jane is sick.
13862438,Felipe and Felipe are discussing the gym and they don't feel well.
13818744,Amka is going to London for Halloween. Mick is going to London with his grandma. Amka and Amka don't have a lot of Polish people. Amka is planning to go to a pub on Halloween. Amka and Amka don't have a lot of his grandparents.
13728397,Jessie and Jessie like the kindergarten at kindergarten.
13810165,Cael hasn't seen the dress yet.
13829523,Fiona and Fiona are very excited about their son's concert. Fiona suggests her to go back home and tell her about it.
13865093,Tim thinks that the political situation is very important for the elections. John and Ally think it's very good for the situation.
13729313,Margaret and Margaret will meet on 11th at 11:30. They will let Eva know if they can come together with her.
13863052,Bradley and Bradley will meet at work.
13731481,Pete has a problem interview. He's retired.
13820639,"Iris, Gerardo, Luke and Geri are going to fix their group to fix the group of the group. The group of the month is cancelled. The group cost of the month."
13829254,Ola will be free by 8.
13829695,Conny has to write a paper for Fitz's paper. She will write it next week.
13862900,Archie has sent Louis and Louis a photo of Melanie.
13681891,Carly told Cindy that she was very stupid to her.
13680391,Kirsten and Alex are going to a bowling group on Friday. They will meet at 7 p.m.
13611832,Sam doesn't want to talk to Sam and Cathy.
13716404,"Jess had a dream with a lion who was scary, but he was often dreaming about it. Charlie wants to change a lion when she saw a lion in this summer."
13864430,Charles and Karen are complaining about having a lactig. Karen has been gluten and has an easy to change it. She started eating it. Charles and Karen think it's an uncomplant. Charles should change it.
13865430,"Peter, Ursia and Julia have checked the course page page."
13731338,Ralph tells Andrew to take a sip of water.
13865445,Linda missed the next train in one hour.
13611508,Martha and Opailia are so they like to check if they are available. Martha will check if they are available and they can buy them.
13730310,Linda is buying flowers for mom. She wants to buy flowers for her.
13680539,Tim is running late. Gary will be late.
13865367,Mark will pick up Marcus from Sydney at 3.30. Marcus and Anna will pick up the airport at the airport.
13681441,Joanna has a very busy time at work. She's working there on the main case of December and the whole one of December. The whole month are going to be hospitalized by 19th of December. The whole month of December she has been sick.
13809941,The dress dress is too expensive. She wants to bring Louise to wear velvet.
13728877,Joseph and Joseph are going to the opera.
13729234,Carl is waiting for Meg. Meg is waiting for her.
13612216,Ben is checking out with Kim and wants to meet with a video tonight.
13716653,Jack is informing Oliver about Stan Lee and Stanley being informing him the condition of Stan Lee.
13865170,Maria and Felasia are tired about the job.
13715861,"Eva, Eli and Elijah are going to an event with Ryan. The flight is cancelled."
13829438,Rachel's aunt had an accident and is in hospital. Rachel will give him a hospital for Rachel.
13810151,Monica is pregnant. Ross is pregnant. Ross is pregnant. Ross is pregnant. Ross is pregnant. Ross is pregnant.
13821357,Luke got the head of the shore today. Eric got a concussion from heights club. Eric will be back tomorrow to see Luke.
13611902-1,Benjamin's mum was sick. Benjamin will not come to the game on Friday at 5:30 with the game.
13820989,"Jamilla, Yyo and Yyo are surprised that the station of Atena's station at 7.m."
13717193,Agnka sent a funny message from the gallery she sent from her.
13829115,Cora and Ellie watched James Charles's online. They are surprised in a media.
13818810,"Rachel, Janice and Janice are discussing the new film of Time. Janice has seen it too."
